requirement_id,domain,normalized_requirement,requirement_kind,stage1_status,source_tier,source_file,source_section,source_requirement_ids,decision_id,release_priority,target_master_stage,architecture_ref,db_ref,api_ref,implementation_ref,test_ref,notes
PRD-PRINC-001,Product purpose,Corporate system records and develops real employee AI use; Tamagotchi is an engagement layer rather than the core business object.,MVP_REQUIRED,RESOLVED_FROM_SOURCE,4,TZ_AI_Tamagotchi_v1.0 (1).docx,§1,,,P0,7/8/15,04_ARCHITECTURE/ARCHITECTURE_FINAL.md; 17_IMPLEMENTATION/WORK_PACKAGE_CATALOG.csv#WP01,N/A — no direct persistence contract,06_API/openapi_final_v1.yaml,17_IMPLEMENTATION/IMPLEMENTATION_BACKLOG.csv#IMP-001,REQT-PRD-PRINC-001,Stage19/21 current trace rebuilt from Feature Matrix + backlog + QA; external gate=NONE
PRD-PRINC-002,Product purpose,Employees can describe completed AI use cases in free text or voice; the system structures the data.,MVP_REQUIRED,RESOLVED_FROM_SOURCE,4,TZ_AI_Tamagotchi_v1.0 (1).docx,§1.1,,,P0,7/8/15,04_ARCHITECTURE/ARCHITECTURE_FINAL.md; 17_IMPLEMENTATION/WORK_PACKAGE_CATALOG.csv#WP01,N/A — no direct persistence contract,06_API/openapi_final_v1.yaml,17_IMPLEMENTATION/IMPLEMENTATION_BACKLOG.csv#IMP-002,REQT-PRD-PRINC-002,Stage19/21 current trace rebuilt from Feature Matrix + backlog + QA; external gate=NONE
PRD-PRINC-003,Product purpose,"Engagement mechanics include HP, streak, evolution, Monthly Goals and ratings to encourage regular real AI practice.",MVP_REQUIRED,RESOLVED_FROM_SOURCE,4,TZ_AI_Tamagotchi_v1.0 (1).docx,§1.1,,,P0,7/8/15,04_ARCHITECTURE/ARCHITECTURE_FINAL.md; 17_IMPLEMENTATION/WORK_PACKAGE_CATALOG.csv#WP01,N/A — no direct persistence contract,06_API/openapi_final_v1.yaml,17_IMPLEMENTATION/IMPLEMENTATION_BACKLOG.csv#IMP-003,REQT-PRD-PRINC-003,Stage19/21 current trace rebuilt from Feature Matrix + backlog + QA; external gate=NONE
PRD-PRINC-004,Product purpose,The scoring concept must not reward sheer volume of trivial prompts; Complexity is the base scoring dimension.,MVP_REQUIRED,RESOLVED_FROM_SOURCE,4,TZ_AI_Tamagotchi_v1.0 (1).docx,§1.1; §7,,,P0,7/8/15,04_ARCHITECTURE/ARCHITECTURE_FINAL.md; 17_IMPLEMENTATION/WORK_PACKAGE_CATALOG.csv#WP01,N/A — no direct persistence contract,06_API/openapi_final_v1.yaml,17_IMPLEMENTATION/IMPLEMENTATION_BACKLOG.csv#IMP-004,REQT-PRD-PRINC-004,Stage19/21 current trace rebuilt from Feature Matrix + backlog + QA; external gate=NONE
PRD-PRINC-005,Product purpose,"The system must maintain an analytical trail across tasks, tools, taxonomy, scoring, goals and activity.",MVP_REQUIRED,RESOLVED_FROM_SOURCE,4,TZ_AI_Tamagotchi_v1.0 (1).docx,§1.1,,,P0,7/8/15,04_ARCHITECTURE/ARCHITECTURE_FINAL.md; 17_IMPLEMENTATION/WORK_PACKAGE_CATALOG.csv#WP01,N/A — no direct persistence contract,06_API/openapi_final_v1.yaml,17_IMPLEMENTATION/IMPLEMENTATION_BACKLOG.csv#IMP-005,REQT-PRD-PRINC-005,Stage19/21 current trace rebuilt from Feature Matrix + backlog + QA; external gate=NONE
PRD-PRINC-006,Product purpose,"Employee, Director, Executive and Admin have distinct information scopes and capabilities.",MVP_REQUIRED,RESOLVED_FROM_SOURCE,4,TZ_AI_Tamagotchi_v1.0 (1).docx,§1.1; §4,,,P0,7/8/15,04_ARCHITECTURE/ARCHITECTURE_FINAL.md; 17_IMPLEMENTATION/WORK_PACKAGE_CATALOG.csv#WP01,N/A — no direct persistence contract,06_API/openapi_final_v1.yaml,17_IMPLEMENTATION/IMPLEMENTATION_BACKLOG.csv#IMP-006,REQT-PRD-PRINC-006,Stage19/21 current trace rebuilt from Feature Matrix + backlog + QA; external gate=NONE
PRD-PRINC-007,AI integrity,AI must not invent facts absent from user input or clarification answers.,MVP_REQUIRED,RESOLVED_FROM_SOURCE,4,TZ_AI_Tamagotchi_v1.0 (1).docx,§2.1,,,P0,7/8/15,04_ARCHITECTURE/ARCHITECTURE_FINAL.md; 17_IMPLEMENTATION/WORK_PACKAGE_CATALOG.csv#WP01,N/A — no direct persistence contract,06_API/openapi_final_v1.yaml,17_IMPLEMENTATION/IMPLEMENTATION_BACKLOG.csv#IMP-007,REQT-PRD-PRINC-007,Stage19/21 current trace rebuilt from Feature Matrix + backlog + QA; external gate=NONE
PRD-PRINC-008,AI integrity,"If uncertainty remains after at most three clarifications, the system trusts the employee statement and continues evaluation.",MVP_REQUIRED,RESOLVED_FROM_SOURCE,4,TZ_AI_Tamagotchi_v1.0 (1).docx,§2.1; §8,,,P0,7/8/15,04_ARCHITECTURE/ARCHITECTURE_FINAL.md; 17_IMPLEMENTATION/WORK_PACKAGE_CATALOG.csv#WP01,N/A — no direct persistence contract,06_API/openapi_final_v1.yaml,17_IMPLEMENTATION/IMPLEMENTATION_BACKLOG.csv#IMP-008,REQT-PRD-PRINC-008,Stage19/21 current trace rebuilt from Feature Matrix + backlog + QA; external gate=NONE
PRD-PRINC-009,Scoring integrity,"Complexity classification is uniform across employees and independent of role, personal experience, recipient status or project prestige.",MVP_REQUIRED,RESOLVED_FROM_SOURCE,4,TZ_AI_Tamagotchi_v1.0 (1).docx,§2.1; §7,,,P0,7/8/15,04_ARCHITECTURE/ARCHITECTURE_FINAL.md; 17_IMPLEMENTATION/WORK_PACKAGE_CATALOG.csv#WP01,N/A — no direct persistence contract,06_API/openapi_final_v1.yaml,17_IMPLEMENTATION/IMPLEMENTATION_BACKLOG.csv#IMP-009,REQT-PRD-PRINC-009,Stage19/21 current trace rebuilt from Feature Matrix + backlog + QA; external gate=NONE
PRD-PRINC-010,Scoring integrity,No role may manually override computed Complexity/Score; change requires task edit and system reprocessing.,MVP_REQUIRED,RESOLVED_FROM_SOURCE,4,TZ_AI_Tamagotchi_v1.0 (1).docx,§2.1; §4; §17,,,P0,7/8/15,04_ARCHITECTURE/ARCHITECTURE_FINAL.md; 17_IMPLEMENTATION/WORK_PACKAGE_CATALOG.csv#WP01,N/A — no direct persistence contract,06_API/openapi_final_v1.yaml,17_IMPLEMENTATION/IMPLEMENTATION_BACKLOG.csv#IMP-010,REQT-PRD-PRINC-010,Stage19/21 current trace rebuilt from Feature Matrix + backlog + QA; external gate=NONE
PRD-PRINC-011,Audit integrity,"Task versions, deletions and system events are retained rather than overwritten.",MVP_REQUIRED,RESOLVED_FROM_SOURCE,4,TZ_AI_Tamagotchi_v1.0 (1).docx,§2.1; §24,,,P0,7/8/15,04_ARCHITECTURE/ARCHITECTURE_FINAL.md; 17_IMPLEMENTATION/WORK_PACKAGE_CATALOG.csv#WP01,N/A — no direct persistence contract,06_API/openapi_final_v1.yaml,17_IMPLEMENTATION/IMPLEMENTATION_BACKLOG.csv#IMP-011,REQT-PRD-PRINC-011,Stage19/21 current trace rebuilt from Feature Matrix + backlog + QA; external gate=NONE
PRD-SCOPE-001,Release scope,Mobile-first PWA is the primary product form.,MVP_REQUIRED,RESOLVED_FROM_SOURCE,4,TZ_AI_Tamagotchi_v1.0 (1).docx,§3.1,,,P0,2,04_ARCHITECTURE/ARCHITECTURE_FINAL.md; 17_IMPLEMENTATION/WORK_PACKAGE_CATALOG.csv#WP01,N/A — no direct persistence contract,06_API/openapi_final_v1.yaml,17_IMPLEMENTATION/IMPLEMENTATION_BACKLOG.csv#IMP-012,REQT-PRD-SCOPE-001,Stage19/21 current trace rebuilt from Feature Matrix + backlog + QA; external gate=NONE
PRD-SCOPE-002,Release scope,Desktop web is an additional interface.,MVP_REQUIRED,RESOLVED_FROM_SOURCE,4,TZ_AI_Tamagotchi_v1.0 (1).docx,§3.1,,,P0,2,04_ARCHITECTURE/ARCHITECTURE_FINAL.md; 17_IMPLEMENTATION/WORK_PACKAGE_CATALOG.csv#WP01,N/A — no direct persistence contract,06_API/openapi_final_v1.yaml,17_IMPLEMENTATION/IMPLEMENTATION_BACKLOG.csv#IMP-013,REQT-PRD-SCOPE-002,Stage19/21 current trace rebuilt from Feature Matrix + backlog + QA; external gate=NONE
PRD-SCOPE-003,Release scope,MVP data mutation is online-only.,MVP_REQUIRED,RESOLVED_FROM_SOURCE,4,TZ_AI_Tamagotchi_v1.0 (1).docx,§3.1,,,P0,2,04_ARCHITECTURE/ARCHITECTURE_FINAL.md; 17_IMPLEMENTATION/WORK_PACKAGE_CATALOG.csv#WP01,N/A — no direct persistence contract,06_API/openapi_final_v1.yaml,17_IMPLEMENTATION/IMPLEMENTATION_BACKLOG.csv#IMP-014,REQT-PRD-SCOPE-003,Stage19/21 current trace rebuilt from Feature Matrix + backlog + QA; external gate=NONE
PRD-SCOPE-004,Release scope,MVP supports text AI-use-case input.,MVP_REQUIRED,RESOLVED_FROM_SOURCE,4,TZ_AI_Tamagotchi_v1.0 (1).docx,§3.1,,,P0,2,04_ARCHITECTURE/ARCHITECTURE_FINAL.md; 17_IMPLEMENTATION/WORK_PACKAGE_CATALOG.csv#WP01,N/A — no direct persistence contract,06_API/openapi_final_v1.yaml,17_IMPLEMENTATION/IMPLEMENTATION_BACKLOG.csv#IMP-015,REQT-PRD-SCOPE-004,Stage19/21 current trace rebuilt from Feature Matrix + backlog + QA; external gate=NONE
PRD-SCOPE-005,Release scope,MVP supports voice input via speech-to-text.,MVP_REQUIRED,RESOLVED_FROM_SOURCE,4,TZ_AI_Tamagotchi_v1.0 (1).docx,§3.1,,,P0,2,04_ARCHITECTURE/ARCHITECTURE_FINAL.md; 17_IMPLEMENTATION/WORK_PACKAGE_CATALOG.csv#WP01,N/A — no direct persistence contract,06_API/openapi_final_v1.yaml,17_IMPLEMENTATION/IMPLEMENTATION_BACKLOG.csv#IMP-016,REQT-PRD-SCOPE-005,Stage19/21 current trace rebuilt from Feature Matrix + backlog + QA; external gate=NONE
PRD-SCOPE-006,Release scope,"MVP includes AI parsing, normalization, classification, plausibility and scoring.",MVP_REQUIRED,RESOLVED_FROM_SOURCE,4,TZ_AI_Tamagotchi_v1.0 (1).docx,§3.1,,,P0,2,04_ARCHITECTURE/ARCHITECTURE_FINAL.md; 17_IMPLEMENTATION/WORK_PACKAGE_CATALOG.csv#WP01,N/A — no direct persistence contract,06_API/openapi_final_v1.yaml,17_IMPLEMENTATION/IMPLEMENTATION_BACKLOG.csv#IMP-017,REQT-PRD-SCOPE-006,Stage19/21 current trace rebuilt from Feature Matrix + backlog + QA; external gate=NONE
PRD-SCOPE-007,Release scope,"MVP includes pet HP, coma/recovery, vacation, streak and Evolution XP.",MVP_REQUIRED,RESOLVED_FROM_SOURCE,4,TZ_AI_Tamagotchi_v1.0 (1).docx,§3.1,,,P0,2,04_ARCHITECTURE/ARCHITECTURE_FINAL.md; 17_IMPLEMENTATION/WORK_PACKAGE_CATALOG.csv#WP01,N/A — no direct persistence contract,06_API/openapi_final_v1.yaml,17_IMPLEMENTATION/IMPLEMENTATION_BACKLOG.csv#IMP-018,REQT-PRD-SCOPE-007,Stage19/21 current trace rebuilt from Feature Matrix + backlog + QA; external gate=NONE
PRD-SCOPE-008,Release scope,MVP includes evolution branches at product-logic level.,MVP_REQUIRED,RESOLVED_FROM_SOURCE,4,TZ_AI_Tamagotchi_v1.0 (1).docx,§3.1; §11,,,P0,2,04_ARCHITECTURE/ARCHITECTURE_FINAL.md; 17_IMPLEMENTATION/WORK_PACKAGE_CATALOG.csv#WP01,N/A — no direct persistence contract,06_API/openapi_final_v1.yaml,17_IMPLEMENTATION/IMPLEMENTATION_BACKLOG.csv#IMP-019,REQT-PRD-SCOPE-008,Stage19/21 current trace rebuilt from Feature Matrix + backlog + QA; external gate=NONE
PRD-SCOPE-009,Release scope,MVP includes Monthly AI Goals.,MVP_REQUIRED,RESOLVED_FROM_SOURCE,4,TZ_AI_Tamagotchi_v1.0 (1).docx,§3.1,,,P0,2,04_ARCHITECTURE/ARCHITECTURE_FINAL.md; 17_IMPLEMENTATION/WORK_PACKAGE_CATALOG.csv#WP01,N/A — no direct persistence contract,06_API/openapi_final_v1.yaml,17_IMPLEMENTATION/IMPLEMENTATION_BACKLOG.csv#IMP-020,REQT-PRD-SCOPE-009,Stage19/21 current trace rebuilt from Feature Matrix + backlog + QA; external gate=NONE
PRD-SCOPE-010,Release scope,MVP includes employee and directorate ratings.,MVP_REQUIRED,RESOLVED_FROM_SOURCE,4,TZ_AI_Tamagotchi_v1.0 (1).docx,§3.1,,,P0,2,04_ARCHITECTURE/ARCHITECTURE_FINAL.md; 17_IMPLEMENTATION/WORK_PACKAGE_CATALOG.csv#WP01,N/A — no direct persistence contract,06_API/openapi_final_v1.yaml,17_IMPLEMENTATION/IMPLEMENTATION_BACKLOG.csv#IMP-021,REQT-PRD-SCOPE-010,Stage19/21 current trace rebuilt from Feature Matrix + backlog + QA; external gate=NONE
PRD-SCOPE-011,Release scope,"MVP includes Personal, Company, Director, Executive and Admin dashboards.",MVP_REQUIRED,RESOLVED_FROM_SOURCE,4,TZ_AI_Tamagotchi_v1.0 (1).docx,§3.1,,,P0,2,04_ARCHITECTURE/ARCHITECTURE_FINAL.md; 17_IMPLEMENTATION/WORK_PACKAGE_CATALOG.csv#WP01,N/A — no direct persistence contract,06_API/openapi_final_v1.yaml,17_IMPLEMENTATION/IMPLEMENTATION_BACKLOG.csv#IMP-022,REQT-PRD-SCOPE-011,Stage19/21 current trace rebuilt from Feature Matrix + backlog + QA; external gate=NONE
PRD-SCOPE-012,Release scope,MVP includes task taxonomy and AI Tools Directory.,MVP_REQUIRED,RESOLVED_FROM_SOURCE,4,TZ_AI_Tamagotchi_v1.0 (1).docx,§3.1,,,P0,2,04_ARCHITECTURE/ARCHITECTURE_FINAL.md; 17_IMPLEMENTATION/WORK_PACKAGE_CATALOG.csv#WP01,N/A — no direct persistence contract,06_API/openapi_final_v1.yaml,17_IMPLEMENTATION/IMPLEMENTATION_BACKLOG.csv#IMP-023,REQT-PRD-SCOPE-012,Stage19/21 current trace rebuilt from Feature Matrix + backlog + QA; external gate=NONE
PRD-SCOPE-013,Release scope,MVP includes in-app notifications.,MVP_REQUIRED,RESOLVED_FROM_SOURCE,4,TZ_AI_Tamagotchi_v1.0 (1).docx,§3.1,,,P0,2,04_ARCHITECTURE/ARCHITECTURE_FINAL.md; 17_IMPLEMENTATION/WORK_PACKAGE_CATALOG.csv#WP01,N/A — no direct persistence contract,06_API/openapi_final_v1.yaml,17_IMPLEMENTATION/IMPLEMENTATION_BACKLOG.csv#IMP-024,REQT-PRD-SCOPE-013,Stage19/21 current trace rebuilt from Feature Matrix + backlog + QA; external gate=NONE
PRD-SCOPE-014,Release scope,MVP includes XLSX/CSV exports by authorized role scope.,MVP_REQUIRED,RESOLVED_FROM_SOURCE,4,TZ_AI_Tamagotchi_v1.0 (1).docx,§3.1; §22,,,P0,2,04_ARCHITECTURE/ARCHITECTURE_FINAL.md; 17_IMPLEMENTATION/WORK_PACKAGE_CATALOG.csv#WP01,N/A — no direct persistence contract,06_API/openapi_final_v1.yaml,17_IMPLEMENTATION/IMPLEMENTATION_BACKLOG.csv#IMP-025,REQT-PRD-SCOPE-014,Stage19/21 current trace rebuilt from Feature Matrix + backlog + QA; external gate=NONE
PRD-SCOPE-015,Release scope,MVP includes detailed audit trail and indefinite historical retention.,MVP_REQUIRED,RESOLVED_FROM_SOURCE,4,TZ_AI_Tamagotchi_v1.0 (1).docx,§3.1; §24,,,P0,2,04_ARCHITECTURE/ARCHITECTURE_FINAL.md; 17_IMPLEMENTATION/WORK_PACKAGE_CATALOG.csv#WP01,N/A — no direct persistence contract,06_API/openapi_final_v1.yaml,17_IMPLEMENTATION/IMPLEMENTATION_BACKLOG.csv#IMP-026,REQT-PRD-SCOPE-015,Stage19/21 current trace rebuilt from Feature Matrix + backlog + QA; external gate=NONE
PRD-OUT-001,Out of scope,Native iOS/Android applications are outside MVP.,MVP_EXCLUDED,RESOLVED_FROM_SOURCE,4,TZ_AI_Tamagotchi_v1.0 (1).docx,§3.2,,,OUT_OF_SCOPE_MVP,2,04_ARCHITECTURE/ARCHITECTURE_FINAL.md; 17_IMPLEMENTATION/WORK_PACKAGE_CATALOG.csv#WP01,N/A — no direct persistence contract,06_API/openapi_final_v1.yaml,17_IMPLEMENTATION/IMPLEMENTATION_BACKLOG.csv#IMP-027,REQT-PRD-OUT-001,Stage19/21 current trace rebuilt from Feature Matrix + backlog + QA; external gate=MVP_SCOPE_GUARD
PRD-OUT-002,Out of scope,Offline mutation/work mode is outside MVP; a static/cached non-mutating shell may exist only as a presentation/runtime fallback.,MVP_EXCLUDED,RESOLVED_FROM_SOURCE,4,TZ_AI_Tamagotchi_v1.0 (1).docx,§3.2,,OD-007,OUT_OF_SCOPE_MVP,2,04_ARCHITECTURE/ARCHITECTURE_FINAL.md; 17_IMPLEMENTATION/WORK_PACKAGE_CATALOG.csv#WP01,N/A — no direct persistence contract,06_API/openapi_final_v1.yaml,17_IMPLEMENTATION/IMPLEMENTATION_BACKLOG.csv#IMP-028,REQT-PRD-OUT-002,Stage19/21 current trace rebuilt from Feature Matrix + backlog + QA; external gate=MVP_SCOPE_GUARD
PRD-OUT-003,Out of scope,Push/email/Telegram/Teams notifications are outside MVP.,MVP_EXCLUDED,RESOLVED_FROM_SOURCE,4,TZ_AI_Tamagotchi_v1.0 (1).docx,§3.2,,,OUT_OF_SCOPE_MVP,2,04_ARCHITECTURE/ARCHITECTURE_FINAL.md; 17_IMPLEMENTATION/WORK_PACKAGE_CATALOG.csv#WP01,N/A — no direct persistence contract,06_API/openapi_final_v1.yaml,17_IMPLEMENTATION/IMPLEMENTATION_BACKLOG.csv#IMP-029,REQT-PRD-OUT-003,Stage19/21 current trace rebuilt from Feature Matrix + backlog + QA; external gate=MVP_SCOPE_GUARD
PRD-OUT-004,Out of scope,Task file attachments are outside MVP.,MVP_EXCLUDED,RESOLVED_FROM_SOURCE,4,TZ_AI_Tamagotchi_v1.0 (1).docx,§3.2,,,OUT_OF_SCOPE_MVP,2,04_ARCHITECTURE/ARCHITECTURE_FINAL.md; 17_IMPLEMENTATION/WORK_PACKAGE_CATALOG.csv#WP01,N/A — no direct persistence contract,06_API/openapi_final_v1.yaml,17_IMPLEMENTATION/IMPLEMENTATION_BACKLOG.csv#IMP-030,REQT-PRD-OUT-004,Stage19/21 current trace rebuilt from Feature Matrix + backlog + QA; external gate=MVP_SCOPE_GUARD
PRD-OUT-005,Out of scope,The application does not open or analyze task URLs automatically in MVP.,MVP_EXCLUDED,RESOLVED_FROM_SOURCE,4,TZ_AI_Tamagotchi_v1.0 (1).docx,§3.2; §6.1,,,OUT_OF_SCOPE_MVP,2,04_ARCHITECTURE/ARCHITECTURE_FINAL.md; 17_IMPLEMENTATION/WORK_PACKAGE_CATALOG.csv#WP01,N/A — no direct persistence contract,06_API/openapi_final_v1.yaml,17_IMPLEMENTATION/IMPLEMENTATION_BACKLOG.csv#IMP-031,REQT-PRD-OUT-005,Stage19/21 current trace rebuilt from Feature Matrix + backlog + QA; external gate=MVP_SCOPE_GUARD
PRD-OUT-006,Out of scope,Social likes/comments/follows/reactions are outside MVP.,MVP_EXCLUDED,RESOLVED_FROM_SOURCE,4,TZ_AI_Tamagotchi_v1.0 (1).docx,§3.2,,,OUT_OF_SCOPE_MVP,2,04_ARCHITECTURE/ARCHITECTURE_FINAL.md; 17_IMPLEMENTATION/WORK_PACKAGE_CATALOG.csv#WP01,N/A — no direct persistence contract,06_API/openapi_final_v1.yaml,17_IMPLEMENTATION/IMPLEMENTATION_BACKLOG.csv#IMP-032,REQT-PRD-OUT-006,Stage19/21 current trace rebuilt from Feature Matrix + backlog + QA; external gate=MVP_SCOPE_GUARD
PRD-OUT-007,Out of scope,Internal currency and cosmetics shop are outside MVP.,MVP_EXCLUDED,RESOLVED_FROM_SOURCE,4,TZ_AI_Tamagotchi_v1.0 (1).docx,§3.2,,,OUT_OF_SCOPE_MVP,2,04_ARCHITECTURE/ARCHITECTURE_FINAL.md; 17_IMPLEMENTATION/WORK_PACKAGE_CATALOG.csv#WP01,N/A — no direct persistence contract,06_API/openapi_final_v1.yaml,17_IMPLEMENTATION/IMPLEMENTATION_BACKLOG.csv#IMP-033,REQT-PRD-OUT-007,Stage19/21 current trace rebuilt from Feature Matrix + backlog + QA; external gate=MVP_SCOPE_GUARD
PRD-OUT-008,Out of scope,Sound is not an MVP dependency.,MVP_EXCLUDED,RESOLVED_FROM_SOURCE,4,TZ_AI_Tamagotchi_v1.0 (1).docx,§3.2,,OD-008,OUT_OF_SCOPE_MVP,2,04_ARCHITECTURE/ARCHITECTURE_FINAL.md; 17_IMPLEMENTATION/WORK_PACKAGE_CATALOG.csv#WP01,N/A — no direct persistence contract,06_API/openapi_final_v1.yaml,17_IMPLEMENTATION/IMPLEMENTATION_BACKLOG.csv#IMP-034,REQT-PRD-OUT-008,Stage19/21 current trace rebuilt from Feature Matrix + backlog + QA; external gate=MVP_SCOPE_GUARD
PRD-OUT-009,Out of scope,Retrospective/backdated task dates are outside MVP.,MVP_EXCLUDED,RESOLVED_FROM_SOURCE,4,TZ_AI_Tamagotchi_v1.0 (1).docx,§3.2; §9,,,OUT_OF_SCOPE_MVP,2,04_ARCHITECTURE/ARCHITECTURE_FINAL.md; 17_IMPLEMENTATION/WORK_PACKAGE_CATALOG.csv#WP01,N/A — no direct persistence contract,06_API/openapi_final_v1.yaml,17_IMPLEMENTATION/IMPLEMENTATION_BACKLOG.csv#IMP-035,REQT-PRD-OUT-009,Stage19/21 current trace rebuilt from Feature Matrix + backlog + QA; external gate=MVP_SCOPE_GUARD
PRD-OUT-010,Out of scope,Taxonomy change does not automatically reclassify historical task versions.,MVP_EXCLUDED,RESOLVED_FROM_SOURCE,4,TZ_AI_Tamagotchi_v1.0 (1).docx,§3.2; §18,,,OUT_OF_SCOPE_MVP,2,04_ARCHITECTURE/ARCHITECTURE_FINAL.md; 17_IMPLEMENTATION/WORK_PACKAGE_CATALOG.csv#WP01,N/A — no direct persistence contract,06_API/openapi_final_v1.yaml,17_IMPLEMENTATION/IMPLEMENTATION_BACKLOG.csv#IMP-036,REQT-PRD-OUT-010,Stage19/21 current trace rebuilt from Feature Matrix + backlog + QA; external gate=MVP_SCOPE_GUARD
PRD-OUT-011,Out of scope,Streak Shield is excluded.,MVP_EXCLUDED,RESOLVED_FROM_SOURCE,4,TZ_AI_Tamagotchi_v1.0 (1).docx,§10,,,OUT_OF_SCOPE_MVP,2,04_ARCHITECTURE/ARCHITECTURE_FINAL.md; 17_IMPLEMENTATION/WORK_PACKAGE_CATALOG.csv#WP01,N/A — no direct persistence contract,06_API/openapi_final_v1.yaml,17_IMPLEMENTATION/IMPLEMENTATION_BACKLOG.csv#IMP-037,REQT-PRD-OUT-011,Stage19/21 current trace rebuilt from Feature Matrix + backlog + QA; external gate=MVP_SCOPE_GUARD
PRD-RBAC-001,Roles & authorization,"Employee can create, edit and soft-delete own AI tasks and access public product sections.",MVP_REQUIRED,RESOLVED_FROM_SOURCE,4,TZ_AI_Tamagotchi_v1.0 (1).docx,§4,,,P0,9/14,04_ARCHITECTURE/ARCHITECTURE_FINAL.md; 17_IMPLEMENTATION/WORK_PACKAGE_CATALOG.csv#WP04,05_DATABASE/DATABASE_SPEC.md; 05_DATABASE/DATABASE_TRACEABILITY.csv,06_API/openapi_final_v1.yaml,17_IMPLEMENTATION/IMPLEMENTATION_BACKLOG.csv#IMP-038,REQT-PRD-RBAC-001,Stage19/21 current trace rebuilt from Feature Matrix + backlog + QA; external gate=NONE
PRD-RBAC-002,Roles & authorization,"Employee can view Personal Dashboard, ratings and company analytics and manage own privacy/vacation.",MVP_REQUIRED,RESOLVED_FROM_SOURCE,4,TZ_AI_Tamagotchi_v1.0 (1).docx,§4,,,P0,9/14,04_ARCHITECTURE/ARCHITECTURE_FINAL.md; 17_IMPLEMENTATION/WORK_PACKAGE_CATALOG.csv#WP04,05_DATABASE/DATABASE_SPEC.md; 05_DATABASE/DATABASE_TRACEABILITY.csv,06_API/openapi_final_v1.yaml,17_IMPLEMENTATION/IMPLEMENTATION_BACKLOG.csv#IMP-039,REQT-PRD-RBAC-002,Stage19/21 current trace rebuilt from Feature Matrix + backlog + QA; external gate=NONE
PRD-RBAC-003,Roles & authorization,Director has read access to employees/tasks in own directorate and can export own directorate.,MVP_REQUIRED,RESOLVED_FROM_SOURCE,4,TZ_AI_Tamagotchi_v1.0 (1).docx,§4; §17.1; §22,,,P0,9/14,04_ARCHITECTURE/ARCHITECTURE_FINAL.md; 17_IMPLEMENTATION/WORK_PACKAGE_CATALOG.csv#WP04,05_DATABASE/DATABASE_SPEC.md; 05_DATABASE/DATABASE_TRACEABILITY.csv,06_API/openapi_final_v1.yaml,17_IMPLEMENTATION/IMPLEMENTATION_BACKLOG.csv#IMP-040,REQT-PRD-RBAC-003,Stage19/21 current trace rebuilt from Feature Matrix + backlog + QA; external gate=NONE
PRD-RBAC-004,Roles & authorization,Director must not access technical scoring trace or change scoring.,MVP_REQUIRED,RESOLVED_FROM_SOURCE,4,TZ_AI_Tamagotchi_v1.0 (1).docx,§4; §17.1,,,P0,9/14,04_ARCHITECTURE/ARCHITECTURE_FINAL.md; 17_IMPLEMENTATION/WORK_PACKAGE_CATALOG.csv#WP04,05_DATABASE/DATABASE_SPEC.md; 05_DATABASE/DATABASE_TRACEABILITY.csv,06_API/openapi_final_v1.yaml,17_IMPLEMENTATION/IMPLEMENTATION_BACKLOG.csv#IMP-041,REQT-PRD-RBAC-004,Stage19/21 current trace rebuilt from Feature Matrix + backlog + QA; external gate=NONE
PRD-RBAC-005,Roles & authorization,Executive/CEO can view whole-company analytics and drill down company → directorate → employee → task.,MVP_REQUIRED,RESOLVED_FROM_SOURCE,4,TZ_AI_Tamagotchi_v1.0 (1).docx,§4; §17.2,,,P0,9/14,04_ARCHITECTURE/ARCHITECTURE_FINAL.md; 17_IMPLEMENTATION/WORK_PACKAGE_CATALOG.csv#WP04,05_DATABASE/DATABASE_SPEC.md; 05_DATABASE/DATABASE_TRACEABILITY.csv,06_API/openapi_final_v1.yaml,17_IMPLEMENTATION/IMPLEMENTATION_BACKLOG.csv#IMP-042,REQT-PRD-RBAC-005,Stage19/21 current trace rebuilt from Feature Matrix + backlog + QA; external gate=NONE
PRD-RBAC-006,Roles & authorization,Executive/CEO does not manage system settings.,MVP_REQUIRED,RESOLVED_FROM_SOURCE,4,TZ_AI_Tamagotchi_v1.0 (1).docx,§4; §17.2,,,P0,9/14,04_ARCHITECTURE/ARCHITECTURE_FINAL.md; 17_IMPLEMENTATION/WORK_PACKAGE_CATALOG.csv#WP04,05_DATABASE/DATABASE_SPEC.md; 05_DATABASE/DATABASE_TRACEABILITY.csv,06_API/openapi_final_v1.yaml,17_IMPLEMENTATION/IMPLEMENTATION_BACKLOG.csv#IMP-043,REQT-PRD-RBAC-006,Stage19/21 current trace rebuilt from Feature Matrix + backlog + QA; external gate=NONE
PRD-RBAC-007,Roles & authorization,"Admin has company-wide system-management scope for org structure, roles, calendar, taxonomy, tools, profiles, technical scoring trace, audit logs and export.",MVP_REQUIRED,RESOLVED_FROM_SOURCE,4,TZ_AI_Tamagotchi_v1.0 (1).docx,§4; §17.3; §21,,,P0,9/14,04_ARCHITECTURE/ARCHITECTURE_FINAL.md; 17_IMPLEMENTATION/WORK_PACKAGE_CATALOG.csv#WP04,05_DATABASE/DATABASE_SPEC.md; 05_DATABASE/DATABASE_TRACEABILITY.csv,06_API/openapi_final_v1.yaml,17_IMPLEMENTATION/IMPLEMENTATION_BACKLOG.csv#IMP-044,REQT-PRD-RBAC-007,Stage19/21 current trace rebuilt from Feature Matrix + backlog + QA; external gate=NONE
PRD-RBAC-008,Roles & authorization,Admin cannot manually change task Complexity or Score.,MVP_REQUIRED,RESOLVED_FROM_SOURCE,4,TZ_AI_Tamagotchi_v1.0 (1).docx,§4; §17.3,,,P0,9/14,04_ARCHITECTURE/ARCHITECTURE_FINAL.md; 17_IMPLEMENTATION/WORK_PACKAGE_CATALOG.csv#WP04,05_DATABASE/DATABASE_SPEC.md; 05_DATABASE/DATABASE_TRACEABILITY.csv,06_API/openapi_final_v1.yaml,17_IMPLEMENTATION/IMPLEMENTATION_BACKLOG.csv#IMP-045,REQT-PRD-RBAC-008,Stage19/21 current trace rebuilt from Feature Matrix + backlog + QA; external gate=NONE
PRD-RBAC-009,Roles & authorization,"Peers never see another employee's raw input, clarification log or task links regardless of peer privacy level.",MVP_REQUIRED,RESOLVED_FROM_SOURCE,4,TZ_AI_Tamagotchi_v1.0 (1).docx,§4.1; §14,,,P0,9/14,04_ARCHITECTURE/ARCHITECTURE_FINAL.md; 17_IMPLEMENTATION/WORK_PACKAGE_CATALOG.csv#WP04,05_DATABASE/DATABASE_SPEC.md; 05_DATABASE/DATABASE_TRACEABILITY.csv,06_API/openapi_final_v1.yaml,17_IMPLEMENTATION/IMPLEMENTATION_BACKLOG.csv#IMP-046,REQT-PRD-RBAC-009,Stage19/21 current trace rebuilt from Feature Matrix + backlog + QA; external gate=NONE
PRD-RBAC-010,Roles & authorization,"Director may access raw input, clarifications, links and normalized task data only inside own directorate.",MVP_REQUIRED,RESOLVED_FROM_SOURCE,4,TZ_AI_Tamagotchi_v1.0 (1).docx,§4.1; §17.1,,,P0,9/14,04_ARCHITECTURE/ARCHITECTURE_FINAL.md; 17_IMPLEMENTATION/WORK_PACKAGE_CATALOG.csv#WP04,05_DATABASE/DATABASE_SPEC.md; 05_DATABASE/DATABASE_TRACEABILITY.csv,06_API/openapi_final_v1.yaml,17_IMPLEMENTATION/IMPLEMENTATION_BACKLOG.csv#IMP-047,REQT-PRD-RBAC-010,Stage19/21 current trace rebuilt from Feature Matrix + backlog + QA; external gate=NONE
PRD-RBAC-011,Roles & authorization,Executive and Admin may access raw task data according to whole-company authorized scope.,MVP_REQUIRED,RESOLVED_FROM_SOURCE,4,TZ_AI_Tamagotchi_v1.0 (1).docx,§4.1,,,P0,9/14,04_ARCHITECTURE/ARCHITECTURE_FINAL.md; 17_IMPLEMENTATION/WORK_PACKAGE_CATALOG.csv#WP04,05_DATABASE/DATABASE_SPEC.md; 05_DATABASE/DATABASE_TRACEABILITY.csv,06_API/openapi_final_v1.yaml,17_IMPLEMENTATION/IMPLEMENTATION_BACKLOG.csv#IMP-048,REQT-PRD-RBAC-011,Stage19/21 current trace rebuilt from Feature Matrix + backlog + QA; external gate=NONE
PRD-RBAC-012,Roles & authorization,Technical scoring trace is Admin-only.,MVP_REQUIRED,RESOLVED_FROM_SOURCE,4,TZ_AI_Tamagotchi_v1.0 (1).docx,§4.1,,,P0,9/14,04_ARCHITECTURE/ARCHITECTURE_FINAL.md; 17_IMPLEMENTATION/WORK_PACKAGE_CATALOG.csv#WP04,05_DATABASE/DATABASE_SPEC.md; 05_DATABASE/DATABASE_TRACEABILITY.csv,06_API/openapi_final_v1.yaml,17_IMPLEMENTATION/IMPLEMENTATION_BACKLOG.csv#IMP-049,REQT-PRD-RBAC-012,Stage19/21 current trace rebuilt from Feature Matrix + backlog + QA; external gate=NONE
PRD-RBAC-013,Roles & authorization,"Corporate export is unavailable to Employee, directorate-scoped for Director, company-scoped for Executive/Admin.",MVP_REQUIRED,RESOLVED_FROM_SOURCE,4,TZ_AI_Tamagotchi_v1.0 (1).docx,§4.1; §22,,,P0,9/14,04_ARCHITECTURE/ARCHITECTURE_FINAL.md; 17_IMPLEMENTATION/WORK_PACKAGE_CATALOG.csv#WP04,05_DATABASE/DATABASE_SPEC.md; 05_DATABASE/DATABASE_TRACEABILITY.csv,06_API/openapi_final_v1.yaml,17_IMPLEMENTATION/IMPLEMENTATION_BACKLOG.csv#IMP-050,REQT-PRD-RBAC-013,Stage19/21 current trace rebuilt from Feature Matrix + backlog + QA; external gate=NONE
PRD-RBAC-014,Roles & authorization,"Privacy/access rules must be enforced by backend authorization for each object request/export, not only by UI hiding.",MVP_REQUIRED,RESOLVED_FROM_SOURCE,4,TZ_AI_Tamagotchi_v1.0 (1).docx,Appendix C,,,P0,9/14,04_ARCHITECTURE/ARCHITECTURE_FINAL.md; 17_IMPLEMENTATION/WORK_PACKAGE_CATALOG.csv#WP04,05_DATABASE/DATABASE_SPEC.md; 05_DATABASE/DATABASE_TRACEABILITY.csv,06_API/openapi_final_v1.yaml,17_IMPLEMENTATION/IMPLEMENTATION_BACKLOG.csv#IMP-051,REQT-PRD-RBAC-014,Stage19/21 current trace rebuilt from Feature Matrix + backlog + QA; external gate=NONE
PRD-AUTH-001,Authentication & onboarding,There is no employee self-registration flow.,MVP_REQUIRED,RESOLVED_FROM_SOURCE,4,TZ_AI_Tamagotchi_v1.0 (1).docx,§5.1,AUTH-001,,P0,9,04_ARCHITECTURE/ARCHITECTURE_FINAL.md; 17_IMPLEMENTATION/WORK_PACKAGE_CATALOG.csv#WP04,05_DATABASE/DATABASE_SPEC.md; 05_DATABASE/DATABASE_TRACEABILITY.csv,06_API/openapi_final_v1.yaml,17_IMPLEMENTATION/IMPLEMENTATION_BACKLOG.csv#IMP-052,REQT-PRD-AUTH-001,Stage19/21 current trace rebuilt from Feature Matrix + backlog + QA; external gate=NONE
PRD-AUTH-002,Authentication & onboarding,"MVP login verifies personnel number + phone against the corporate personnel source, without SMS/password in Product v1.0.",MVP_REQUIRED,RESOLVED_FROM_SOURCE,4,TZ_AI_Tamagotchi_v1.0 (1).docx,§5.1,AUTH-002,,P0,9,04_ARCHITECTURE/ARCHITECTURE_FINAL.md; 17_IMPLEMENTATION/WORK_PACKAGE_CATALOG.csv#WP04,05_DATABASE/DATABASE_SPEC.md; 05_DATABASE/DATABASE_TRACEABILITY.csv,06_API/openapi_final_v1.yaml,17_IMPLEMENTATION/IMPLEMENTATION_BACKLOG.csv#IMP-053,REQT-PRD-AUTH-002,Stage19/21 current trace rebuilt from Feature Matrix + backlog + QA; external gate=NONE
PRD-AUTH-003,Authentication & onboarding,"On successful personnel verification, employee name and directorate are populated from personnel data.",MVP_REQUIRED,RESOLVED_FROM_SOURCE,4,TZ_AI_Tamagotchi_v1.0 (1).docx,§5.1,,,P0,9,04_ARCHITECTURE/ARCHITECTURE_FINAL.md; 17_IMPLEMENTATION/WORK_PACKAGE_CATALOG.csv#WP04,05_DATABASE/DATABASE_SPEC.md; 05_DATABASE/DATABASE_TRACEABILITY.csv,06_API/openapi_final_v1.yaml,17_IMPLEMENTATION/IMPLEMENTATION_BACKLOG.csv#IMP-054,REQT-PRD-AUTH-003,Stage19/21 current trace rebuilt from Feature Matrix + backlog + QA; external gate=NONE
PRD-AUTH-004,Authentication & onboarding,Application role/status is controlled by the application and assigned only by Admin.,MVP_REQUIRED,RESOLVED_FROM_SOURCE,4,TZ_AI_Tamagotchi_v1.0 (1).docx,§5.1,,,P0,9,04_ARCHITECTURE/ARCHITECTURE_FINAL.md; 17_IMPLEMENTATION/WORK_PACKAGE_CATALOG.csv#WP04,05_DATABASE/DATABASE_SPEC.md; 05_DATABASE/DATABASE_TRACEABILITY.csv,06_API/openapi_final_v1.yaml,17_IMPLEMENTATION/IMPLEMENTATION_BACKLOG.csv#IMP-055,REQT-PRD-AUTH-004,Stage19/21 current trace rebuilt from Feature Matrix + backlog + QA; external gate=NONE
PRD-AUTH-005,Authentication & onboarding,First successful login requires onboarding in 4–5 screens/steps.,MVP_REQUIRED,RESOLVED_FROM_SOURCE,4,TZ_AI_Tamagotchi_v1.0 (1).docx,§5.1,,,P0,9,04_ARCHITECTURE/ARCHITECTURE_FINAL.md; 17_IMPLEMENTATION/WORK_PACKAGE_CATALOG.csv#WP04,05_DATABASE/DATABASE_SPEC.md; 05_DATABASE/DATABASE_TRACEABILITY.csv,06_API/openapi_final_v1.yaml,17_IMPLEMENTATION/IMPLEMENTATION_BACKLOG.csv#IMP-056,REQT-PRD-AUTH-005,Stage19/21 current trace rebuilt from Feature Matrix + backlog + QA; external gate=NONE
PRD-AUTH-006,Authentication & onboarding,"When Monthly Goal setup is required, it gates entry to the main interface.",MVP_REQUIRED,RESOLVED_FROM_SOURCE,4,TZ_AI_Tamagotchi_v1.0 (1).docx,§5.1; §12,,,P0,9,04_ARCHITECTURE/ARCHITECTURE_FINAL.md; 17_IMPLEMENTATION/WORK_PACKAGE_CATALOG.csv#WP04,05_DATABASE/DATABASE_SPEC.md; 05_DATABASE/DATABASE_TRACEABILITY.csv,06_API/openapi_final_v1.yaml,17_IMPLEMENTATION/IMPLEMENTATION_BACKLOG.csv#IMP-057,REQT-PRD-AUTH-006,Stage19/21 current trace rebuilt from Feature Matrix + backlog + QA; external gate=NONE
PRD-AUTH-007,Authentication & onboarding,Personnel-number + phone is explicitly recognized by Product v1.0 as weaker than production-grade SSO/2FA.,EXTERNAL_DEPENDENCY,EXTERNAL_DEPENDENCY,4,TZ_AI_Tamagotchi_v1.0 (1).docx,§5.1 Security note,,,P0_RISK_WITH_FUTURE_HARDENING,9,04_ARCHITECTURE/ARCHITECTURE_FINAL.md; 17_IMPLEMENTATION/WORK_PACKAGE_CATALOG.csv#WP04,05_DATABASE/DATABASE_SPEC.md; 05_DATABASE/DATABASE_TRACEABILITY.csv,06_API/openapi_final_v1.yaml,17_IMPLEMENTATION/IMPLEMENTATION_BACKLOG.csv#IMP-058,REQT-PRD-AUTH-007,Production auth hardening is not specified by a current external corporate contract.; Stage19/21 current trace rebuilt from Feature Matrix + backlog + QA; external gate=PRODUCTION_HARDENING_GATE
PRD-TASK-001,AI task lifecycle,"The user-facing AI task is an already completed AI-assisted work use case, not a future to-do item.",MVP_REQUIRED,RESOLVED_BY_OWNER,1,AI_TAMAGOTCHI_VISUAL_PACKAGE_v1.0/00_README/PROJECT_DECISION_OVERRIDE_v2.0.md,§4 Previously approved product/UI decisions,,OD-001,P0,8/10,04_ARCHITECTURE/ARCHITECTURE_FINAL.md; 17_IMPLEMENTATION/WORK_PACKAGE_CATALOG.csv#WP06,05_DATABASE/DATABASE_SPEC.md; 05_DATABASE/DATABASE_TRACEABILITY.csv,06_API/openapi_final_v1.yaml,17_IMPLEMENTATION/IMPLEMENTATION_BACKLOG.csv#IMP-059,REQT-PRD-TASK-001,Stage19/21 current trace rebuilt from Feature Matrix + backlog + QA; external gate=NONE
PRD-TASK-002,AI task lifecycle,Employee may register an unlimited number of AI tasks.,MVP_REQUIRED,RESOLVED_FROM_SOURCE,4,TZ_AI_Tamagotchi_v1.0 (1).docx,§6.1,TASK-001,,P0,8/10,04_ARCHITECTURE/ARCHITECTURE_FINAL.md; 17_IMPLEMENTATION/WORK_PACKAGE_CATALOG.csv#WP06,05_DATABASE/DATABASE_SPEC.md; 05_DATABASE/DATABASE_TRACEABILITY.csv,06_API/openapi_final_v1.yaml,17_IMPLEMENTATION/IMPLEMENTATION_BACKLOG.csv#IMP-060,REQT-PRD-TASK-002,Stage19/21 current trace rebuilt from Feature Matrix + backlog + QA; external gate=NONE
PRD-TASK-003,AI task lifecycle,Task input supports text.,MVP_REQUIRED,RESOLVED_FROM_SOURCE,4,TZ_AI_Tamagotchi_v1.0 (1).docx,§6.1,TASK-001,,P0,8/10,04_ARCHITECTURE/ARCHITECTURE_FINAL.md; 17_IMPLEMENTATION/WORK_PACKAGE_CATALOG.csv#WP06,05_DATABASE/DATABASE_SPEC.md; 05_DATABASE/DATABASE_TRACEABILITY.csv,06_API/openapi_final_v1.yaml,17_IMPLEMENTATION/IMPLEMENTATION_BACKLOG.csv#IMP-061,REQT-PRD-TASK-003,Stage19/21 current trace rebuilt from Feature Matrix + backlog + QA; external gate=NONE
PRD-TASK-004,AI task lifecycle,Voice flow is record → STT → transcript preview → user correction → submit.,MVP_REQUIRED,RESOLVED_FROM_SOURCE,4,TZ_AI_Tamagotchi_v1.0 (1).docx,§6.1,TASK-002,,P0,8/10,04_ARCHITECTURE/ARCHITECTURE_FINAL.md; 17_IMPLEMENTATION/WORK_PACKAGE_CATALOG.csv#WP06,05_DATABASE/DATABASE_SPEC.md; 05_DATABASE/DATABASE_TRACEABILITY.csv,06_API/openapi_final_v1.yaml,17_IMPLEMENTATION/IMPLEMENTATION_BACKLOG.csv#IMP-062,REQT-PRD-TASK-004,Stage19/21 current trace rebuilt from Feature Matrix + backlog + QA; external gate=NONE
PRD-TASK-005,AI task lifecycle,Source audio is not retained after recognition.,MVP_REQUIRED,RESOLVED_FROM_SOURCE,4,TZ_AI_Tamagotchi_v1.0 (1).docx,§6.1,TASK-002,,P0,8/10,04_ARCHITECTURE/ARCHITECTURE_FINAL.md; 17_IMPLEMENTATION/WORK_PACKAGE_CATALOG.csv#WP06,05_DATABASE/DATABASE_SPEC.md; 05_DATABASE/DATABASE_TRACEABILITY.csv,06_API/openapi_final_v1.yaml,17_IMPLEMENTATION/IMPLEMENTATION_BACKLOG.csv#IMP-063,REQT-PRD-TASK-005,Stage19/21 current trace rebuilt from Feature Matrix + backlog + QA; external gate=NONE
PRD-TASK-006,AI task lifecycle,A task may contain one or more URLs; URLs are stored but not opened/analyzed.,MVP_REQUIRED,RESOLVED_FROM_SOURCE,4,TZ_AI_Tamagotchi_v1.0 (1).docx,§6.1,TASK-003,,P0,8/10,04_ARCHITECTURE/ARCHITECTURE_FINAL.md; 17_IMPLEMENTATION/WORK_PACKAGE_CATALOG.csv#WP06,05_DATABASE/DATABASE_SPEC.md; 05_DATABASE/DATABASE_TRACEABILITY.csv,06_API/openapi_final_v1.yaml,17_IMPLEMENTATION/IMPLEMENTATION_BACKLOG.csv#IMP-064,REQT-PRD-TASK-006,Stage19/21 current trace rebuilt from Feature Matrix + backlog + QA; external gate=NONE
PRD-TASK-007,AI task lifecycle,"Ingestion persists raw input, channel, timestamp and user/context.",MVP_REQUIRED,RESOLVED_FROM_SOURCE,4,TZ_AI_Tamagotchi_v1.0 (1).docx,§6.2,,,P0,8/10,04_ARCHITECTURE/ARCHITECTURE_FINAL.md; 17_IMPLEMENTATION/WORK_PACKAGE_CATALOG.csv#WP06,05_DATABASE/DATABASE_SPEC.md; 05_DATABASE/DATABASE_TRACEABILITY.csv,06_API/openapi_final_v1.yaml,17_IMPLEMENTATION/IMPLEMENTATION_BACKLOG.csv#IMP-065,REQT-PRD-TASK-007,Stage19/21 current trace rebuilt from Feature Matrix + backlog + QA; external gate=NONE
PRD-TASK-008,AI task lifecycle,"Processing extracts asserted facts, AI tools, workflow evidence, result and evidence signals.",MVP_REQUIRED,RESOLVED_FROM_SOURCE,4,TZ_AI_Tamagotchi_v1.0 (1).docx,§6.2,,,P0,8/10,04_ARCHITECTURE/ARCHITECTURE_FINAL.md; 17_IMPLEMENTATION/WORK_PACKAGE_CATALOG.csv#WP06,05_DATABASE/DATABASE_SPEC.md; 05_DATABASE/DATABASE_TRACEABILITY.csv,06_API/openapi_final_v1.yaml,17_IMPLEMENTATION/IMPLEMENTATION_BACKLOG.csv#IMP-066,REQT-PRD-TASK-008,Stage19/21 current trace rebuilt from Feature Matrix + backlog + QA; external gate=NONE
PRD-TASK-009,AI task lifecycle,Processing performs plausibility assessment before final scoring.,MVP_REQUIRED,RESOLVED_FROM_SOURCE,4,TZ_AI_Tamagotchi_v1.0 (1).docx,§6.2,,,P0,8/10,04_ARCHITECTURE/ARCHITECTURE_FINAL.md; 17_IMPLEMENTATION/WORK_PACKAGE_CATALOG.csv#WP06,05_DATABASE/DATABASE_SPEC.md; 05_DATABASE/DATABASE_TRACEABILITY.csv,06_API/openapi_final_v1.yaml,17_IMPLEMENTATION/IMPLEMENTATION_BACKLOG.csv#IMP-067,REQT-PRD-TASK-009,Stage19/21 current trace rebuilt from Feature Matrix + backlog + QA; external gate=NONE
PRD-TASK-010,AI task lifecycle,Clarifications are asked only when needed and share a maximum of three per task version.,MVP_REQUIRED,RESOLVED_FROM_SOURCE,4,TZ_AI_Tamagotchi_v1.0 (1).docx,§6.2; §8,AI-001,,P0,8/10,04_ARCHITECTURE/ARCHITECTURE_FINAL.md; 17_IMPLEMENTATION/WORK_PACKAGE_CATALOG.csv#WP06,05_DATABASE/DATABASE_SPEC.md; 05_DATABASE/DATABASE_TRACEABILITY.csv,06_API/openapi_final_v1.yaml,17_IMPLEMENTATION/IMPLEMENTATION_BACKLOG.csv#IMP-068,REQT-PRD-TASK-010,Stage19/21 current trace rebuilt from Feature Matrix + backlog + QA; external gate=NONE
PRD-TASK-011,AI task lifecycle,System generates a concise normalized description that the employee does not directly edit.,MVP_REQUIRED,RESOLVED_FROM_SOURCE,4,TZ_AI_Tamagotchi_v1.0 (1).docx,§2; §6.2,,,P0,8/10,04_ARCHITECTURE/ARCHITECTURE_FINAL.md; 17_IMPLEMENTATION/WORK_PACKAGE_CATALOG.csv#WP06,05_DATABASE/DATABASE_SPEC.md; 05_DATABASE/DATABASE_TRACEABILITY.csv,06_API/openapi_final_v1.yaml,17_IMPLEMENTATION/IMPLEMENTATION_BACKLOG.csv#IMP-069,REQT-PRD-TASK-011,Stage19/21 current trace rebuilt from Feature Matrix + backlog + QA; external gate=NONE
PRD-TASK-012,AI task lifecycle,System assigns category/subcategory/tags and maps mentioned AI tools.,MVP_REQUIRED,RESOLVED_FROM_SOURCE,4,TZ_AI_Tamagotchi_v1.0 (1).docx,§6.2,,,P0,8/10,04_ARCHITECTURE/ARCHITECTURE_FINAL.md; 17_IMPLEMENTATION/WORK_PACKAGE_CATALOG.csv#WP06,05_DATABASE/DATABASE_SPEC.md; 05_DATABASE/DATABASE_TRACEABILITY.csv,06_API/openapi_final_v1.yaml,17_IMPLEMENTATION/IMPLEMENTATION_BACKLOG.csv#IMP-070,REQT-PRD-TASK-012,Stage19/21 current trace rebuilt from Feature Matrix + backlog + QA; external gate=NONE
PRD-TASK-013,AI task lifecycle,System assigns Complexity C1–C5; numerical points come from fixed backend mapping.,MVP_REQUIRED,RESOLVED_FROM_SOURCE,4,TZ_AI_Tamagotchi_v1.0 (1).docx,§6.2; §7,,,P0,8/10,04_ARCHITECTURE/ARCHITECTURE_FINAL.md; 17_IMPLEMENTATION/WORK_PACKAGE_CATALOG.csv#WP06,05_DATABASE/DATABASE_SPEC.md; 05_DATABASE/DATABASE_TRACEABILITY.csv,06_API/openapi_final_v1.yaml,17_IMPLEMENTATION/IMPLEMENTATION_BACKLOG.csv#IMP-071,REQT-PRD-TASK-013,Stage19/21 current trace rebuilt from Feature Matrix + backlog + QA; external gate=NONE
PRD-TASK-014,AI task lifecycle,Accepted task is matched to active Monthly Goals and triggers game/progress updates.,MVP_REQUIRED,RESOLVED_FROM_SOURCE,4,TZ_AI_Tamagotchi_v1.0 (1).docx,§6.2,,,P0,8/10,04_ARCHITECTURE/ARCHITECTURE_FINAL.md; 17_IMPLEMENTATION/WORK_PACKAGE_CATALOG.csv#WP06,05_DATABASE/DATABASE_SPEC.md; 05_DATABASE/DATABASE_TRACEABILITY.csv,06_API/openapi_final_v1.yaml,17_IMPLEMENTATION/IMPLEMENTATION_BACKLOG.csv#IMP-072,REQT-PRD-TASK-014,Stage19/21 current trace rebuilt from Feature Matrix + backlog + QA; external gate=NONE
PRD-TASK-015,AI task lifecycle,"Post-task result shows points, C-level, normalized description, goal contribution, Evolution XP impact and mascot reaction.",MVP_REQUIRED,RESOLVED_FROM_SOURCE,4,TZ_AI_Tamagotchi_v1.0 (1).docx,§6.3,TASK-004,,P0,8/10,04_ARCHITECTURE/ARCHITECTURE_FINAL.md; 17_IMPLEMENTATION/WORK_PACKAGE_CATALOG.csv#WP06,05_DATABASE/DATABASE_SPEC.md; 05_DATABASE/DATABASE_TRACEABILITY.csv,06_API/openapi_final_v1.yaml,17_IMPLEMENTATION/IMPLEMENTATION_BACKLOG.csv#IMP-073,REQT-PRD-TASK-015,Stage19/21 current trace rebuilt from Feature Matrix + backlog + QA; external gate=NONE
PRD-TASK-016,AI task lifecycle,Category/subcategory/tool detail is available through a details action instead of overloading the compact result card.,MVP_REQUIRED,RESOLVED_FROM_SOURCE,4,TZ_AI_Tamagotchi_v1.0 (1).docx,§6.3,TASK-005,,P0,8/10,04_ARCHITECTURE/ARCHITECTURE_FINAL.md; 17_IMPLEMENTATION/WORK_PACKAGE_CATALOG.csv#WP06,05_DATABASE/DATABASE_SPEC.md; 05_DATABASE/DATABASE_TRACEABILITY.csv,06_API/openapi_final_v1.yaml,17_IMPLEMENTATION/IMPLEMENTATION_BACKLOG.csv#IMP-074,REQT-PRD-TASK-016,Stage19/21 current trace rebuilt from Feature Matrix + backlog + QA; external gate=NONE
PRD-TASK-017,AI task lifecycle,Task date equals application registration date and cannot be backdated.,MVP_REQUIRED,RESOLVED_FROM_SOURCE,4,TZ_AI_Tamagotchi_v1.0 (1).docx,§9,,,P0,8/10,04_ARCHITECTURE/ARCHITECTURE_FINAL.md; 17_IMPLEMENTATION/WORK_PACKAGE_CATALOG.csv#WP06,05_DATABASE/DATABASE_SPEC.md; 05_DATABASE/DATABASE_TRACEABILITY.csv,06_API/openapi_final_v1.yaml,17_IMPLEMENTATION/IMPLEMENTATION_BACKLOG.csv#IMP-075,REQT-PRD-TASK-017,Stage19/21 current trace rebuilt from Feature Matrix + backlog + QA; external gate=NONE
PRD-TASK-018,AI task lifecycle,Editing a task creates/recalculates a new version; historical versions remain preserved.,MVP_REQUIRED,RESOLVED_FROM_SOURCE,4,TZ_AI_Tamagotchi_v1.0 (1).docx,§24; Appendix C,,,P0,8/10,04_ARCHITECTURE/ARCHITECTURE_FINAL.md; 17_IMPLEMENTATION/WORK_PACKAGE_CATALOG.csv#WP06,05_DATABASE/DATABASE_SPEC.md; 05_DATABASE/DATABASE_TRACEABILITY.csv,06_API/openapi_final_v1.yaml,17_IMPLEMENTATION/IMPLEMENTATION_BACKLOG.csv#IMP-076,REQT-PRD-TASK-018,Stage19/21 current trace rebuilt from Feature Matrix + backlog + QA; external gate=NONE
PRD-TASK-019,AI task lifecycle,Soft deletion excludes a task from current views/calculations while retaining audit/version history and ledger correction semantics.,MVP_REQUIRED,RESOLVED_FROM_SOURCE,4,TZ_AI_Tamagotchi_v1.0 (1).docx,§15; §24; Appendix C,,,P0,8/10,04_ARCHITECTURE/ARCHITECTURE_FINAL.md; 17_IMPLEMENTATION/WORK_PACKAGE_CATALOG.csv#WP06,05_DATABASE/DATABASE_SPEC.md; 05_DATABASE/DATABASE_TRACEABILITY.csv,06_API/openapi_final_v1.yaml,17_IMPLEMENTATION/IMPLEMENTATION_BACKLOG.csv#IMP-077,REQT-PRD-TASK-019,Stage19/21 current trace rebuilt from Feature Matrix + backlog + QA; external gate=NONE
PRD-AI-001,AI processing & scoring,"Plausibility state vocabulary includes valid, ambiguous, capability_conflict, internal_contradiction and insufficient_data.",MVP_REQUIRED,RESOLVED_FROM_SOURCE,4,TZ_AI_Tamagotchi_v1.0 (1).docx,§8.1,,,P0,8,04_ARCHITECTURE/ARCHITECTURE_FINAL.md; 17_IMPLEMENTATION/WORK_PACKAGE_CATALOG.csv#WP06,05_DATABASE/DATABASE_SPEC.md; 05_DATABASE/DATABASE_TRACEABILITY.csv,06_API/openapi_final_v1.yaml,17_IMPLEMENTATION/IMPLEMENTATION_BACKLOG.csv#IMP-078,REQT-PRD-AI-001,Stage19/21 current trace rebuilt from Feature Matrix + backlog + QA; external gate=NONE
PRD-AI-002,AI processing & scoring,"Clarification questions are one at a time, brief, non-repetitive and asked only when they can affect correctness/classification.",MVP_REQUIRED,RESOLVED_FROM_SOURCE,4,TZ_AI_Tamagotchi_v1.0 (1).docx,§8.2,,,P0,8,04_ARCHITECTURE/ARCHITECTURE_FINAL.md; 17_IMPLEMENTATION/WORK_PACKAGE_CATALOG.csv#WP06,05_DATABASE/DATABASE_SPEC.md; 05_DATABASE/DATABASE_TRACEABILITY.csv,06_API/openapi_final_v1.yaml,17_IMPLEMENTATION/IMPLEMENTATION_BACKLOG.csv#IMP-079,REQT-PRD-AI-002,Stage19/21 current trace rebuilt from Feature Matrix + backlog + QA; external gate=NONE
PRD-AI-003,AI processing & scoring,"The maximum of three questions is shared across plausibility, duplicate and Complexity clarification.",MVP_REQUIRED,RESOLVED_FROM_SOURCE,4,TZ_AI_Tamagotchi_v1.0 (1).docx,§8.2,,,P0,8,04_ARCHITECTURE/ARCHITECTURE_FINAL.md; 17_IMPLEMENTATION/WORK_PACKAGE_CATALOG.csv#WP06,05_DATABASE/DATABASE_SPEC.md; 05_DATABASE/DATABASE_TRACEABILITY.csv,06_API/openapi_final_v1.yaml,17_IMPLEMENTATION/IMPLEMENTATION_BACKLOG.csv#IMP-080,REQT-PRD-AI-003,Stage19/21 current trace rebuilt from Feature Matrix + backlog + QA; external gate=NONE
PRD-AI-004,AI processing & scoring,"Clarification priority is plausibility/task semantics and missing facts, then Complexity evidence; duplicate check consumes the same limit.",MVP_REQUIRED,RESOLVED_FROM_SOURCE,4,TZ_AI_Tamagotchi_v1.0 (1).docx,§8.2,,,P0,8,04_ARCHITECTURE/ARCHITECTURE_FINAL.md; 17_IMPLEMENTATION/WORK_PACKAGE_CATALOG.csv#WP06,05_DATABASE/DATABASE_SPEC.md; 05_DATABASE/DATABASE_TRACEABILITY.csv,06_API/openapi_final_v1.yaml,17_IMPLEMENTATION/IMPLEMENTATION_BACKLOG.csv#IMP-081,REQT-PRD-AI-004,Stage19/21 current trace rebuilt from Feature Matrix + backlog + QA; external gate=NONE
PRD-AI-005,AI processing & scoring,"After three questions, unresolved ambiguity does not penalize the employee; scoring proceeds.",MVP_REQUIRED,RESOLVED_FROM_SOURCE,4,TZ_AI_Tamagotchi_v1.0 (1).docx,§8.2,,,P0,8,04_ARCHITECTURE/ARCHITECTURE_FINAL.md; 17_IMPLEMENTATION/WORK_PACKAGE_CATALOG.csv#WP06,05_DATABASE/DATABASE_SPEC.md; 05_DATABASE/DATABASE_TRACEABILITY.csv,06_API/openapi_final_v1.yaml,17_IMPLEMENTATION/IMPLEMENTATION_BACKLOG.csv#IMP-082,REQT-PRD-AI-005,Stage19/21 current trace rebuilt from Feature Matrix + backlog + QA; external gate=NONE
PRD-AI-006,AI processing & scoring,The system must not label an employee statement as a lie or accuse the employee.,MVP_REQUIRED,RESOLVED_FROM_SOURCE,4,TZ_AI_Tamagotchi_v1.0 (1).docx,§8.2,,,P0,8,04_ARCHITECTURE/ARCHITECTURE_FINAL.md; 17_IMPLEMENTATION/WORK_PACKAGE_CATALOG.csv#WP06,05_DATABASE/DATABASE_SPEC.md; 05_DATABASE/DATABASE_TRACEABILITY.csv,06_API/openapi_final_v1.yaml,17_IMPLEMENTATION/IMPLEMENTATION_BACKLOG.csv#IMP-083,REQT-PRD-AI-006,Stage19/21 current trace rebuilt from Feature Matrix + backlog + QA; external gate=NONE
PRD-AI-007,AI processing & scoring,High similarity to a recent task may trigger a question whether it is a separate execution.,MVP_REQUIRED,RESOLVED_FROM_SOURCE,4,TZ_AI_Tamagotchi_v1.0 (1).docx,§8.3,,,P0,8,04_ARCHITECTURE/ARCHITECTURE_FINAL.md; 17_IMPLEMENTATION/WORK_PACKAGE_CATALOG.csv#WP06,05_DATABASE/DATABASE_SPEC.md; 05_DATABASE/DATABASE_TRACEABILITY.csv,06_API/openapi_final_v1.yaml,17_IMPLEMENTATION/IMPLEMENTATION_BACKLOG.csv#IMP-084,REQT-PRD-AI-007,Stage19/21 current trace rebuilt from Feature Matrix + backlog + QA; external gate=NONE
PRD-AI-008,AI processing & scoring,"If employee confirms a separate execution, both tasks score independently; similarity alone cannot deny points.",MVP_REQUIRED,RESOLVED_FROM_SOURCE,4,TZ_AI_Tamagotchi_v1.0 (1).docx,§8.3,,,P0,8,04_ARCHITECTURE/ARCHITECTURE_FINAL.md; 17_IMPLEMENTATION/WORK_PACKAGE_CATALOG.csv#WP06,05_DATABASE/DATABASE_SPEC.md; 05_DATABASE/DATABASE_TRACEABILITY.csv,06_API/openapi_final_v1.yaml,17_IMPLEMENTATION/IMPLEMENTATION_BACKLOG.csv#IMP-085,REQT-PRD-AI-008,Stage19/21 current trace rebuilt from Feature Matrix + backlog + QA; external gate=NONE
PRD-SCORE-001,AI processing & scoring,Complexity is the only base scoring dimension; business importance is not a separate scoring factor.,MVP_REQUIRED,RESOLVED_FROM_SOURCE,4,TZ_AI_Tamagotchi_v1.0 (1).docx,§7.1,,,P0,8,04_ARCHITECTURE/ARCHITECTURE_FINAL.md; 17_IMPLEMENTATION/WORK_PACKAGE_CATALOG.csv#WP06,05_DATABASE/DATABASE_SPEC.md; 05_DATABASE/DATABASE_TRACEABILITY.csv,06_API/openapi_final_v1.yaml,17_IMPLEMENTATION/IMPLEMENTATION_BACKLOG.csv#IMP-086,REQT-PRD-SCORE-001,Stage19/21 current trace rebuilt from Feature Matrix + backlog + QA; external gate=NONE
PRD-SCORE-002,AI processing & scoring,LLM/classifier selects only C1–C5; backend deterministic logic assigns numerical points.,MVP_REQUIRED,RESOLVED_FROM_SOURCE,4,TZ_AI_Tamagotchi_v1.0 (1).docx,§7.1; Appendix C,,,P0,8,04_ARCHITECTURE/ARCHITECTURE_FINAL.md; 17_IMPLEMENTATION/WORK_PACKAGE_CATALOG.csv#WP06,05_DATABASE/DATABASE_SPEC.md; 05_DATABASE/DATABASE_TRACEABILITY.csv,06_API/openapi_final_v1.yaml,17_IMPLEMENTATION/IMPLEMENTATION_BACKLOG.csv#IMP-087,REQT-PRD-SCORE-002,Stage19/21 current trace rebuilt from Feature Matrix + backlog + QA; external gate=NONE
PRD-SCORE-003,AI processing & scoring,C1 Basic = 1 point.,MVP_REQUIRED,RESOLVED_FROM_SOURCE,4,TZ_AI_Tamagotchi_v1.0 (1).docx,§7.1,,,P0,8,04_ARCHITECTURE/ARCHITECTURE_FINAL.md; 17_IMPLEMENTATION/WORK_PACKAGE_CATALOG.csv#WP06,05_DATABASE/DATABASE_SPEC.md; 05_DATABASE/DATABASE_TRACEABILITY.csv,06_API/openapi_final_v1.yaml,17_IMPLEMENTATION/IMPLEMENTATION_BACKLOG.csv#IMP-088,REQT-PRD-SCORE-003,Stage19/21 current trace rebuilt from Feature Matrix + backlog + QA; external gate=NONE
PRD-SCORE-004,AI processing & scoring,C2 Standard = 5 points.,MVP_REQUIRED,RESOLVED_FROM_SOURCE,4,TZ_AI_Tamagotchi_v1.0 (1).docx,§7.1,,,P0,8,04_ARCHITECTURE/ARCHITECTURE_FINAL.md; 17_IMPLEMENTATION/WORK_PACKAGE_CATALOG.csv#WP06,05_DATABASE/DATABASE_SPEC.md; 05_DATABASE/DATABASE_TRACEABILITY.csv,06_API/openapi_final_v1.yaml,17_IMPLEMENTATION/IMPLEMENTATION_BACKLOG.csv#IMP-089,REQT-PRD-SCORE-004,Stage19/21 current trace rebuilt from Feature Matrix + backlog + QA; external gate=NONE
PRD-SCORE-005,AI processing & scoring,C3 Advanced = 15 points.,MVP_REQUIRED,RESOLVED_FROM_SOURCE,4,TZ_AI_Tamagotchi_v1.0 (1).docx,§7.1,,,P0,8,04_ARCHITECTURE/ARCHITECTURE_FINAL.md; 17_IMPLEMENTATION/WORK_PACKAGE_CATALOG.csv#WP06,05_DATABASE/DATABASE_SPEC.md; 05_DATABASE/DATABASE_TRACEABILITY.csv,06_API/openapi_final_v1.yaml,17_IMPLEMENTATION/IMPLEMENTATION_BACKLOG.csv#IMP-090,REQT-PRD-SCORE-005,Stage19/21 current trace rebuilt from Feature Matrix + backlog + QA; external gate=NONE
PRD-SCORE-006,AI processing & scoring,C4 Expert = 40 points.,MVP_REQUIRED,RESOLVED_FROM_SOURCE,4,TZ_AI_Tamagotchi_v1.0 (1).docx,§7.1,,,P0,8,04_ARCHITECTURE/ARCHITECTURE_FINAL.md; 17_IMPLEMENTATION/WORK_PACKAGE_CATALOG.csv#WP06,05_DATABASE/DATABASE_SPEC.md; 05_DATABASE/DATABASE_TRACEABILITY.csv,06_API/openapi_final_v1.yaml,17_IMPLEMENTATION/IMPLEMENTATION_BACKLOG.csv#IMP-091,REQT-PRD-SCORE-006,Stage19/21 current trace rebuilt from Feature Matrix + backlog + QA; external gate=NONE
PRD-SCORE-007,AI processing & scoring,C5 System / AI Engineering = 100 points.,MVP_REQUIRED,RESOLVED_FROM_SOURCE,4,TZ_AI_Tamagotchi_v1.0 (1).docx,§7.1,,,P0,8,04_ARCHITECTURE/ARCHITECTURE_FINAL.md; 17_IMPLEMENTATION/WORK_PACKAGE_CATALOG.csv#WP06,05_DATABASE/DATABASE_SPEC.md; 05_DATABASE/DATABASE_TRACEABILITY.csv,06_API/openapi_final_v1.yaml,17_IMPLEMENTATION/IMPLEMENTATION_BACKLOG.csv#IMP-092,REQT-PRD-SCORE-007,Stage19/21 current trace rebuilt from Feature Matrix + backlog + QA; external gate=NONE
PRD-SCORE-008,AI processing & scoring,Evidence signals guide C-level classification but are not mechanically summed into score.,MVP_REQUIRED,RESOLVED_FROM_SOURCE,4,TZ_AI_Tamagotchi_v1.0 (1).docx,§7.2,,,P0,8,04_ARCHITECTURE/ARCHITECTURE_FINAL.md; 17_IMPLEMENTATION/WORK_PACKAGE_CATALOG.csv#WP06,05_DATABASE/DATABASE_SPEC.md; 05_DATABASE/DATABASE_TRACEABILITY.csv,06_API/openapi_final_v1.yaml,17_IMPLEMENTATION/IMPLEMENTATION_BACKLOG.csv#IMP-093,REQT-PRD-SCORE-008,Stage19/21 current trace rebuilt from Feature Matrix + backlog + QA; external gate=NONE
PRD-SCORE-009,AI processing & scoring,Number of AI tools alone does not increase Complexity without a connected workflow.,MVP_REQUIRED,RESOLVED_FROM_SOURCE,4,TZ_AI_Tamagotchi_v1.0 (1).docx,§7.2; §7.4,,,P0,8,04_ARCHITECTURE/ARCHITECTURE_FINAL.md; 17_IMPLEMENTATION/WORK_PACKAGE_CATALOG.csv#WP06,05_DATABASE/DATABASE_SPEC.md; 05_DATABASE/DATABASE_TRACEABILITY.csv,06_API/openapi_final_v1.yaml,17_IMPLEMENTATION/IMPLEMENTATION_BACKLOG.csv#IMP-094,REQT-PRD-SCORE-009,Stage19/21 current trace rebuilt from Feature Matrix + backlog + QA; external gate=NONE
PRD-SCORE-010,AI processing & scoring,"Role, personal skill, recipient status, description verbosity and inferred prestige must not affect Complexity.",MVP_REQUIRED,RESOLVED_FROM_SOURCE,4,TZ_AI_Tamagotchi_v1.0 (1).docx,§7.4,,,P0,8,04_ARCHITECTURE/ARCHITECTURE_FINAL.md; 17_IMPLEMENTATION/WORK_PACKAGE_CATALOG.csv#WP06,05_DATABASE/DATABASE_SPEC.md; 05_DATABASE/DATABASE_TRACEABILITY.csv,06_API/openapi_final_v1.yaml,17_IMPLEMENTATION/IMPLEMENTATION_BACKLOG.csv#IMP-095,REQT-PRD-SCORE-010,Stage19/21 current trace rebuilt from Feature Matrix + backlog + QA; external gate=NONE
PRD-SCORE-011,AI processing & scoring,Processing must record prompt/model/rubric version identifiers so rule changes do not silently change historical records.,MVP_REQUIRED,RESOLVED_FROM_SOURCE,4,TZ_AI_Tamagotchi_v1.0 (1).docx,Appendix C,,,P0,8,04_ARCHITECTURE/ARCHITECTURE_FINAL.md; 17_IMPLEMENTATION/WORK_PACKAGE_CATALOG.csv#WP06,05_DATABASE/DATABASE_SPEC.md; 05_DATABASE/DATABASE_TRACEABILITY.csv,06_API/openapi_final_v1.yaml,17_IMPLEMENTATION/IMPLEMENTATION_BACKLOG.csv#IMP-096,REQT-PRD-SCORE-011,Stage19/21 current trace rebuilt from Feature Matrix + backlog + QA; external gate=NONE
PRD-HP-001,Pet HP & health,HP range is 0–100.,MVP_REQUIRED,RESOLVED_FROM_SOURCE,4,TZ_AI_Tamagotchi_v1.0 (1).docx,§9.1,,,P0,7,04_ARCHITECTURE/ARCHITECTURE_FINAL.md; 17_IMPLEMENTATION/WORK_PACKAGE_CATALOG.csv#WP07,05_DATABASE/DATABASE_SPEC.md; 05_DATABASE/DATABASE_TRACEABILITY.csv,06_API/openapi_final_v1.yaml,17_IMPLEMENTATION/IMPLEMENTATION_BACKLOG.csv#IMP-097,REQT-PRD-HP-001,Stage19/21 current trace rebuilt from Feature Matrix + backlog + QA; external gate=NONE
PRD-HP-002,Pet HP & health,HP 80–100 = Happy/energetic state.,MVP_REQUIRED,RESOLVED_FROM_SOURCE,4,TZ_AI_Tamagotchi_v1.0 (1).docx,§9.1,,,P0,7,04_ARCHITECTURE/ARCHITECTURE_FINAL.md; 17_IMPLEMENTATION/WORK_PACKAGE_CATALOG.csv#WP07,05_DATABASE/DATABASE_SPEC.md; 05_DATABASE/DATABASE_TRACEABILITY.csv,06_API/openapi_final_v1.yaml,17_IMPLEMENTATION/IMPLEMENTATION_BACKLOG.csv#IMP-098,REQT-PRD-HP-002,Stage19/21 current trace rebuilt from Feature Matrix + backlog + QA; external gate=NONE
PRD-HP-003,Pet HP & health,HP 60–79 = Normal.,MVP_REQUIRED,RESOLVED_FROM_SOURCE,4,TZ_AI_Tamagotchi_v1.0 (1).docx,§9.1,,,P0,7,04_ARCHITECTURE/ARCHITECTURE_FINAL.md; 17_IMPLEMENTATION/WORK_PACKAGE_CATALOG.csv#WP07,05_DATABASE/DATABASE_SPEC.md; 05_DATABASE/DATABASE_TRACEABILITY.csv,06_API/openapi_final_v1.yaml,17_IMPLEMENTATION/IMPLEMENTATION_BACKLOG.csv#IMP-099,REQT-PRD-HP-003,Stage19/21 current trace rebuilt from Feature Matrix + backlog + QA; external gate=NONE
PRD-HP-004,Pet HP & health,HP 40–59 = Bored.,MVP_REQUIRED,RESOLVED_FROM_SOURCE,4,TZ_AI_Tamagotchi_v1.0 (1).docx,§9.1,,,P0,7,04_ARCHITECTURE/ARCHITECTURE_FINAL.md; 17_IMPLEMENTATION/WORK_PACKAGE_CATALOG.csv#WP07,05_DATABASE/DATABASE_SPEC.md; 05_DATABASE/DATABASE_TRACEABILITY.csv,06_API/openapi_final_v1.yaml,17_IMPLEMENTATION/IMPLEMENTATION_BACKLOG.csv#IMP-100,REQT-PRD-HP-004,Stage19/21 current trace rebuilt from Feature Matrix + backlog + QA; external gate=NONE
PRD-HP-005,Pet HP & health,HP 20–39 = Tired.,MVP_REQUIRED,RESOLVED_FROM_SOURCE,4,TZ_AI_Tamagotchi_v1.0 (1).docx,§9.1,,,P0,7,04_ARCHITECTURE/ARCHITECTURE_FINAL.md; 17_IMPLEMENTATION/WORK_PACKAGE_CATALOG.csv#WP07,05_DATABASE/DATABASE_SPEC.md; 05_DATABASE/DATABASE_TRACEABILITY.csv,06_API/openapi_final_v1.yaml,17_IMPLEMENTATION/IMPLEMENTATION_BACKLOG.csv#IMP-101,REQT-PRD-HP-005,Stage19/21 current trace rebuilt from Feature Matrix + backlog + QA; external gate=NONE
PRD-HP-006,Pet HP & health,HP 1–19 = Very Weak.,MVP_REQUIRED,RESOLVED_FROM_SOURCE,4,TZ_AI_Tamagotchi_v1.0 (1).docx,§9.1,,,P0,7,04_ARCHITECTURE/ARCHITECTURE_FINAL.md; 17_IMPLEMENTATION/WORK_PACKAGE_CATALOG.csv#WP07,05_DATABASE/DATABASE_SPEC.md; 05_DATABASE/DATABASE_TRACEABILITY.csv,06_API/openapi_final_v1.yaml,17_IMPLEMENTATION/IMPLEMENTATION_BACKLOG.csv#IMP-102,REQT-PRD-HP-006,Stage19/21 current trace rebuilt from Feature Matrix + backlog + QA; external gate=NONE
PRD-HP-007,Pet HP & health,HP 0 = Coma.,MVP_REQUIRED,RESOLVED_FROM_SOURCE,4,TZ_AI_Tamagotchi_v1.0 (1).docx,§9.1,,,P0,7,04_ARCHITECTURE/ARCHITECTURE_FINAL.md; 17_IMPLEMENTATION/WORK_PACKAGE_CATALOG.csv#WP07,05_DATABASE/DATABASE_SPEC.md; 05_DATABASE/DATABASE_TRACEABILITY.csv,06_API/openapi_final_v1.yaml,17_IMPLEMENTATION/IMPLEMENTATION_BACKLOG.csv#IMP-103,REQT-PRD-HP-007,Stage19/21 current trace rebuilt from Feature Matrix + backlog + QA; external gate=NONE
PRD-HP-008,Pet HP & health,Business-day calculations use Saint Petersburg calendar/date with day close at 23:59.,MVP_REQUIRED,RESOLVED_FROM_SOURCE,4,TZ_AI_Tamagotchi_v1.0 (1).docx,§9.2,,,P0,7,04_ARCHITECTURE/ARCHITECTURE_FINAL.md; 17_IMPLEMENTATION/WORK_PACKAGE_CATALOG.csv#WP07,05_DATABASE/DATABASE_SPEC.md; 05_DATABASE/DATABASE_TRACEABILITY.csv,06_API/openapi_final_v1.yaml,17_IMPLEMENTATION/IMPLEMENTATION_BACKLOG.csv#IMP-104,REQT-PRD-HP-008,Stage19/21 current trace rebuilt from Feature Matrix + backlog + QA; external gate=NONE
PRD-HP-009,Pet HP & health,A working day with no registered tasks applies -30 HP after day close.,CONFIGURABLE_BASELINE,RESOLVED_FROM_SOURCE,4,TZ_AI_Tamagotchi_v1.0 (1).docx,§9.2,,,P0,7,04_ARCHITECTURE/ARCHITECTURE_FINAL.md; 17_IMPLEMENTATION/WORK_PACKAGE_CATALOG.csv#WP07,05_DATABASE/DATABASE_SPEC.md; 05_DATABASE/DATABASE_TRACEABILITY.csv,06_API/openapi_final_v1.yaml,17_IMPLEMENTATION/IMPLEMENTATION_BACKLOG.csv#IMP-105,REQT-PRD-HP-009,Product v1.0 marks balance parameters for pilot calibration; preserve this exact baseline until an explicit later decision.; Stage19/21 current trace rebuilt from Feature Matrix + backlog + QA; external gate=NONE
PRD-HP-010,Pet HP & health,"Daily base recovery uses the day's maximum Complexity: C1 +10, C2 +15, C3 +25, C4 +35, C5 +45.",CONFIGURABLE_BASELINE,RESOLVED_FROM_SOURCE,4,TZ_AI_Tamagotchi_v1.0 (1).docx,§9.2,,,P0,7,04_ARCHITECTURE/ARCHITECTURE_FINAL.md; 17_IMPLEMENTATION/WORK_PACKAGE_CATALOG.csv#WP07,05_DATABASE/DATABASE_SPEC.md; 05_DATABASE/DATABASE_TRACEABILITY.csv,06_API/openapi_final_v1.yaml,17_IMPLEMENTATION/IMPLEMENTATION_BACKLOG.csv#IMP-106,REQT-PRD-HP-010,Product v1.0 marks balance parameters for pilot calibration; preserve this exact baseline until an explicit later decision.; Stage19/21 current trace rebuilt from Feature Matrix + backlog + QA; external gate=NONE
PRD-HP-011,Pet HP & health,Each additional valid task beyond the day's maximum-Complexity task adds +2 HP; HP stays capped at 100.,CONFIGURABLE_BASELINE,RESOLVED_FROM_SOURCE,4,TZ_AI_Tamagotchi_v1.0 (1).docx,§9.2,,,P0,7,04_ARCHITECTURE/ARCHITECTURE_FINAL.md; 17_IMPLEMENTATION/WORK_PACKAGE_CATALOG.csv#WP07,05_DATABASE/DATABASE_SPEC.md; 05_DATABASE/DATABASE_TRACEABILITY.csv,06_API/openapi_final_v1.yaml,17_IMPLEMENTATION/IMPLEMENTATION_BACKLOG.csv#IMP-107,REQT-PRD-HP-011,Product v1.0 marks balance parameters for pilot calibration; preserve this exact baseline until an explicit later decision.; Stage19/21 current trace rebuilt from Feature Matrix + backlog + QA; external gate=NONE
PRD-HP-012,Pet HP & health,"Weekends, corporate non-working days and active vacation do not change HP.",MVP_REQUIRED,RESOLVED_FROM_SOURCE,4,TZ_AI_Tamagotchi_v1.0 (1).docx,§9.2,,,P0,7,04_ARCHITECTURE/ARCHITECTURE_FINAL.md; 17_IMPLEMENTATION/WORK_PACKAGE_CATALOG.csv#WP07,05_DATABASE/DATABASE_SPEC.md; 05_DATABASE/DATABASE_TRACEABILITY.csv,06_API/openapi_final_v1.yaml,17_IMPLEMENTATION/IMPLEMENTATION_BACKLOG.csv#IMP-108,REQT-PRD-HP-012,Stage19/21 current trace rebuilt from Feature Matrix + backlog + QA; external gate=NONE
PRD-HP-013,Pet HP & health,At HP=0 the pet enters Coma and never permanently dies.,MVP_REQUIRED,RESOLVED_FROM_SOURCE,4,TZ_AI_Tamagotchi_v1.0 (1).docx,§9.3,,,P0,7,04_ARCHITECTURE/ARCHITECTURE_FINAL.md; 17_IMPLEMENTATION/WORK_PACKAGE_CATALOG.csv#WP07,05_DATABASE/DATABASE_SPEC.md; 05_DATABASE/DATABASE_TRACEABILITY.csv,06_API/openapi_final_v1.yaml,17_IMPLEMENTATION/IMPLEMENTATION_BACKLOG.csv#IMP-109,REQT-PRD-HP-013,Stage19/21 current trace rebuilt from Feature Matrix + backlog + QA; external gate=NONE
PRD-HP-014,Pet HP & health,"Coma exit requires at least two active working days: first starts recovery, second exits to Very Weak.",MVP_REQUIRED,RESOLVED_FROM_SOURCE,4,TZ_AI_Tamagotchi_v1.0 (1).docx,§9.3,,,P0,7,04_ARCHITECTURE/ARCHITECTURE_FINAL.md; 17_IMPLEMENTATION/WORK_PACKAGE_CATALOG.csv#WP07,05_DATABASE/DATABASE_SPEC.md; 05_DATABASE/DATABASE_TRACEABILITY.csv,06_API/openapi_final_v1.yaml,17_IMPLEMENTATION/IMPLEMENTATION_BACKLOG.csv#IMP-110,REQT-PRD-HP-014,Stage19/21 current trace rebuilt from Feature Matrix + backlog + QA; external gate=NONE
PRD-HP-015,Pet HP & health,One C5 task cannot instantly exit Coma.,MVP_REQUIRED,RESOLVED_FROM_SOURCE,4,TZ_AI_Tamagotchi_v1.0 (1).docx,§9.3,,,P0,7,04_ARCHITECTURE/ARCHITECTURE_FINAL.md; 17_IMPLEMENTATION/WORK_PACKAGE_CATALOG.csv#WP07,05_DATABASE/DATABASE_SPEC.md; 05_DATABASE/DATABASE_TRACEABILITY.csv,06_API/openapi_final_v1.yaml,17_IMPLEMENTATION/IMPLEMENTATION_BACKLOG.csv#IMP-111,REQT-PRD-HP-015,Stage19/21 current trace rebuilt from Feature Matrix + backlog + QA; external gate=NONE
PRD-HP-016,Pet HP & health,Employee can manually toggle vacation without retroactive effect; vacation freezes HP/streak but does not recalculate Monthly Goals.,MVP_REQUIRED,RESOLVED_FROM_SOURCE,4,TZ_AI_Tamagotchi_v1.0 (1).docx,§9.4,,,P0,7,04_ARCHITECTURE/ARCHITECTURE_FINAL.md; 17_IMPLEMENTATION/WORK_PACKAGE_CATALOG.csv#WP07,05_DATABASE/DATABASE_SPEC.md; 05_DATABASE/DATABASE_TRACEABILITY.csv,06_API/openapi_final_v1.yaml,17_IMPLEMENTATION/IMPLEMENTATION_BACKLOG.csv#IMP-112,REQT-PRD-HP-016,Stage19/21 current trace rebuilt from Feature Matrix + backlog + QA; external gate=NONE
PRD-STR-001,Streak & evolution,An active working day has at least one registered task and increases streak by at most 1.,MVP_REQUIRED,RESOLVED_FROM_SOURCE,4,TZ_AI_Tamagotchi_v1.0 (1).docx,§10,,,P0,7/11,04_ARCHITECTURE/ARCHITECTURE_FINAL.md; 17_IMPLEMENTATION/WORK_PACKAGE_CATALOG.csv#WP07,05_DATABASE/DATABASE_SPEC.md; 05_DATABASE/DATABASE_TRACEABILITY.csv,06_API/openapi_final_v1.yaml,17_IMPLEMENTATION/IMPLEMENTATION_BACKLOG.csv#IMP-113,REQT-PRD-STR-001,Stage19/21 current trace rebuilt from Feature Matrix + backlog + QA; external gate=NONE
PRD-STR-002,Streak & evolution,A working day without tasks resets current streak.,MVP_REQUIRED,RESOLVED_FROM_SOURCE,4,TZ_AI_Tamagotchi_v1.0 (1).docx,§10,,,P0,7/11,04_ARCHITECTURE/ARCHITECTURE_FINAL.md; 17_IMPLEMENTATION/WORK_PACKAGE_CATALOG.csv#WP07,05_DATABASE/DATABASE_SPEC.md; 05_DATABASE/DATABASE_TRACEABILITY.csv,06_API/openapi_final_v1.yaml,17_IMPLEMENTATION/IMPLEMENTATION_BACKLOG.csv#IMP-114,REQT-PRD-STR-002,Stage19/21 current trace rebuilt from Feature Matrix + backlog + QA; external gate=NONE
PRD-STR-003,Streak & evolution,"Weekends, corporate non-working days and vacation freeze streak without increasing it.",MVP_REQUIRED,RESOLVED_FROM_SOURCE,4,TZ_AI_Tamagotchi_v1.0 (1).docx,§10,,,P0,7/11,04_ARCHITECTURE/ARCHITECTURE_FINAL.md; 17_IMPLEMENTATION/WORK_PACKAGE_CATALOG.csv#WP07,05_DATABASE/DATABASE_SPEC.md; 05_DATABASE/DATABASE_TRACEABILITY.csv,06_API/openapi_final_v1.yaml,17_IMPLEMENTATION/IMPLEMENTATION_BACKLOG.csv#IMP-115,REQT-PRD-STR-003,Stage19/21 current trace rebuilt from Feature Matrix + backlog + QA; external gate=NONE
PRD-STR-004,Streak & evolution,Store current streak and personal best streak.,MVP_REQUIRED,RESOLVED_FROM_SOURCE,4,TZ_AI_Tamagotchi_v1.0 (1).docx,§10,,,P0,7/11,04_ARCHITECTURE/ARCHITECTURE_FINAL.md; 17_IMPLEMENTATION/WORK_PACKAGE_CATALOG.csv#WP07,05_DATABASE/DATABASE_SPEC.md; 05_DATABASE/DATABASE_TRACEABILITY.csv,06_API/openapi_final_v1.yaml,17_IMPLEMENTATION/IMPLEMENTATION_BACKLOG.csv#IMP-116,REQT-PRD-STR-004,Stage19/21 current trace rebuilt from Feature Matrix + backlog + QA; external gate=NONE
PRD-STR-005,Streak & evolution,Streak XP rewards occur only on one-time lifetime milestones.,MVP_REQUIRED,RESOLVED_FROM_SOURCE,4,TZ_AI_Tamagotchi_v1.0 (1).docx,§10.1,,,P0,7/11,04_ARCHITECTURE/ARCHITECTURE_FINAL.md; 17_IMPLEMENTATION/WORK_PACKAGE_CATALOG.csv#WP07,05_DATABASE/DATABASE_SPEC.md; 05_DATABASE/DATABASE_TRACEABILITY.csv,06_API/openapi_final_v1.yaml,17_IMPLEMENTATION/IMPLEMENTATION_BACKLOG.csv#IMP-117,REQT-PRD-STR-005,Stage19/21 current trace rebuilt from Feature Matrix + backlog + QA; external gate=NONE
PRD-STR-006,Streak & evolution,Working milestone baseline: days 5/10/20/40/80/160 → Evolution XP +5/+10/+20/+40/+80/+150.,CONFIGURABLE_BASELINE,RESOLVED_FROM_SOURCE,4,TZ_AI_Tamagotchi_v1.0 (1).docx,§10.1,,,P0,7/11,04_ARCHITECTURE/ARCHITECTURE_FINAL.md; 17_IMPLEMENTATION/WORK_PACKAGE_CATALOG.csv#WP07,05_DATABASE/DATABASE_SPEC.md; 05_DATABASE/DATABASE_TRACEABILITY.csv,06_API/openapi_final_v1.yaml,17_IMPLEMENTATION/IMPLEMENTATION_BACKLOG.csv#IMP-118,REQT-PRD-STR-006,Stage19/21 current trace rebuilt from Feature Matrix + backlog + QA; external gate=NONE
PRD-EVO-001,Streak & evolution,Evolution XP is irreversible lifetime progress and never decreases.,MVP_REQUIRED,RESOLVED_FROM_SOURCE,4,TZ_AI_Tamagotchi_v1.0 (1).docx,§11.1,,,P0,7/11,04_ARCHITECTURE/ARCHITECTURE_FINAL.md; 17_IMPLEMENTATION/WORK_PACKAGE_CATALOG.csv#WP07,05_DATABASE/DATABASE_SPEC.md; 05_DATABASE/DATABASE_TRACEABILITY.csv,06_API/openapi_final_v1.yaml,17_IMPLEMENTATION/IMPLEMENTATION_BACKLOG.csv#IMP-119,REQT-PRD-EVO-001,Stage19/21 current trace rebuilt from Feature Matrix + backlog + QA; external gate=NONE
PRD-EVO-002,Streak & evolution,"HP decline, Coma and annual leaderboard reset do not reduce Evolution XP or evolution stage.",MVP_REQUIRED,RESOLVED_FROM_SOURCE,4,TZ_AI_Tamagotchi_v1.0 (1).docx,§11.1,,,P0,7/11,04_ARCHITECTURE/ARCHITECTURE_FINAL.md; 17_IMPLEMENTATION/WORK_PACKAGE_CATALOG.csv#WP07,05_DATABASE/DATABASE_SPEC.md; 05_DATABASE/DATABASE_TRACEABILITY.csv,06_API/openapi_final_v1.yaml,17_IMPLEMENTATION/IMPLEMENTATION_BACKLOG.csv#IMP-120,REQT-PRD-EVO-002,Stage19/21 current trace rebuilt from Feature Matrix + backlog + QA; external gate=NONE
PRD-EVO-003,Streak & evolution,Evolution XP = Lifetime Task Score + Goal XP + Streak Milestone XP + Achievement XP.,MVP_REQUIRED,RESOLVED_FROM_SOURCE,4,TZ_AI_Tamagotchi_v1.0 (1).docx,§11.2,,,P0,7/11,04_ARCHITECTURE/ARCHITECTURE_FINAL.md; 17_IMPLEMENTATION/WORK_PACKAGE_CATALOG.csv#WP07,05_DATABASE/DATABASE_SPEC.md; 05_DATABASE/DATABASE_TRACEABILITY.csv,06_API/openapi_final_v1.yaml,17_IMPLEMENTATION/IMPLEMENTATION_BACKLOG.csv#IMP-121,REQT-PRD-EVO-003,Stage19/21 current trace rebuilt from Feature Matrix + backlog + QA; external gate=NONE
PRD-EVO-004,Streak & evolution,Task Score converts to Evolution XP 1:1.,MVP_REQUIRED,RESOLVED_FROM_SOURCE,4,TZ_AI_Tamagotchi_v1.0 (1).docx,§11.2,,,P0,7/11,04_ARCHITECTURE/ARCHITECTURE_FINAL.md; 17_IMPLEMENTATION/WORK_PACKAGE_CATALOG.csv#WP07,05_DATABASE/DATABASE_SPEC.md; 05_DATABASE/DATABASE_TRACEABILITY.csv,06_API/openapi_final_v1.yaml,17_IMPLEMENTATION/IMPLEMENTATION_BACKLOG.csv#IMP-122,REQT-PRD-EVO-004,Stage19/21 current trace rebuilt from Feature Matrix + backlog + QA; external gate=NONE
PRD-EVO-005,Streak & evolution,"Working evolution threshold baseline is E1=0, E2=250, E3=750, E4=2000, E5=5000 XP.",CONFIGURABLE_BASELINE,RESOLVED_FROM_SOURCE,4,TZ_AI_Tamagotchi_v1.0 (1).docx,§11.3,,,P0,7/11,04_ARCHITECTURE/ARCHITECTURE_FINAL.md; 17_IMPLEMENTATION/WORK_PACKAGE_CATALOG.csv#WP07,05_DATABASE/DATABASE_SPEC.md; 05_DATABASE/DATABASE_TRACEABILITY.csv,06_API/openapi_final_v1.yaml,17_IMPLEMENTATION/IMPLEMENTATION_BACKLOG.csv#IMP-123,REQT-PRD-EVO-005,Stage19/21 current trace rebuilt from Feature Matrix + backlog + QA; external gate=NONE
PRD-EVO-006,Streak & evolution,Evolution stage names/thresholds are balance/content parameters requiring simulation before production freeze; current values remain baseline until explicitly changed.,CONFIGURABLE_BASELINE,RESOLVED_FROM_SOURCE,4,TZ_AI_Tamagotchi_v1.0 (1).docx,§11.3,,,P0,7/11,04_ARCHITECTURE/ARCHITECTURE_FINAL.md; 17_IMPLEMENTATION/WORK_PACKAGE_CATALOG.csv#WP07,05_DATABASE/DATABASE_SPEC.md; 05_DATABASE/DATABASE_TRACEABILITY.csv,06_API/openapi_final_v1.yaml,17_IMPLEMENTATION/IMPLEMENTATION_BACKLOG.csv#IMP-124,REQT-PRD-EVO-006,Stage19/21 current trace rebuilt from Feature Matrix + backlog + QA; external gate=NONE
PRD-EVO-007,Streak & evolution,"Evolution branch mechanics remain part of product logic, while final branch-specific visual art is not production-frozen.",MVP_REQUIRED,DEFERRED_NONBLOCKING,2,AI_TAMAGOTCHI_VISUAL_PACKAGE_v1.0/00_README/OPEN_DECISIONS_FINAL.md,§11,,OD-029,P0_BASELINE_DEFERRED_FREEZE,7/11,04_ARCHITECTURE/ARCHITECTURE_FINAL.md; 17_IMPLEMENTATION/WORK_PACKAGE_CATALOG.csv#WP07,05_DATABASE/DATABASE_SPEC.md; 05_DATABASE/DATABASE_TRACEABILITY.csv,06_API/openapi_final_v1.yaml,17_IMPLEMENTATION/IMPLEMENTATION_BACKLOG.csv#IMP-125,REQT-PRD-EVO-007,Do not invent final branch-specific art; base/canonical mascot remains implementation-safe.; Stage19/21 current trace rebuilt from Feature Matrix + backlog + QA; external gate=FINAL_FREEZE_TUNING_OR_CURRENT_BASELINE
PRD-GOAL-001,Monthly Goals,Monthly Goal setup is mandatory when the monthly setup gate is active and blocks main-interface entry until complete.,MVP_REQUIRED,RESOLVED_FROM_SOURCE,4,TZ_AI_Tamagotchi_v1.0 (1).docx,§12.1,GOAL-001,,P0,7,04_ARCHITECTURE/ARCHITECTURE_FINAL.md; 17_IMPLEMENTATION/WORK_PACKAGE_CATALOG.csv#WP08,05_DATABASE/DATABASE_SPEC.md; 05_DATABASE/DATABASE_TRACEABILITY.csv,06_API/openapi_final_v1.yaml,17_IMPLEMENTATION/IMPLEMENTATION_BACKLOG.csv#IMP-126,REQT-PRD-GOAL-001,Stage19/21 current trace rebuilt from Feature Matrix + backlog + QA; external gate=NONE
PRD-GOAL-002,Monthly Goals,System generates exactly five personalized measurable goal options; employee selects two.,MVP_REQUIRED,RESOLVED_FROM_SOURCE,4,TZ_AI_Tamagotchi_v1.0 (1).docx,§12.1,GOAL-002,,P0,7,04_ARCHITECTURE/ARCHITECTURE_FINAL.md; 17_IMPLEMENTATION/WORK_PACKAGE_CATALOG.csv#WP08,05_DATABASE/DATABASE_SPEC.md; 05_DATABASE/DATABASE_TRACEABILITY.csv,06_API/openapi_final_v1.yaml,17_IMPLEMENTATION/IMPLEMENTATION_BACKLOG.csv#IMP-127,REQT-PRD-GOAL-002,Stage19/21 current trace rebuilt from Feature Matrix + backlog + QA; external gate=NONE
PRD-GOAL-003,Monthly Goals,System assigns the third goal automatically; it cannot be replaced or rejected.,MVP_REQUIRED,RESOLVED_FROM_SOURCE,4,TZ_AI_Tamagotchi_v1.0 (1).docx,§12.1,GOAL-002,,P0,7,04_ARCHITECTURE/ARCHITECTURE_FINAL.md; 17_IMPLEMENTATION/WORK_PACKAGE_CATALOG.csv#WP08,05_DATABASE/DATABASE_SPEC.md; 05_DATABASE/DATABASE_TRACEABILITY.csv,06_API/openapi_final_v1.yaml,17_IMPLEMENTATION/IMPLEMENTATION_BACKLOG.csv#IMP-128,REQT-PRD-GOAL-003,Stage19/21 current trace rebuilt from Feature Matrix + backlog + QA; external gate=NONE
PRD-GOAL-004,Monthly Goals,Personalization uses employee history; for a new employee only available context/universal assumptions may be used without inventing experience.,MVP_REQUIRED,RESOLVED_FROM_SOURCE,4,TZ_AI_Tamagotchi_v1.0 (1).docx,§12.1,GOAL-003,,P0,7,04_ARCHITECTURE/ARCHITECTURE_FINAL.md; 17_IMPLEMENTATION/WORK_PACKAGE_CATALOG.csv#WP08,05_DATABASE/DATABASE_SPEC.md; 05_DATABASE/DATABASE_TRACEABILITY.csv,06_API/openapi_final_v1.yaml,17_IMPLEMENTATION/IMPLEMENTATION_BACKLOG.csv#IMP-129,REQT-PRD-GOAL-004,Stage19/21 current trace rebuilt from Feature Matrix + backlog + QA; external gate=NONE
PRD-GOAL-005,Monthly Goals,First authorization mid-month triggers immediate goal setup without proration.,MVP_REQUIRED,RESOLVED_FROM_SOURCE,4,TZ_AI_Tamagotchi_v1.0 (1).docx,§12.1,GOAL-004,,P0,7,04_ARCHITECTURE/ARCHITECTURE_FINAL.md; 17_IMPLEMENTATION/WORK_PACKAGE_CATALOG.csv#WP08,05_DATABASE/DATABASE_SPEC.md; 05_DATABASE/DATABASE_TRACEABILITY.csv,06_API/openapi_final_v1.yaml,17_IMPLEMENTATION/IMPLEMENTATION_BACKLOG.csv#IMP-130,REQT-PRD-GOAL-005,Stage19/21 current trace rebuilt from Feature Matrix + backlog + QA; external gate=NONE
PRD-GOAL-006,Monthly Goals,Each human-readable goal has a machine-readable rule executable by backend logic.,MVP_REQUIRED,RESOLVED_FROM_SOURCE,4,TZ_AI_Tamagotchi_v1.0 (1).docx,§12.2,,,P0,7,04_ARCHITECTURE/ARCHITECTURE_FINAL.md; 17_IMPLEMENTATION/WORK_PACKAGE_CATALOG.csv#WP08,05_DATABASE/DATABASE_SPEC.md; 05_DATABASE/DATABASE_TRACEABILITY.csv,06_API/openapi_final_v1.yaml,17_IMPLEMENTATION/IMPLEMENTATION_BACKLOG.csv#IMP-131,REQT-PRD-GOAL-006,Stage19/21 current trace rebuilt from Feature Matrix + backlog + QA; external gate=NONE
PRD-GOAL-007,Monthly Goals,The system is not required to explain why the mandatory third goal was assigned.,MVP_REQUIRED,RESOLVED_FROM_SOURCE,4,TZ_AI_Tamagotchi_v1.0 (1).docx,§12.2,GOAL-005,,P0,7,04_ARCHITECTURE/ARCHITECTURE_FINAL.md; 17_IMPLEMENTATION/WORK_PACKAGE_CATALOG.csv#WP08,05_DATABASE/DATABASE_SPEC.md; 05_DATABASE/DATABASE_TRACEABILITY.csv,06_API/openapi_final_v1.yaml,17_IMPLEMENTATION/IMPLEMENTATION_BACKLOG.csv#IMP-132,REQT-PRD-GOAL-007,Stage19/21 current trace rebuilt from Feature Matrix + backlog + QA; external gate=NONE
PRD-GOAL-008,Monthly Goals,Each new task is automatically matched against active goals; one task may advance multiple goals.,MVP_REQUIRED,RESOLVED_FROM_SOURCE,4,TZ_AI_Tamagotchi_v1.0 (1).docx,§12.3,GOAL-006,,P0,7,04_ARCHITECTURE/ARCHITECTURE_FINAL.md; 17_IMPLEMENTATION/WORK_PACKAGE_CATALOG.csv#WP08,05_DATABASE/DATABASE_SPEC.md; 05_DATABASE/DATABASE_TRACEABILITY.csv,06_API/openapi_final_v1.yaml,17_IMPLEMENTATION/IMPLEMENTATION_BACKLOG.csv#IMP-133,REQT-PRD-GOAL-008,Stage19/21 current trace rebuilt from Feature Matrix + backlog + QA; external gate=NONE
PRD-GOAL-009,Monthly Goals,Goal progress updates in real time and reaching target immediately marks the goal complete.,MVP_REQUIRED,RESOLVED_FROM_SOURCE,4,TZ_AI_Tamagotchi_v1.0 (1).docx,§12.3,GOAL-007,,P0,7,04_ARCHITECTURE/ARCHITECTURE_FINAL.md; 17_IMPLEMENTATION/WORK_PACKAGE_CATALOG.csv#WP08,05_DATABASE/DATABASE_SPEC.md; 05_DATABASE/DATABASE_TRACEABILITY.csv,06_API/openapi_final_v1.yaml,17_IMPLEMENTATION/IMPLEMENTATION_BACKLOG.csv#IMP-134,REQT-PRD-GOAL-009,Stage19/21 current trace rebuilt from Feature Matrix + backlog + QA; external gate=NONE
PRD-GOAL-010,Monthly Goals,Overachievement provides no additional goal bonus.,MVP_REQUIRED,RESOLVED_FROM_SOURCE,4,TZ_AI_Tamagotchi_v1.0 (1).docx,§12.3,GOAL-008,,P0,7,04_ARCHITECTURE/ARCHITECTURE_FINAL.md; 17_IMPLEMENTATION/WORK_PACKAGE_CATALOG.csv#WP08,05_DATABASE/DATABASE_SPEC.md; 05_DATABASE/DATABASE_TRACEABILITY.csv,06_API/openapi_final_v1.yaml,17_IMPLEMENTATION/IMPLEMENTATION_BACKLOG.csv#IMP-135,REQT-PRD-GOAL-010,Stage19/21 current trace rebuilt from Feature Matrix + backlog + QA; external gate=NONE
PRD-GOAL-011,Monthly Goals,"Vacation does not reduce goal thresholds, extend the period or penalize failure.",MVP_REQUIRED,RESOLVED_FROM_SOURCE,4,TZ_AI_Tamagotchi_v1.0 (1).docx,§12.3,GOAL-009,,P0,7,04_ARCHITECTURE/ARCHITECTURE_FINAL.md; 17_IMPLEMENTATION/WORK_PACKAGE_CATALOG.csv#WP08,05_DATABASE/DATABASE_SPEC.md; 05_DATABASE/DATABASE_TRACEABILITY.csv,06_API/openapi_final_v1.yaml,17_IMPLEMENTATION/IMPLEMENTATION_BACKLOG.csv#IMP-136,REQT-PRD-GOAL-011,Stage19/21 current trace rebuilt from Feature Matrix + backlog + QA; external gate=NONE
PRD-GOAL-012,Monthly Goals,Previous month closes on the first working day of the new month; bonuses and Monthly Recap are generated then.,MVP_REQUIRED,RESOLVED_FROM_SOURCE,4,TZ_AI_Tamagotchi_v1.0 (1).docx,§12.4,GOAL-010,,P0,7,04_ARCHITECTURE/ARCHITECTURE_FINAL.md; 17_IMPLEMENTATION/WORK_PACKAGE_CATALOG.csv#WP08,05_DATABASE/DATABASE_SPEC.md; 05_DATABASE/DATABASE_TRACEABILITY.csv,06_API/openapi_final_v1.yaml,17_IMPLEMENTATION/IMPLEMENTATION_BACKLOG.csv#IMP-137,REQT-PRD-GOAL-012,Stage19/21 current trace rebuilt from Feature Matrix + backlog + QA; external gate=NONE
PRD-GOAL-013,Monthly Goals,Working Annual Score reward baseline is +15 per completed goal plus +15 for all three.,CONFIGURABLE_BASELINE,RESOLVED_FROM_SOURCE,4,TZ_AI_Tamagotchi_v1.0 (1).docx,§12.4,,,P0,7,04_ARCHITECTURE/ARCHITECTURE_FINAL.md; 17_IMPLEMENTATION/WORK_PACKAGE_CATALOG.csv#WP08,05_DATABASE/DATABASE_SPEC.md; 05_DATABASE/DATABASE_TRACEABILITY.csv,06_API/openapi_final_v1.yaml,17_IMPLEMENTATION/IMPLEMENTATION_BACKLOG.csv#IMP-138,REQT-PRD-GOAL-013,Product v1.0 balance baseline; later simulation may recommend a change but cannot silently alter it.; Stage19/21 current trace rebuilt from Feature Matrix + backlog + QA; external gate=NONE
PRD-GOAL-014,Monthly Goals,"Working Evolution XP reward baseline is +10 per completed goal plus +10 for all three, max 40 goal XP/month.",CONFIGURABLE_BASELINE,RESOLVED_FROM_SOURCE,4,TZ_AI_Tamagotchi_v1.0 (1).docx,§12.4,,,P0,7,04_ARCHITECTURE/ARCHITECTURE_FINAL.md; 17_IMPLEMENTATION/WORK_PACKAGE_CATALOG.csv#WP08,05_DATABASE/DATABASE_SPEC.md; 05_DATABASE/DATABASE_TRACEABILITY.csv,06_API/openapi_final_v1.yaml,17_IMPLEMENTATION/IMPLEMENTATION_BACKLOG.csv#IMP-139,REQT-PRD-GOAL-014,Product v1.0 balance baseline; later simulation may recommend a change but cannot silently alter it.; Stage19/21 current trace rebuilt from Feature Matrix + backlog + QA; external gate=NONE
PRD-GOAL-015,Monthly Goals,Goal reward values remain current balance baselines until Stage 7 validation/configuration; do not silently change them.,CONFIGURABLE_BASELINE,RESOLVED_FROM_SOURCE,4,TZ_AI_Tamagotchi_v1.0 (1).docx,§12.4; §29,,,P0,7,04_ARCHITECTURE/ARCHITECTURE_FINAL.md; 17_IMPLEMENTATION/WORK_PACKAGE_CATALOG.csv#WP08,05_DATABASE/DATABASE_SPEC.md; 05_DATABASE/DATABASE_TRACEABILITY.csv,06_API/openapi_final_v1.yaml,17_IMPLEMENTATION/IMPLEMENTATION_BACKLOG.csv#IMP-140,REQT-PRD-GOAL-015,Product v1.0 balance baseline; later simulation may recommend a change but cannot silently alter it.; Stage19/21 current trace rebuilt from Feature Matrix + backlog + QA; external gate=NONE
PRD-RANK-001,Ratings & privacy,Individual public leaderboard is based on Annual Score for the current calendar year.,MVP_REQUIRED,RESOLVED_FROM_SOURCE,4,TZ_AI_Tamagotchi_v1.0 (1).docx,§13.1,RANK-001,,P0,7/9/10,04_ARCHITECTURE/ARCHITECTURE_FINAL.md; 17_IMPLEMENTATION/WORK_PACKAGE_CATALOG.csv#WP09,05_DATABASE/DATABASE_SPEC.md; 05_DATABASE/DATABASE_TRACEABILITY.csv,06_API/openapi_final_v1.yaml,17_IMPLEMENTATION/IMPLEMENTATION_BACKLOG.csv#IMP-141,REQT-PRD-RANK-001,Stage19/21 current trace rebuilt from Feature Matrix + backlog + QA; external gate=NONE
PRD-RANK-002,Ratings & privacy,"Annual Score/current leaderboard reset January 1; pet, HP, Evolution XP, history, achievements and cosmetics persist.",MVP_REQUIRED,RESOLVED_FROM_SOURCE,4,TZ_AI_Tamagotchi_v1.0 (1).docx,§13.1,RANK-002,,P0,7/9/10,04_ARCHITECTURE/ARCHITECTURE_FINAL.md; 17_IMPLEMENTATION/WORK_PACKAGE_CATALOG.csv#WP09,05_DATABASE/DATABASE_SPEC.md; 05_DATABASE/DATABASE_TRACEABILITY.csv,06_API/openapi_final_v1.yaml,17_IMPLEMENTATION/IMPLEMENTATION_BACKLOG.csv#IMP-142,REQT-PRD-RANK-002,Stage19/21 current trace rebuilt from Feature Matrix + backlog + QA; external gate=NONE
PRD-RANK-003,Ratings & privacy,Past-year top employees may retain visual status badges/cosmetics without gameplay advantage.,MVP_REQUIRED,RESOLVED_FROM_SOURCE,4,TZ_AI_Tamagotchi_v1.0 (1).docx,§13.1,RANK-003,,P0,7/9/10,04_ARCHITECTURE/ARCHITECTURE_FINAL.md; 17_IMPLEMENTATION/WORK_PACKAGE_CATALOG.csv#WP09,05_DATABASE/DATABASE_SPEC.md; 05_DATABASE/DATABASE_TRACEABILITY.csv,06_API/openapi_final_v1.yaml,17_IMPLEMENTATION/IMPLEMENTATION_BACKLOG.csv#IMP-143,REQT-PRD-RANK-003,Stage19/21 current trace rebuilt from Feature Matrix + backlog + QA; external gate=NONE
PRD-RANK-004,Ratings & privacy,"Mandatory public employee fields include rank, name, Annual Score, pet appearance and prior-year status rewards.",MVP_REQUIRED,RESOLVED_FROM_SOURCE,4,TZ_AI_Tamagotchi_v1.0 (1).docx,§13.1,,,P0,7/9/10,04_ARCHITECTURE/ARCHITECTURE_FINAL.md; 17_IMPLEMENTATION/WORK_PACKAGE_CATALOG.csv#WP09,05_DATABASE/DATABASE_SPEC.md; 05_DATABASE/DATABASE_TRACEABILITY.csv,06_API/openapi_final_v1.yaml,17_IMPLEMENTATION/IMPLEMENTATION_BACKLOG.csv#IMP-144,REQT-PRD-RANK-004,Stage19/21 current trace rebuilt from Feature Matrix + backlog + QA; external gate=NONE
PRD-RANK-005,Ratings & privacy,Directorate ranking uses Average Directorate Score based on annual directorate task/goal points and authorized employee denominator as defined by Product semantics.,MVP_REQUIRED,RESOLVED_FROM_SOURCE,4,TZ_AI_Tamagotchi_v1.0 (1).docx,§13.2,RANK-004,,P0,7/9/10,04_ARCHITECTURE/ARCHITECTURE_FINAL.md; 17_IMPLEMENTATION/WORK_PACKAGE_CATALOG.csv#WP09,05_DATABASE/DATABASE_SPEC.md; 05_DATABASE/DATABASE_TRACEABILITY.csv,06_API/openapi_final_v1.yaml,17_IMPLEMENTATION/IMPLEMENTATION_BACKLOG.csv#IMP-145,REQT-PRD-RANK-005,Stage19/21 current trace rebuilt from Feature Matrix + backlog + QA; external gate=NONE
PRD-RANK-006,Ratings & privacy,"Directorate card exposes rank, Average Score, Total Score and authorized employee count.",MVP_REQUIRED,RESOLVED_FROM_SOURCE,4,TZ_AI_Tamagotchi_v1.0 (1).docx,§13.2,RANK-005,,P0,7/9/10,04_ARCHITECTURE/ARCHITECTURE_FINAL.md; 17_IMPLEMENTATION/WORK_PACKAGE_CATALOG.csv#WP09,05_DATABASE/DATABASE_SPEC.md; 05_DATABASE/DATABASE_TRACEABILITY.csv,06_API/openapi_final_v1.yaml,17_IMPLEMENTATION/IMPLEMENTATION_BACKLOG.csv#IMP-146,REQT-PRD-RANK-006,Stage19/21 current trace rebuilt from Feature Matrix + backlog + QA; external gate=NONE
PRD-RANK-007,Ratings & privacy,Directorate card includes internal employee leaderboard; profile detail respects peer privacy level.,MVP_REQUIRED,RESOLVED_FROM_SOURCE,4,TZ_AI_Tamagotchi_v1.0 (1).docx,§13.2,RANK-006,,P0,7/9/10,04_ARCHITECTURE/ARCHITECTURE_FINAL.md; 17_IMPLEMENTATION/WORK_PACKAGE_CATALOG.csv#WP09,05_DATABASE/DATABASE_SPEC.md; 05_DATABASE/DATABASE_TRACEABILITY.csv,06_API/openapi_final_v1.yaml,17_IMPLEMENTATION/IMPLEMENTATION_BACKLOG.csv#IMP-147,REQT-PRD-RANK-007,Stage19/21 current trace rebuilt from Feature Matrix + backlog + QA; external gate=NONE
PRD-RANK-008,Ratings & privacy,Each task/version preserves directorate_id_at_task_time; pre-transfer points remain attributed historically.,MVP_REQUIRED,RESOLVED_FROM_SOURCE,4,TZ_AI_Tamagotchi_v1.0 (1).docx,§13.3,RANK-007,,P0,7/9/10,04_ARCHITECTURE/ARCHITECTURE_FINAL.md; 17_IMPLEMENTATION/WORK_PACKAGE_CATALOG.csv#WP09,05_DATABASE/DATABASE_SPEC.md; 05_DATABASE/DATABASE_TRACEABILITY.csv,06_API/openapi_final_v1.yaml,17_IMPLEMENTATION/IMPLEMENTATION_BACKLOG.csv#IMP-148,REQT-PRD-RANK-008,Stage19/21 current trace rebuilt from Feature Matrix + backlog + QA; external gate=NONE
PRD-RANK-009,Ratings & privacy,Terminated employees leave current individual ranking/current denominator while historical analytics remain.,MVP_REQUIRED,RESOLVED_FROM_SOURCE,4,TZ_AI_Tamagotchi_v1.0 (1).docx,§13.3,RANK-008,,P0,7/9/10,04_ARCHITECTURE/ARCHITECTURE_FINAL.md; 17_IMPLEMENTATION/WORK_PACKAGE_CATALOG.csv#WP09,05_DATABASE/DATABASE_SPEC.md; 05_DATABASE/DATABASE_TRACEABILITY.csv,06_API/openapi_final_v1.yaml,17_IMPLEMENTATION/IMPLEMENTATION_BACKLOG.csv#IMP-149,REQT-PRD-RANK-009,Stage19/21 current trace rebuilt from Feature Matrix + backlog + QA; external gate=NONE
PRD-RANK-010,Ratings & privacy,Admin can hide terminated/inactive profiles without deleting history.,MVP_REQUIRED,RESOLVED_FROM_SOURCE,4,TZ_AI_Tamagotchi_v1.0 (1).docx,§13.3,RANK-009,,P0,7/9/10,04_ARCHITECTURE/ARCHITECTURE_FINAL.md; 17_IMPLEMENTATION/WORK_PACKAGE_CATALOG.csv#WP09,05_DATABASE/DATABASE_SPEC.md; 05_DATABASE/DATABASE_TRACEABILITY.csv,06_API/openapi_final_v1.yaml,17_IMPLEMENTATION/IMPLEMENTATION_BACKLOG.csv#IMP-150,REQT-PRD-RANK-010,Stage19/21 current trace rebuilt from Feature Matrix + backlog + QA; external gate=NONE
PRD-PRIV-001,Ratings & privacy,"Peer privacy levels are Closed, Standard (default) and Open.",MVP_REQUIRED,RESOLVED_FROM_SOURCE,4,TZ_AI_Tamagotchi_v1.0 (1).docx,§14,,,P0,7/9/10,04_ARCHITECTURE/ARCHITECTURE_FINAL.md; 17_IMPLEMENTATION/WORK_PACKAGE_CATALOG.csv#WP09,05_DATABASE/DATABASE_SPEC.md; 05_DATABASE/DATABASE_TRACEABILITY.csv,06_API/openapi_final_v1.yaml,17_IMPLEMENTATION/IMPLEMENTATION_BACKLOG.csv#IMP-151,REQT-PRD-PRIV-001,Stage19/21 current trace rebuilt from Feature Matrix + backlog + QA; external gate=NONE
PRD-PRIV-002,Ratings & privacy,Closed exposes only mandatory public fields.,MVP_REQUIRED,RESOLVED_FROM_SOURCE,4,TZ_AI_Tamagotchi_v1.0 (1).docx,§14,,,P0,7/9/10,04_ARCHITECTURE/ARCHITECTURE_FINAL.md; 17_IMPLEMENTATION/WORK_PACKAGE_CATALOG.csv#WP09,05_DATABASE/DATABASE_SPEC.md; 05_DATABASE/DATABASE_TRACEABILITY.csv,06_API/openapi_final_v1.yaml,17_IMPLEMENTATION/IMPLEMENTATION_BACKLOG.csv#IMP-152,REQT-PRD-PRIV-002,Stage19/21 current trace rebuilt from Feature Matrix + backlog + QA; external gate=NONE
PRD-PRIV-003,Ratings & privacy,"Standard adds approved aggregates such as task count, complexity distribution, streak, goals, achievements and AI tools.",MVP_REQUIRED,RESOLVED_FROM_SOURCE,4,TZ_AI_Tamagotchi_v1.0 (1).docx,§14,,,P0,7/9/10,04_ARCHITECTURE/ARCHITECTURE_FINAL.md; 17_IMPLEMENTATION/WORK_PACKAGE_CATALOG.csv#WP09,05_DATABASE/DATABASE_SPEC.md; 05_DATABASE/DATABASE_TRACEABILITY.csv,06_API/openapi_final_v1.yaml,17_IMPLEMENTATION/IMPLEMENTATION_BACKLOG.csv#IMP-153,REQT-PRD-PRIV-003,Stage19/21 current trace rebuilt from Feature Matrix + backlog + QA; external gate=NONE
PRD-PRIV-004,Ratings & privacy,"Open additionally exposes normalized AI-case description, tool(s), Complexity and score.",MVP_REQUIRED,RESOLVED_FROM_SOURCE,4,TZ_AI_Tamagotchi_v1.0 (1).docx,§14,,,P0,7/9/10,04_ARCHITECTURE/ARCHITECTURE_FINAL.md; 17_IMPLEMENTATION/WORK_PACKAGE_CATALOG.csv#WP09,05_DATABASE/DATABASE_SPEC.md; 05_DATABASE/DATABASE_TRACEABILITY.csv,06_API/openapi_final_v1.yaml,17_IMPLEMENTATION/IMPLEMENTATION_BACKLOG.csv#IMP-154,REQT-PRD-PRIV-004,Stage19/21 current trace rebuilt from Feature Matrix + backlog + QA; external gate=NONE
PRD-PRIV-005,Ratings & privacy,"Raw input, clarification log and task links are never exposed to peers, including Open privacy.",MVP_REQUIRED,RESOLVED_FROM_SOURCE,4,TZ_AI_Tamagotchi_v1.0 (1).docx,§14,PRIV-001,,P0,7/9/10,04_ARCHITECTURE/ARCHITECTURE_FINAL.md; 17_IMPLEMENTATION/WORK_PACKAGE_CATALOG.csv#WP09,05_DATABASE/DATABASE_SPEC.md; 05_DATABASE/DATABASE_TRACEABILITY.csv,06_API/openapi_final_v1.yaml,17_IMPLEMENTATION/IMPLEMENTATION_BACKLOG.csv#IMP-155,REQT-PRD-PRIV-005,Stage19/21 current trace rebuilt from Feature Matrix + backlog + QA; external gate=NONE
PRD-PRIV-006,Ratings & privacy,Employee may change privacy at any time; the change applies immediately.,MVP_REQUIRED,RESOLVED_FROM_SOURCE,4,TZ_AI_Tamagotchi_v1.0 (1).docx,§14,PRIV-002,,P0,7/9/10,04_ARCHITECTURE/ARCHITECTURE_FINAL.md; 17_IMPLEMENTATION/WORK_PACKAGE_CATALOG.csv#WP09,05_DATABASE/DATABASE_SPEC.md; 05_DATABASE/DATABASE_TRACEABILITY.csv,06_API/openapi_final_v1.yaml,17_IMPLEMENTATION/IMPLEMENTATION_BACKLOG.csv#IMP-156,REQT-PRD-PRIV-006,Stage19/21 current trace rebuilt from Feature Matrix + backlog + QA; external gate=NONE
PRD-PRIV-007,Ratings & privacy,Peer privacy does not restrict authorized Director/Executive/Admin scope.,MVP_REQUIRED,RESOLVED_FROM_SOURCE,4,TZ_AI_Tamagotchi_v1.0 (1).docx,§14,PRIV-003,,P0,7/9/10,04_ARCHITECTURE/ARCHITECTURE_FINAL.md; 17_IMPLEMENTATION/WORK_PACKAGE_CATALOG.csv#WP09,05_DATABASE/DATABASE_SPEC.md; 05_DATABASE/DATABASE_TRACEABILITY.csv,06_API/openapi_final_v1.yaml,17_IMPLEMENTATION/IMPLEMENTATION_BACKLOG.csv#IMP-157,REQT-PRD-PRIV-007,Stage19/21 current trace rebuilt from Feature Matrix + backlog + QA; external gate=NONE
PRD-DASH-001,Dashboards & history,Personal Dashboard includes Annual Score.,MVP_REQUIRED,RESOLVED_FROM_SOURCE,4,TZ_AI_Tamagotchi_v1.0 (1).docx,§15.1,,,P0,10,04_ARCHITECTURE/ARCHITECTURE_FINAL.md; 17_IMPLEMENTATION/WORK_PACKAGE_CATALOG.csv#WP12,05_DATABASE/DATABASE_SPEC.md; 05_DATABASE/DATABASE_TRACEABILITY.csv,06_API/openapi_final_v1.yaml,17_IMPLEMENTATION/IMPLEMENTATION_BACKLOG.csv#IMP-158,REQT-PRD-DASH-001,Stage19/21 current trace rebuilt from Feature Matrix + backlog + QA; external gate=NONE
PRD-DASH-002,Dashboards & history,Personal Dashboard includes Lifetime Task Score / Evolution XP.,MVP_REQUIRED,RESOLVED_FROM_SOURCE,4,TZ_AI_Tamagotchi_v1.0 (1).docx,§15.1,,,P0,10,04_ARCHITECTURE/ARCHITECTURE_FINAL.md; 17_IMPLEMENTATION/WORK_PACKAGE_CATALOG.csv#WP12,05_DATABASE/DATABASE_SPEC.md; 05_DATABASE/DATABASE_TRACEABILITY.csv,06_API/openapi_final_v1.yaml,17_IMPLEMENTATION/IMPLEMENTATION_BACKLOG.csv#IMP-159,REQT-PRD-DASH-002,Stage19/21 current trace rebuilt from Feature Matrix + backlog + QA; external gate=NONE
PRD-DASH-003,Dashboards & history,"Personal Dashboard includes task count, Complexity distribution and average Complexity.",MVP_REQUIRED,RESOLVED_FROM_SOURCE,4,TZ_AI_Tamagotchi_v1.0 (1).docx,§15.1,,,P0,10,04_ARCHITECTURE/ARCHITECTURE_FINAL.md; 17_IMPLEMENTATION/WORK_PACKAGE_CATALOG.csv#WP12,05_DATABASE/DATABASE_SPEC.md; 05_DATABASE/DATABASE_TRACEABILITY.csv,06_API/openapi_final_v1.yaml,17_IMPLEMENTATION/IMPLEMENTATION_BACKLOG.csv#IMP-160,REQT-PRD-DASH-003,Stage19/21 current trace rebuilt from Feature Matrix + backlog + QA; external gate=NONE
PRD-DASH-004,Dashboards & history,Personal Dashboard includes AI-active days and current/best streak.,MVP_REQUIRED,RESOLVED_FROM_SOURCE,4,TZ_AI_Tamagotchi_v1.0 (1).docx,§15.1,,,P0,10,04_ARCHITECTURE/ARCHITECTURE_FINAL.md; 17_IMPLEMENTATION/WORK_PACKAGE_CATALOG.csv#WP12,05_DATABASE/DATABASE_SPEC.md; 05_DATABASE/DATABASE_TRACEABILITY.csv,06_API/openapi_final_v1.yaml,17_IMPLEMENTATION/IMPLEMENTATION_BACKLOG.csv#IMP-161,REQT-PRD-DASH-004,Stage19/21 current trace rebuilt from Feature Matrix + backlog + QA; external gate=NONE
PRD-DASH-005,Dashboards & history,Personal Dashboard includes Monthly Goals progress.,MVP_REQUIRED,RESOLVED_FROM_SOURCE,4,TZ_AI_Tamagotchi_v1.0 (1).docx,§15.1,,,P0,10,04_ARCHITECTURE/ARCHITECTURE_FINAL.md; 17_IMPLEMENTATION/WORK_PACKAGE_CATALOG.csv#WP12,05_DATABASE/DATABASE_SPEC.md; 05_DATABASE/DATABASE_TRACEABILITY.csv,06_API/openapi_final_v1.yaml,17_IMPLEMENTATION/IMPLEMENTATION_BACKLOG.csv#IMP-162,REQT-PRD-DASH-005,Stage19/21 current trace rebuilt from Feature Matrix + backlog + QA; external gate=NONE
PRD-DASH-006,Dashboards & history,Personal Dashboard includes AI Tools usage and category/subcategory breakdown.,MVP_REQUIRED,RESOLVED_FROM_SOURCE,4,TZ_AI_Tamagotchi_v1.0 (1).docx,§15.1,,,P0,10,04_ARCHITECTURE/ARCHITECTURE_FINAL.md; 17_IMPLEMENTATION/WORK_PACKAGE_CATALOG.csv#WP12,05_DATABASE/DATABASE_SPEC.md; 05_DATABASE/DATABASE_TRACEABILITY.csv,06_API/openapi_final_v1.yaml,17_IMPLEMENTATION/IMPLEMENTATION_BACKLOG.csv#IMP-163,REQT-PRD-DASH-006,Stage19/21 current trace rebuilt from Feature Matrix + backlog + QA; external gate=NONE
PRD-DASH-007,Dashboards & history,"Personal Dashboard includes activity trend, pet state/evolution and earned achievements/cosmetics.",MVP_REQUIRED,RESOLVED_FROM_SOURCE,4,TZ_AI_Tamagotchi_v1.0 (1).docx,§15.1,,,P0,10,04_ARCHITECTURE/ARCHITECTURE_FINAL.md; 17_IMPLEMENTATION/WORK_PACKAGE_CATALOG.csv#WP12,05_DATABASE/DATABASE_SPEC.md; 05_DATABASE/DATABASE_TRACEABILITY.csv,06_API/openapi_final_v1.yaml,17_IMPLEMENTATION/IMPLEMENTATION_BACKLOG.csv#IMP-164,REQT-PRD-DASH-007,Stage19/21 current trace rebuilt from Feature Matrix + backlog + QA; external gate=NONE
PRD-DASH-008,Dashboards & history,Benchmark comparison metrics do not generate points.,MVP_REQUIRED,RESOLVED_FROM_SOURCE,4,TZ_AI_Tamagotchi_v1.0 (1).docx,§15.2,,,P0,10,04_ARCHITECTURE/ARCHITECTURE_FINAL.md; 17_IMPLEMENTATION/WORK_PACKAGE_CATALOG.csv#WP12,05_DATABASE/DATABASE_SPEC.md; 05_DATABASE/DATABASE_TRACEABILITY.csv,06_API/openapi_final_v1.yaml,17_IMPLEMENTATION/IMPLEMENTATION_BACKLOG.csv#IMP-165,REQT-PRD-DASH-008,Stage19/21 current trace rebuilt from Feature Matrix + backlog + QA; external gate=NONE
PRD-HIST-001,Dashboards & history,History has separate Tasks and Events views.,MVP_REQUIRED,RESOLVED_FROM_SOURCE,4,TZ_AI_Tamagotchi_v1.0 (1).docx,§15.3,HIST-001,,P0,10,04_ARCHITECTURE/ARCHITECTURE_FINAL.md; 17_IMPLEMENTATION/WORK_PACKAGE_CATALOG.csv#WP12,05_DATABASE/DATABASE_SPEC.md; 05_DATABASE/DATABASE_TRACEABILITY.csv,06_API/openapi_final_v1.yaml,17_IMPLEMENTATION/IMPLEMENTATION_BACKLOG.csv#IMP-166,REQT-PRD-HIST-001,Stage19/21 current trace rebuilt from Feature Matrix + backlog + QA; external gate=NONE
PRD-HIST-002,Dashboards & history,"Task history supports search and filters for period, Complexity, tool, taxonomy, Monthly Goal, status and score.",MVP_REQUIRED,RESOLVED_FROM_SOURCE,4,TZ_AI_Tamagotchi_v1.0 (1).docx,§15.3,HIST-001,,P0,10,04_ARCHITECTURE/ARCHITECTURE_FINAL.md; 17_IMPLEMENTATION/WORK_PACKAGE_CATALOG.csv#WP12,05_DATABASE/DATABASE_SPEC.md; 05_DATABASE/DATABASE_TRACEABILITY.csv,06_API/openapi_final_v1.yaml,17_IMPLEMENTATION/IMPLEMENTATION_BACKLOG.csv#IMP-167,REQT-PRD-HIST-002,Stage19/21 current trace rebuilt from Feature Matrix + backlog + QA; external gate=NONE
PRD-HIST-003,Dashboards & history,"Event history covers key progress events including Score/XP, goals, streak, evolution, achievements/cosmetics, significant HP transitions, coma/recovery and vacation toggles.",MVP_REQUIRED,RESOLVED_FROM_SOURCE,4,TZ_AI_Tamagotchi_v1.0 (1).docx,§15.3,HIST-001,,P0,10,04_ARCHITECTURE/ARCHITECTURE_FINAL.md; 17_IMPLEMENTATION/WORK_PACKAGE_CATALOG.csv#WP12,05_DATABASE/DATABASE_SPEC.md; 05_DATABASE/DATABASE_TRACEABILITY.csv,06_API/openapi_final_v1.yaml,17_IMPLEMENTATION/IMPLEMENTATION_BACKLOG.csv#IMP-168,REQT-PRD-HIST-003,Stage19/21 current trace rebuilt from Feature Matrix + backlog + QA; external gate=NONE
PRD-HIST-004,Dashboards & history,Event history should not expose every routine daily HP delta; meaningful health transitions are the required user-facing events.,MVP_REQUIRED,RESOLVED_FROM_SOURCE,4,TZ_AI_Tamagotchi_v1.0 (1).docx,§15.3,HIST-002,,P0,10,04_ARCHITECTURE/ARCHITECTURE_FINAL.md; 17_IMPLEMENTATION/WORK_PACKAGE_CATALOG.csv#WP12,05_DATABASE/DATABASE_SPEC.md; 05_DATABASE/DATABASE_TRACEABILITY.csv,06_API/openapi_final_v1.yaml,17_IMPLEMENTATION/IMPLEMENTATION_BACKLOG.csv#IMP-169,REQT-PRD-HIST-004,Stage19/21 current trace rebuilt from Feature Matrix + backlog + QA; external gate=NONE
PRD-ANL-001,Dashboards & history,Company analytics visible to ordinary employees is aggregate/anonymous and must not expose identifying raw task data.,MVP_REQUIRED,RESOLVED_FROM_SOURCE,4,TZ_AI_Tamagotchi_v1.0 (1).docx,§16,,,P0,10,04_ARCHITECTURE/ARCHITECTURE_FINAL.md; 17_IMPLEMENTATION/WORK_PACKAGE_CATALOG.csv#WP12,05_DATABASE/DATABASE_SPEC.md; 05_DATABASE/DATABASE_TRACEABILITY.csv,06_API/openapi_final_v1.yaml,17_IMPLEMENTATION/IMPLEMENTATION_BACKLOG.csv#IMP-170,REQT-PRD-ANL-001,Stage19/21 current trace rebuilt from Feature Matrix + backlog + QA; external gate=NONE
PRD-DIR-001,Dashboards & history,"Director Dashboard covers authorized headcount, Total/Average Score, directorate rank, task dynamics, C1–C5, top tools/categories, goals and employee score/activity list.",MVP_REQUIRED,RESOLVED_FROM_SOURCE,4,TZ_AI_Tamagotchi_v1.0 (1).docx,§17.1,,,P0,10,04_ARCHITECTURE/ARCHITECTURE_FINAL.md; 17_IMPLEMENTATION/WORK_PACKAGE_CATALOG.csv#WP13,05_DATABASE/DATABASE_SPEC.md; 05_DATABASE/DATABASE_TRACEABILITY.csv,06_API/openapi_final_v1.yaml,17_IMPLEMENTATION/IMPLEMENTATION_BACKLOG.csv#IMP-171,REQT-PRD-DIR-001,Stage19/21 current trace rebuilt from Feature Matrix + backlog + QA; external gate=NONE
PRD-DIR-002,Dashboards & history,Director can drill down to employee profile and concrete task inside own directorate.,MVP_REQUIRED,RESOLVED_FROM_SOURCE,4,TZ_AI_Tamagotchi_v1.0 (1).docx,§17.1,,,P0,10,04_ARCHITECTURE/ARCHITECTURE_FINAL.md; 17_IMPLEMENTATION/WORK_PACKAGE_CATALOG.csv#WP13,05_DATABASE/DATABASE_SPEC.md; 05_DATABASE/DATABASE_TRACEABILITY.csv,06_API/openapi_final_v1.yaml,17_IMPLEMENTATION/IMPLEMENTATION_BACKLOG.csv#IMP-172,REQT-PRD-DIR-002,Stage19/21 current trace rebuilt from Feature Matrix + backlog + QA; external gate=NONE
PRD-DIR-003,Dashboards & history,Do not invent a standalone Director 'risks/attention' block not defined by Product.,MVP_REQUIRED,RESOLVED_FROM_SOURCE,4,TZ_AI_Tamagotchi_v1.0 (1).docx,§17.1,DIR-001,,P0,10,04_ARCHITECTURE/ARCHITECTURE_FINAL.md; 17_IMPLEMENTATION/WORK_PACKAGE_CATALOG.csv#WP13,05_DATABASE/DATABASE_SPEC.md; 05_DATABASE/DATABASE_TRACEABILITY.csv,06_API/openapi_final_v1.yaml,17_IMPLEMENTATION/IMPLEMENTATION_BACKLOG.csv#IMP-173,REQT-PRD-DIR-003,Stage19/21 current trace rebuilt from Feature Matrix + backlog + QA; external gate=NONE
PRD-EXEC-001,Dashboards & history,"Executive Dashboard covers company headcount, task count, average Score/employee, activity dynamics, C1–C5, top tools/categories, goals and directorate ranking.",MVP_REQUIRED,RESOLVED_FROM_SOURCE,4,TZ_AI_Tamagotchi_v1.0 (1).docx,§17.2,,,P0,10,04_ARCHITECTURE/ARCHITECTURE_FINAL.md; 17_IMPLEMENTATION/WORK_PACKAGE_CATALOG.csv#WP13,05_DATABASE/DATABASE_SPEC.md; 05_DATABASE/DATABASE_TRACEABILITY.csv,06_API/openapi_final_v1.yaml,17_IMPLEMENTATION/IMPLEMENTATION_BACKLOG.csv#IMP-174,REQT-PRD-EXEC-001,Stage19/21 current trace rebuilt from Feature Matrix + backlog + QA; external gate=NONE
PRD-EXEC-002,Dashboards & history,Executive drilldown is company → directorate → employee → task.,MVP_REQUIRED,RESOLVED_FROM_SOURCE,4,TZ_AI_Tamagotchi_v1.0 (1).docx,§17.2,,,P0,10,04_ARCHITECTURE/ARCHITECTURE_FINAL.md; 17_IMPLEMENTATION/WORK_PACKAGE_CATALOG.csv#WP13,05_DATABASE/DATABASE_SPEC.md; 05_DATABASE/DATABASE_TRACEABILITY.csv,06_API/openapi_final_v1.yaml,17_IMPLEMENTATION/IMPLEMENTATION_BACKLOG.csv#IMP-175,REQT-PRD-EXEC-002,Stage19/21 current trace rebuilt from Feature Matrix + backlog + QA; external gate=NONE
PRD-ADMIN-001,Dashboards & history,"Admin modules cover employees/roles, directorates/directors, block/unblock/hide, calendar, taxonomy, AI tools/unrecognized tools, exports, technical scoring trace and audit logs.",MVP_REQUIRED,RESOLVED_FROM_SOURCE,4,TZ_AI_Tamagotchi_v1.0 (1).docx,§17.3; §21,,,P0,10,04_ARCHITECTURE/ARCHITECTURE_FINAL.md; 17_IMPLEMENTATION/WORK_PACKAGE_CATALOG.csv#WP10,05_DATABASE/DATABASE_SPEC.md; 05_DATABASE/DATABASE_TRACEABILITY.csv,06_API/openapi_final_v1.yaml,17_IMPLEMENTATION/IMPLEMENTATION_BACKLOG.csv#IMP-176,REQT-PRD-ADMIN-001,Stage19/21 current trace rebuilt from Feature Matrix + backlog + QA; external gate=NONE
PRD-TAX-001,"Taxonomy, tools & operations",Task taxonomy has two managed levels Category → Subcategory plus free tags.,MVP_REQUIRED,RESOLVED_FROM_SOURCE,4,TZ_AI_Tamagotchi_v1.0 (1).docx,§18.1,TAX-001,,P0,7/10/12/15,04_ARCHITECTURE/ARCHITECTURE_FINAL.md; 17_IMPLEMENTATION/WORK_PACKAGE_CATALOG.csv#WP10,N/A — no direct persistence contract,06_API/openapi_final_v1.yaml,17_IMPLEMENTATION/IMPLEMENTATION_BACKLOG.csv#IMP-177,REQT-PRD-TAX-001,Stage19/21 current trace rebuilt from Feature Matrix + backlog + QA; external gate=NONE
PRD-TAX-002,"Taxonomy, tools & operations",AI selects from the managed category/subcategory dictionary and must not create categories itself.,MVP_REQUIRED,RESOLVED_FROM_SOURCE,4,TZ_AI_Tamagotchi_v1.0 (1).docx,§18.1,TAX-002,,P0,7/10/12/15,04_ARCHITECTURE/ARCHITECTURE_FINAL.md; 17_IMPLEMENTATION/WORK_PACKAGE_CATALOG.csv#WP10,N/A — no direct persistence contract,06_API/openapi_final_v1.yaml,17_IMPLEMENTATION/IMPLEMENTATION_BACKLOG.csv#IMP-178,REQT-PRD-TAX-002,Stage19/21 current trace rebuilt from Feature Matrix + backlog + QA; external gate=NONE
PRD-TAX-003,"Taxonomy, tools & operations","Admin may add, rename and deactivate taxonomy entries; historical tasks are not automatically reclassified.",MVP_REQUIRED,RESOLVED_FROM_SOURCE,4,TZ_AI_Tamagotchi_v1.0 (1).docx,§18.1,TAX-003,,P0,7/10/12/15,04_ARCHITECTURE/ARCHITECTURE_FINAL.md; 17_IMPLEMENTATION/WORK_PACKAGE_CATALOG.csv#WP10,N/A — no direct persistence contract,06_API/openapi_final_v1.yaml,17_IMPLEMENTATION/IMPLEMENTATION_BACKLOG.csv#IMP-179,REQT-PRD-TAX-003,Stage19/21 current trace rebuilt from Feature Matrix + backlog + QA; external gate=NONE
PRD-TAX-004,"Taxonomy, tools & operations",Each task version records taxonomy_version; editing an old task classifies the new version with current taxonomy.,MVP_REQUIRED,RESOLVED_FROM_SOURCE,4,TZ_AI_Tamagotchi_v1.0 (1).docx,§18.1,TAX-004,,P0,7/10/12/15,04_ARCHITECTURE/ARCHITECTURE_FINAL.md; 17_IMPLEMENTATION/WORK_PACKAGE_CATALOG.csv#WP10,N/A — no direct persistence contract,06_API/openapi_final_v1.yaml,17_IMPLEMENTATION/IMPLEMENTATION_BACKLOG.csv#IMP-180,REQT-PRD-TAX-004,Stage19/21 current trace rebuilt from Feature Matrix + backlog + QA; external gate=NONE
PRD-TAX-005,"Taxonomy, tools & operations",Top-level taxonomy begins with the Product v1.0 category set; subcategory depth remains two managed levels.,MVP_REQUIRED,RESOLVED_FROM_SOURCE,4,TZ_AI_Tamagotchi_v1.0 (1).docx,§18.1,,,P0,7/10/12/15,04_ARCHITECTURE/ARCHITECTURE_FINAL.md; 17_IMPLEMENTATION/WORK_PACKAGE_CATALOG.csv#WP10,N/A — no direct persistence contract,06_API/openapi_final_v1.yaml,17_IMPLEMENTATION/IMPLEMENTATION_BACKLOG.csv#IMP-181,REQT-PRD-TAX-005,Stage19/21 current trace rebuilt from Feature Matrix + backlog + QA; external gate=NONE
PRD-TOOL-001,"Taxonomy, tools & operations",AI tools use a centralized directory with canonical name and aliases.,MVP_REQUIRED,RESOLVED_FROM_SOURCE,4,TZ_AI_Tamagotchi_v1.0 (1).docx,§18.2,TOOL-001,,P0,7/10/12/15,04_ARCHITECTURE/ARCHITECTURE_FINAL.md; 17_IMPLEMENTATION/WORK_PACKAGE_CATALOG.csv#WP10,N/A — no direct persistence contract,06_API/openapi_final_v1.yaml,17_IMPLEMENTATION/IMPLEMENTATION_BACKLOG.csv#IMP-182,REQT-PRD-TOOL-001,Stage19/21 current trace rebuilt from Feature Matrix + backlog + QA; external gate=NONE
PRD-TOOL-002,"Taxonomy, tools & operations","A task may reference multiple tools and, when explicitly inferable, stores primary tool, tool role and usage order.",MVP_REQUIRED,RESOLVED_FROM_SOURCE,4,TZ_AI_Tamagotchi_v1.0 (1).docx,§18.2,TOOL-002,,P0,7/10/12/15,04_ARCHITECTURE/ARCHITECTURE_FINAL.md; 17_IMPLEMENTATION/WORK_PACKAGE_CATALOG.csv#WP10,N/A — no direct persistence contract,06_API/openapi_final_v1.yaml,17_IMPLEMENTATION/IMPLEMENTATION_BACKLOG.csv#IMP-183,REQT-PRD-TOOL-002,Stage19/21 current trace rebuilt from Feature Matrix + backlog + QA; external gate=NONE
PRD-TOOL-003,"Taxonomy, tools & operations",Unrecognized tool name is preserved and does not block the task; Admin may add it later.,MVP_REQUIRED,RESOLVED_FROM_SOURCE,4,TZ_AI_Tamagotchi_v1.0 (1).docx,§18.2,TOOL-003,,P0,7/10/12/15,04_ARCHITECTURE/ARCHITECTURE_FINAL.md; 17_IMPLEMENTATION/WORK_PACKAGE_CATALOG.csv#WP10,N/A — no direct persistence contract,06_API/openapi_final_v1.yaml,17_IMPLEMENTATION/IMPLEMENTATION_BACKLOG.csv#IMP-184,REQT-PRD-TOOL-003,Stage19/21 current trace rebuilt from Feature Matrix + backlog + QA; external gate=NONE
PRD-TOOL-004,"Taxonomy, tools & operations",Tool model/version inside an AI service is not a required tracked field.,MVP_REQUIRED,RESOLVED_FROM_SOURCE,4,TZ_AI_Tamagotchi_v1.0 (1).docx,§18.2,TOOL-004,,P0,7/10/12/15,04_ARCHITECTURE/ARCHITECTURE_FINAL.md; 17_IMPLEMENTATION/WORK_PACKAGE_CATALOG.csv#WP10,N/A — no direct persistence contract,06_API/openapi_final_v1.yaml,17_IMPLEMENTATION/IMPLEMENTATION_BACKLOG.csv#IMP-185,REQT-PRD-TOOL-004,Stage19/21 current trace rebuilt from Feature Matrix + backlog + QA; external gate=NONE
PRD-NOTIF-001,"Taxonomy, tools & operations",MVP notifications are in-app only.,MVP_REQUIRED,RESOLVED_FROM_SOURCE,4,TZ_AI_Tamagotchi_v1.0 (1).docx,§19.1,NOTIF-001,,P0,7/10/12/15,04_ARCHITECTURE/ARCHITECTURE_FINAL.md; 17_IMPLEMENTATION/WORK_PACKAGE_CATALOG.csv#WP10,05_DATABASE/DATABASE_SPEC.md; 05_DATABASE/DATABASE_TRACEABILITY.csv,06_API/openapi_final_v1.yaml,17_IMPLEMENTATION/IMPLEMENTATION_BACKLOG.csv#IMP-186,REQT-PRD-NOTIF-001,Stage19/21 current trace rebuilt from Feature Matrix + backlog + QA; external gate=NONE
PRD-NOTIF-002,"Taxonomy, tools & operations","Notification domains include pet health, Monthly Goals, streak, progress events and limited leaderboard events.",MVP_REQUIRED,RESOLVED_FROM_SOURCE,4,TZ_AI_Tamagotchi_v1.0 (1).docx,§19.1,,,P0,7/10/12/15,04_ARCHITECTURE/ARCHITECTURE_FINAL.md; 17_IMPLEMENTATION/WORK_PACKAGE_CATALOG.csv#WP10,05_DATABASE/DATABASE_SPEC.md; 05_DATABASE/DATABASE_TRACEABILITY.csv,06_API/openapi_final_v1.yaml,17_IMPLEMENTATION/IMPLEMENTATION_BACKLOG.csv#IMP-187,REQT-PRD-NOTIF-002,Stage19/21 current trace rebuilt from Feature Matrix + backlog + QA; external gate=NONE
PRD-ADMIN-002,"Taxonomy, tools & operations","Admin can manage directorates, transfers, directors, system role/status, block/unblock, exceptional manual employees and personnel corrections.",MVP_REQUIRED,RESOLVED_FROM_SOURCE,4,TZ_AI_Tamagotchi_v1.0 (1).docx,§21.2,,,P0,7/10/12/15,04_ARCHITECTURE/ARCHITECTURE_FINAL.md; 17_IMPLEMENTATION/WORK_PACKAGE_CATALOG.csv#WP10,05_DATABASE/DATABASE_SPEC.md; 05_DATABASE/DATABASE_TRACEABILITY.csv,06_API/openapi_final_v1.yaml,17_IMPLEMENTATION/IMPLEMENTATION_BACKLOG.csv#IMP-188,REQT-PRD-ADMIN-002,Stage19/21 current trace rebuilt from Feature Matrix + backlog + QA; external gate=NONE
PRD-ADMIN-003,"Taxonomy, tools & operations","Administrative changes are auditable with actor, action, entity, old value, new value and timestamp.",MVP_REQUIRED,RESOLVED_FROM_SOURCE,4,TZ_AI_Tamagotchi_v1.0 (1).docx,§21.2,ADMIN-002,,P0,7/10/12/15,04_ARCHITECTURE/ARCHITECTURE_FINAL.md; 17_IMPLEMENTATION/WORK_PACKAGE_CATALOG.csv#WP10,05_DATABASE/DATABASE_SPEC.md; 05_DATABASE/DATABASE_TRACEABILITY.csv,06_API/openapi_final_v1.yaml,17_IMPLEMENTATION/IMPLEMENTATION_BACKLOG.csv#IMP-189,REQT-PRD-ADMIN-003,Stage19/21 current trace rebuilt from Feature Matrix + backlog + QA; external gate=NONE
PRD-CAL-001,"Taxonomy, tools & operations","A single corporate calendar defines weekends, official holidays and manually added company non-working days.",MVP_REQUIRED,RESOLVED_FROM_SOURCE,4,TZ_AI_Tamagotchi_v1.0 (1).docx,§21.3,CAL-001,,P0,7/10/12/15,04_ARCHITECTURE/ARCHITECTURE_FINAL.md; 17_IMPLEMENTATION/WORK_PACKAGE_CATALOG.csv#WP10,05_DATABASE/DATABASE_SPEC.md; 05_DATABASE/DATABASE_TRACEABILITY.csv,06_API/openapi_final_v1.yaml,17_IMPLEMENTATION/IMPLEMENTATION_BACKLOG.csv#IMP-190,REQT-PRD-CAL-001,Stage19/21 current trace rebuilt from Feature Matrix + backlog + QA; external gate=NONE
PRD-EXP-001,"Taxonomy, tools & operations",Exports support XLSX and CSV with role-based scope.,MVP_REQUIRED,RESOLVED_FROM_SOURCE,4,TZ_AI_Tamagotchi_v1.0 (1).docx,§22,EXP-001,,P0,7/10/12/15,04_ARCHITECTURE/ARCHITECTURE_FINAL.md; 17_IMPLEMENTATION/WORK_PACKAGE_CATALOG.csv#WP10,05_DATABASE/DATABASE_SPEC.md; 05_DATABASE/DATABASE_TRACEABILITY.csv,06_API/openapi_final_v1.yaml,17_IMPLEMENTATION/IMPLEMENTATION_BACKLOG.csv#IMP-191,REQT-PRD-EXP-001,Stage19/21 current trace rebuilt from Feature Matrix + backlog + QA; external gate=NONE
PRD-EXP-002,"Taxonomy, tools & operations","Task-level export can represent current task version or, in audit mode, a specific historical version.",MVP_REQUIRED,RESOLVED_FROM_SOURCE,4,TZ_AI_Tamagotchi_v1.0 (1).docx,§22.1,,,P0,7/10/12/15,04_ARCHITECTURE/ARCHITECTURE_FINAL.md; 17_IMPLEMENTATION/WORK_PACKAGE_CATALOG.csv#WP10,05_DATABASE/DATABASE_SPEC.md; 05_DATABASE/DATABASE_TRACEABILITY.csv,06_API/openapi_final_v1.yaml,17_IMPLEMENTATION/IMPLEMENTATION_BACKLOG.csv#IMP-192,REQT-PRD-EXP-002,Stage19/21 current trace rebuilt from Feature Matrix + backlog + QA; external gate=NONE
PRD-DATA-001,"Data, audit & integrations","Personnel identity, current directorate, application role/status and active state are represented separately from immutable task history.",MVP_REQUIRED,RESOLVED_FROM_SOURCE,4,TZ_AI_Tamagotchi_v1.0 (1).docx,§21; §23,,,P0,5/7/9/12/14,04_ARCHITECTURE/ARCHITECTURE_FINAL.md; 17_IMPLEMENTATION/WORK_PACKAGE_CATALOG.csv#WP02,05_DATABASE/DATABASE_SPEC.md; 05_DATABASE/DATABASE_TRACEABILITY.csv,06_API/openapi_final_v1.yaml,17_IMPLEMENTATION/IMPLEMENTATION_BACKLOG.csv#IMP-193,REQT-PRD-DATA-001,Stage19/21 current trace rebuilt from Feature Matrix + backlog + QA; external gate=NONE
PRD-DATA-002,"Data, audit & integrations","Task/version data preserves raw input, normalized description, processing/classification output, timestamps and version lineage needed for audit.",MVP_REQUIRED,RESOLVED_FROM_SOURCE,4,TZ_AI_Tamagotchi_v1.0 (1).docx,§23; §24,,,P0,5/7/9/12/14,04_ARCHITECTURE/ARCHITECTURE_FINAL.md; 17_IMPLEMENTATION/WORK_PACKAGE_CATALOG.csv#WP02,05_DATABASE/DATABASE_SPEC.md; 05_DATABASE/DATABASE_TRACEABILITY.csv,06_API/openapi_final_v1.yaml,17_IMPLEMENTATION/IMPLEMENTATION_BACKLOG.csv#IMP-194,REQT-PRD-DATA-002,Stage19/21 current trace rebuilt from Feature Matrix + backlog + QA; external gate=NONE
PRD-DATA-003,"Data, audit & integrations","Task-tool mapping supports recognized/unrecognized tools, primary flag, role description and sequence when known.",MVP_REQUIRED,RESOLVED_FROM_SOURCE,4,TZ_AI_Tamagotchi_v1.0 (1).docx,§23.9,,,P0,5/7/9/12/14,04_ARCHITECTURE/ARCHITECTURE_FINAL.md; 17_IMPLEMENTATION/WORK_PACKAGE_CATALOG.csv#WP02,05_DATABASE/DATABASE_SPEC.md; 05_DATABASE/DATABASE_TRACEABILITY.csv,06_API/openapi_final_v1.yaml,17_IMPLEMENTATION/IMPLEMENTATION_BACKLOG.csv#IMP-195,REQT-PRD-DATA-003,Stage19/21 current trace rebuilt from Feature Matrix + backlog + QA; external gate=NONE
PRD-DATA-004,"Data, audit & integrations",Task URLs are stored independently and can be removed without the application opening/analyzing them.,MVP_REQUIRED,RESOLVED_FROM_SOURCE,4,TZ_AI_Tamagotchi_v1.0 (1).docx,§23.10,,,P0,5/7/9/12/14,04_ARCHITECTURE/ARCHITECTURE_FINAL.md; 17_IMPLEMENTATION/WORK_PACKAGE_CATALOG.csv#WP02,05_DATABASE/DATABASE_SPEC.md; 05_DATABASE/DATABASE_TRACEABILITY.csv,06_API/openapi_final_v1.yaml,17_IMPLEMENTATION/IMPLEMENTATION_BACKLOG.csv#IMP-196,REQT-PRD-DATA-004,Stage19/21 current trace rebuilt from Feature Matrix + backlog + QA; external gate=NONE
PRD-DATA-005,"Data, audit & integrations","Score accounting uses event/ledger semantics with deltas, source references, directorate attribution, SPB event date and reversal linkage.",MVP_REQUIRED,RESOLVED_FROM_SOURCE,4,TZ_AI_Tamagotchi_v1.0 (1).docx,§23.11; Appendix C,,,P0,5/7/9/12/14,04_ARCHITECTURE/ARCHITECTURE_FINAL.md; 17_IMPLEMENTATION/WORK_PACKAGE_CATALOG.csv#WP02,05_DATABASE/DATABASE_SPEC.md; 05_DATABASE/DATABASE_TRACEABILITY.csv,06_API/openapi_final_v1.yaml,17_IMPLEMENTATION/IMPLEMENTATION_BACKLOG.csv#IMP-197,REQT-PRD-DATA-005,Stage19/21 current trace rebuilt from Feature Matrix + backlog + QA; external gate=NONE
PRD-DATA-006,"Data, audit & integrations","Pet state covers HP, health state, vacation, current/best streak, Evolution XP/stage/branch and coma recovery progress.",MVP_REQUIRED,RESOLVED_FROM_SOURCE,4,TZ_AI_Tamagotchi_v1.0 (1).docx,§23.12,,,P0,5/7/9/12/14,04_ARCHITECTURE/ARCHITECTURE_FINAL.md; 17_IMPLEMENTATION/WORK_PACKAGE_CATALOG.csv#WP02,05_DATABASE/DATABASE_SPEC.md; 05_DATABASE/DATABASE_TRACEABILITY.csv,06_API/openapi_final_v1.yaml,17_IMPLEMENTATION/IMPLEMENTATION_BACKLOG.csv#IMP-198,REQT-PRD-DATA-006,Stage19/21 current trace rebuilt from Feature Matrix + backlog + QA; external gate=NONE
PRD-DATA-007,"Data, audit & integrations","Daily activity preserves working-day/vacation context, task count and maximum Complexity needed to reproduce HP/streak.",MVP_REQUIRED,RESOLVED_FROM_SOURCE,4,TZ_AI_Tamagotchi_v1.0 (1).docx,§23.13,,,P0,5/7/9/12/14,04_ARCHITECTURE/ARCHITECTURE_FINAL.md; 17_IMPLEMENTATION/WORK_PACKAGE_CATALOG.csv#WP02,05_DATABASE/DATABASE_SPEC.md; 05_DATABASE/DATABASE_TRACEABILITY.csv,06_API/openapi_final_v1.yaml,17_IMPLEMENTATION/IMPLEMENTATION_BACKLOG.csv#IMP-199,REQT-PRD-DATA-007,Stage19/21 current trace rebuilt from Feature Matrix + backlog + QA; external gate=NONE
PRD-AUDIT-001,"Data, audit & integrations",Task edit/delete/recalculation must remain reproducible through versioning and ledger/reversal semantics rather than destructive overwrite.,MVP_REQUIRED,RESOLVED_FROM_SOURCE,4,TZ_AI_Tamagotchi_v1.0 (1).docx,§24; Appendix C,,,P0,5/7/9/12/14,04_ARCHITECTURE/ARCHITECTURE_FINAL.md; 17_IMPLEMENTATION/WORK_PACKAGE_CATALOG.csv#WP02,05_DATABASE/DATABASE_SPEC.md; 05_DATABASE/DATABASE_TRACEABILITY.csv,06_API/openapi_final_v1.yaml,17_IMPLEMENTATION/IMPLEMENTATION_BACKLOG.csv#IMP-200,REQT-PRD-AUDIT-001,Stage19/21 current trace rebuilt from Feature Matrix + backlog + QA; external gate=NONE
PRD-AUDIT-002,"Data, audit & integrations",End-of-day jobs must be idempotent and support safe recalculation after edit/delete.,MVP_REQUIRED,RESOLVED_FROM_SOURCE,4,TZ_AI_Tamagotchi_v1.0 (1).docx,Appendix C,,,P0,5/7/9/12/14,04_ARCHITECTURE/ARCHITECTURE_FINAL.md; 17_IMPLEMENTATION/WORK_PACKAGE_CATALOG.csv#WP02,05_DATABASE/DATABASE_SPEC.md; 05_DATABASE/DATABASE_TRACEABILITY.csv,06_API/openapi_final_v1.yaml,17_IMPLEMENTATION/IMPLEMENTATION_BACKLOG.csv#IMP-201,REQT-PRD-AUDIT-002,Stage19/21 current trace rebuilt from Feature Matrix + backlog + QA; external gate=NONE
PRD-AUDIT-003,"Data, audit & integrations",Goal rule_json must be declarative/backend-executable; free-form LLM judgment alone cannot decide goal completion.,MVP_REQUIRED,RESOLVED_FROM_SOURCE,4,TZ_AI_Tamagotchi_v1.0 (1).docx,Appendix C,,,P0,5/7/9/12/14,04_ARCHITECTURE/ARCHITECTURE_FINAL.md; 17_IMPLEMENTATION/WORK_PACKAGE_CATALOG.csv#WP02,05_DATABASE/DATABASE_SPEC.md; 05_DATABASE/DATABASE_TRACEABILITY.csv,06_API/openapi_final_v1.yaml,17_IMPLEMENTATION/IMPLEMENTATION_BACKLOG.csv#IMP-202,REQT-PRD-AUDIT-003,Stage19/21 current trace rebuilt from Feature Matrix + backlog + QA; external gate=NONE
PRD-EXT-001,"Data, audit & integrations","Corporate Personnel integration is required, but protocol/base URL/auth/unique employee key/normalization/sync details are not supplied and must not be invented.",EXTERNAL_DEPENDENCY,EXTERNAL_DEPENDENCY,4,TZ_AI_Tamagotchi_v1.0 (1).docx,§25; §5 Security note,,,P0_EXTERNAL_INTEGRATION,5/7/9/12/14,04_ARCHITECTURE/ARCHITECTURE_FINAL.md; 17_IMPLEMENTATION/WORK_PACKAGE_CATALOG.csv#WP03,05_DATABASE/DATABASE_SPEC.md; 05_DATABASE/DATABASE_TRACEABILITY.csv,06_API/openapi_final_v1.yaml,17_IMPLEMENTATION/IMPLEMENTATION_BACKLOG.csv#IMP-203,REQT-PRD-EXT-001,Stage19/21 current trace rebuilt from Feature Matrix + backlog + QA; external gate=REAL_PROVIDER_CONTRACT_EVIDENCE
PRD-EXT-002,"Data, audit & integrations",LLM and STT are provider dependencies; current source set does not freeze production vendor endpoint/credentials/model.,EXTERNAL_DEPENDENCY,EXTERNAL_DEPENDENCY,4,TZ_AI_Tamagotchi_v1.0 (1).docx,§25; Readiness,,,P0_EXTERNAL_INTEGRATION,5/7/9/12/14,04_ARCHITECTURE/ARCHITECTURE_FINAL.md; 17_IMPLEMENTATION/WORK_PACKAGE_CATALOG.csv#WP03,05_DATABASE/DATABASE_SPEC.md; 05_DATABASE/DATABASE_TRACEABILITY.csv,06_API/openapi_final_v1.yaml,17_IMPLEMENTATION/IMPLEMENTATION_BACKLOG.csv#IMP-204,REQT-PRD-EXT-002,Stage19/21 current trace rebuilt from Feature Matrix + backlog + QA; external gate=REAL_PROVIDER_CONTRACT_EVIDENCE
PRD-NFR-001,"Data, audit & integrations",Application is online-first/online-only for data mutation and must handle network failure explicitly.,MVP_REQUIRED,RESOLVED_FROM_SOURCE,4,TZ_AI_Tamagotchi_v1.0 (1).docx,§3; §27,,,P0,5/7/9/12/14,04_ARCHITECTURE/ARCHITECTURE_FINAL.md; 17_IMPLEMENTATION/WORK_PACKAGE_CATALOG.csv#WP15,05_DATABASE/DATABASE_SPEC.md; 05_DATABASE/DATABASE_TRACEABILITY.csv,06_API/openapi_final_v1.yaml,17_IMPLEMENTATION/IMPLEMENTATION_BACKLOG.csv#IMP-205,REQT-PRD-NFR-001,Stage19/21 current trace rebuilt from Feature Matrix + backlog + QA; external gate=NONE
PRD-NFR-002,"Data, audit & integrations","Role/object authorization, privacy and auditability are backend-enforced invariants.",MVP_REQUIRED,RESOLVED_FROM_SOURCE,4,TZ_AI_Tamagotchi_v1.0 (1).docx,§4; §14; §24; §26,,,P0,5/7/9/12/14,04_ARCHITECTURE/ARCHITECTURE_FINAL.md; 17_IMPLEMENTATION/WORK_PACKAGE_CATALOG.csv#WP15,05_DATABASE/DATABASE_SPEC.md; 05_DATABASE/DATABASE_TRACEABILITY.csv,06_API/openapi_final_v1.yaml,17_IMPLEMENTATION/IMPLEMENTATION_BACKLOG.csv#IMP-206,REQT-PRD-NFR-002,Stage19/21 current trace rebuilt from Feature Matrix + backlog + QA; external gate=NONE
PRD-NFR-003,"Data, audit & integrations",No real production credentials/secrets are defined by the source set.,MVP_REQUIRED,RESOLVED_FROM_SOURCE,4,TZ_AI_Tamagotchi_v1.0 (1).docx,§25–27,,,P0,5/7/9/12/14,04_ARCHITECTURE/ARCHITECTURE_FINAL.md; 17_IMPLEMENTATION/WORK_PACKAGE_CATALOG.csv#WP15,05_DATABASE/DATABASE_SPEC.md; 05_DATABASE/DATABASE_TRACEABILITY.csv,06_API/openapi_final_v1.yaml,17_IMPLEMENTATION/IMPLEMENTATION_BACKLOG.csv#IMP-207,REQT-PRD-NFR-003,Stage19/21 current trace rebuilt from Feature Matrix + backlog + QA; external gate=NONE
VIS-ART-001,Visual & interaction,Visual concept = Modern Airport Companion: near-realistic Pulkovo world + Lyuboznayka emotional focus + strict modern airport-inspired UI + restrained gamification.,CURRENT_VISUAL,RESOLVED_FROM_SOURCE,5,TZ_Design_Lyuboznayka_Pulkovo_v1.0.docx,Design §1,,,P0,10/11,04_ARCHITECTURE/ARCHITECTURE_FINAL.md; 17_IMPLEMENTATION/WORK_PACKAGE_CATALOG.csv#WP14,N/A — no direct persistence contract,N/A — visual/runtime contract; see 10_FRONTEND_CONTRACT and 11_3D_RUNTIME,17_IMPLEMENTATION/IMPLEMENTATION_BACKLOG.csv#IMP-208,REQT-VIS-ART-001,Stage19/21 current trace rebuilt from Feature Matrix + backlog + QA; external gate=NONE
VIS-ART-002,Visual & interaction,Product should feel youthful/alive but not childish; playful emotionally but strict functionally; bright but not acidic/free-to-play.,CURRENT_VISUAL,RESOLVED_FROM_SOURCE,5,TZ_Design_Lyuboznayka_Pulkovo_v1.0.docx,Design §1.4,,,P0,10/11,04_ARCHITECTURE/ARCHITECTURE_FINAL.md; 17_IMPLEMENTATION/WORK_PACKAGE_CATALOG.csv#WP14,N/A — no direct persistence contract,N/A — visual/runtime contract; see 10_FRONTEND_CONTRACT and 11_3D_RUNTIME,17_IMPLEMENTATION/IMPLEMENTATION_BACKLOG.csv#IMP-209,REQT-VIS-ART-002,Stage19/21 current trace rebuilt from Feature Matrix + backlog + QA; external gate=NONE
VIS-ART-003,Visual & interaction,Do not use a domestic cozy-room concept or home décor as the primary environment.,CURRENT_VISUAL,RESOLVED_FROM_SOURCE,5,TZ_Design_Lyuboznayka_Pulkovo_v1.0.docx,Design §1.5,,,P0,10/11,04_ARCHITECTURE/ARCHITECTURE_FINAL.md; 17_IMPLEMENTATION/WORK_PACKAGE_CATALOG.csv#WP14,N/A — no direct persistence contract,N/A — visual/runtime contract; see 10_FRONTEND_CONTRACT and 11_3D_RUNTIME,17_IMPLEMENTATION/IMPLEMENTATION_BACKLOG.csv#IMP-210,REQT-VIS-ART-003,Stage19/21 current trace rebuilt from Feature Matrix + backlog + QA; external gate=NONE
VIS-ART-004,Visual & interaction,Retro digital-toy references are secondary only; no pixel/LCD/plastic-console identity as core UI.,CURRENT_VISUAL,RESOLVED_FROM_SOURCE,5,TZ_Design_Lyuboznayka_Pulkovo_v1.0.docx,Design §1.6,,,P0,10/11,04_ARCHITECTURE/ARCHITECTURE_FINAL.md; 17_IMPLEMENTATION/WORK_PACKAGE_CATALOG.csv#WP14,N/A — no direct persistence contract,N/A — visual/runtime contract; see 10_FRONTEND_CONTRACT and 11_3D_RUNTIME,17_IMPLEMENTATION/IMPLEMENTATION_BACKLOG.csv#IMP-211,REQT-VIS-ART-004,Stage19/21 current trace rebuilt from Feature Matrix + backlog + QA; external gate=NONE
VIS-MASCOT-001,Visual & interaction,Canonical mascot is the exact approved user-supplied JPEG; derivatives must preserve that identity.,CURRENT_VISUAL,RESOLVED_BY_OWNER,1,AI_TAMAGOTCHI_VISUAL_PACKAGE_v1.0/00_README/PROJECT_DECISION_OVERRIDE_v2.0.md,Owner override §2,,,P0,10/11,04_ARCHITECTURE/ARCHITECTURE_FINAL.md; 17_IMPLEMENTATION/WORK_PACKAGE_CATALOG.csv#WP14,N/A — no direct persistence contract,N/A — visual/runtime contract; see 10_FRONTEND_CONTRACT and 11_3D_RUNTIME,17_IMPLEMENTATION/IMPLEMENTATION_BACKLOG.csv#IMP-212,REQT-VIS-MASCOT-001,Stage19/21 current trace rebuilt from Feature Matrix + backlog + QA; external gate=NONE
VIS-MASCOT-002,Visual & interaction,"Mascot invariants: compact rounded body, huge glossy dark eyes, tiny beak, cream-white soft fur/feathers, warm beige/light-brown accents, short limbs, gentle curious expression.",CURRENT_VISUAL,RESOLVED_BY_OWNER,1,AI_TAMAGOTCHI_VISUAL_PACKAGE_v1.0/00_README/PROJECT_DECISION_OVERRIDE_v2.0.md,Owner override §2,,,P0,10/11,04_ARCHITECTURE/ARCHITECTURE_FINAL.md; 17_IMPLEMENTATION/WORK_PACKAGE_CATALOG.csv#WP14,N/A — no direct persistence contract,N/A — visual/runtime contract; see 10_FRONTEND_CONTRACT and 11_3D_RUNTIME,17_IMPLEMENTATION/IMPLEMENTATION_BACKLOG.csv#IMP-213,REQT-VIS-MASCOT-002,Stage19/21 current trace rebuilt from Feature Matrix + backlog + QA; external gate=NONE
VIS-MASCOT-003,Visual & interaction,Mascot rendering is semi/near-realistic stylized 3D; it must not become a realistic owl or flat cartoon.,CURRENT_VISUAL,RESOLVED_FROM_SOURCE,5,TZ_Design_Lyuboznayka_Pulkovo_v1.0.docx,Design §2,,,P0,10/11,04_ARCHITECTURE/ARCHITECTURE_FINAL.md; 17_IMPLEMENTATION/WORK_PACKAGE_CATALOG.csv#WP14,N/A — no direct persistence contract,N/A — visual/runtime contract; see 10_FRONTEND_CONTRACT and 11_3D_RUNTIME,17_IMPLEMENTATION/IMPLEMENTATION_BACKLOG.csv#IMP-214,REQT-VIS-MASCOT-003,Stage19/21 current trace rebuilt from Feature Matrix + backlog + QA; external gate=NONE
VIS-MASCOT-004,Visual & interaction,Home is mascot-first; functional screens are function-first and must not decorate every control with mascot imagery.,CURRENT_VISUAL,RESOLVED_FROM_SOURCE,5,TZ_Design_Lyuboznayka_Pulkovo_v1.0.docx,Design §2.5–2.6,,,P0,10/11,04_ARCHITECTURE/ARCHITECTURE_FINAL.md; 17_IMPLEMENTATION/WORK_PACKAGE_CATALOG.csv#WP14,N/A — no direct persistence contract,N/A — visual/runtime contract; see 10_FRONTEND_CONTRACT and 11_3D_RUNTIME,17_IMPLEMENTATION/IMPLEMENTATION_BACKLOG.csv#IMP-215,REQT-VIS-MASCOT-004,Stage19/21 current trace rebuilt from Feature Matrix + backlog + QA; external gate=NONE
VIS-MASCOT-005,Visual & interaction,Do not use a persistent first-person mascot speech bubble on Home; ambient copy remains deferrable.,DEFERRED_VISUAL_FREEZE,DEFERRED_NONBLOCKING,2,AI_TAMAGOTCHI_VISUAL_PACKAGE_v1.0/00_README/OPEN_DECISIONS_FINAL.md,Design §2.7 / Final audit,,OD-009,P0_BASELINE_DEFERRED_FREEZE,10/11,04_ARCHITECTURE/ARCHITECTURE_FINAL.md; 17_IMPLEMENTATION/WORK_PACKAGE_CATALOG.csv#WP14,N/A — no direct persistence contract,N/A — visual/runtime contract; see 10_FRONTEND_CONTRACT and 11_3D_RUNTIME,17_IMPLEMENTATION/IMPLEMENTATION_BACKLOG.csv#IMP-216,REQT-VIS-MASCOT-005,Stage19/21 current trace rebuilt from Feature Matrix + backlog + QA; external gate=FINAL_FREEZE_TUNING_OR_CURRENT_BASELINE
VIS-WORLD-001,Visual & interaction,Environment source of truth is the approved Pulkovo terminal-interior composition.,CURRENT_VISUAL,RESOLVED_BY_OWNER,1,AI_TAMAGOTCHI_VISUAL_PACKAGE_v1.0/00_README/PROJECT_DECISION_OVERRIDE_v2.0.md,Owner override §3,,,P0,10/11,04_ARCHITECTURE/ARCHITECTURE_FINAL.md; 17_IMPLEMENTATION/WORK_PACKAGE_CATALOG.csv#WP14,N/A — no direct persistence contract,N/A — visual/runtime contract; see 10_FRONTEND_CONTRACT and 11_3D_RUNTIME,17_IMPLEMENTATION/IMPLEMENTATION_BACKLOG.csv#IMP-217,REQT-VIS-WORLD-001,Stage19/21 current trace rebuilt from Feature Matrix + backlog + QA; external gate=NONE
VIS-WORLD-002,Visual & interaction,"Pulkovo cues: tall bright terminal, warm faceted/golden ceiling, structural supports, glazing/daylight, reflective floor, airport counters/screens/passenger context and restrained people.",CURRENT_VISUAL,RESOLVED_BY_OWNER,1,AI_TAMAGOTCHI_VISUAL_PACKAGE_v1.0/00_README/PROJECT_DECISION_OVERRIDE_v2.0.md,Owner override §3,,,P0,10/11,04_ARCHITECTURE/ARCHITECTURE_FINAL.md; 17_IMPLEMENTATION/WORK_PACKAGE_CATALOG.csv#WP14,N/A — no direct persistence contract,N/A — visual/runtime contract; see 10_FRONTEND_CONTRACT and 11_3D_RUNTIME,17_IMPLEMENTATION/IMPLEMENTATION_BACKLOG.csv#IMP-218,REQT-VIS-WORLD-002,Stage19/21 current trace rebuilt from Feature Matrix + backlog + QA; external gate=NONE
VIS-WORLD-003,Visual & interaction,Lyuboznayka remains foreground emotional focus; environment must not overpower it.,CURRENT_VISUAL,RESOLVED_BY_OWNER,1,AI_TAMAGOTCHI_VISUAL_PACKAGE_v1.0/00_README/PROJECT_DECISION_OVERRIDE_v2.0.md,Owner override §3,,,P0,10/11,04_ARCHITECTURE/ARCHITECTURE_FINAL.md; 17_IMPLEMENTATION/WORK_PACKAGE_CATALOG.csv#WP14,N/A — no direct persistence contract,N/A — visual/runtime contract; see 10_FRONTEND_CONTRACT and 11_3D_RUNTIME,17_IMPLEMENTATION/IMPLEMENTATION_BACKLOG.csv#IMP-219,REQT-VIS-WORLD-003,Stage19/21 current trace rebuilt from Feature Matrix + backlog + QA; external gate=NONE
VIS-WORLD-004,Visual & interaction,Day lighting is implementation baseline; morning/evening/night remain derivative states.,DEFERRED_VISUAL_FREEZE,DEFERRED_NONBLOCKING,2,AI_TAMAGOTCHI_VISUAL_PACKAGE_v1.0/00_README/OPEN_DECISIONS_FINAL.md,Final audit,,OD-012,P0_BASELINE_DEFERRED_FREEZE,10/11,04_ARCHITECTURE/ARCHITECTURE_FINAL.md; 17_IMPLEMENTATION/WORK_PACKAGE_CATALOG.csv#WP14,N/A — no direct persistence contract,N/A — visual/runtime contract; see 10_FRONTEND_CONTRACT and 11_3D_RUNTIME,17_IMPLEMENTATION/IMPLEMENTATION_BACKLOG.csv#IMP-220,REQT-VIS-WORLD-004,Stage19/21 current trace rebuilt from Feature Matrix + backlog + QA; external gate=FINAL_FREEZE_TUNING_OR_CURRENT_BASELINE
VIS-HOME-001,Visual & interaction,AI-задача UI semantics = completed AI-assisted work case; no future to-do lifecycle.,CURRENT_VISUAL,RESOLVED_BY_OWNER,1,AI_TAMAGOTCHI_VISUAL_PACKAGE_v1.0/00_README/PROJECT_DECISION_OVERRIDE_v2.0.md,Owner override §4,,OD-001,P0,10/11,04_ARCHITECTURE/ARCHITECTURE_FINAL.md; 17_IMPLEMENTATION/WORK_PACKAGE_CATALOG.csv#WP12,N/A — no direct persistence contract,06_API/openapi_final_v1.yaml,17_IMPLEMENTATION/IMPLEMENTATION_BACKLOG.csv#IMP-221,REQT-VIS-HOME-001,Stage19/21 current trace rebuilt from Feature Matrix + backlog + QA; external gate=NONE
VIS-HOME-002,Visual & interaction,Mobile bottom navigation = Главная / История / Рейтинг / Профиль.,CURRENT_VISUAL,RESOLVED_BY_OWNER,1,AI_TAMAGOTCHI_VISUAL_PACKAGE_v1.0/00_README/PROJECT_DECISION_OVERRIDE_v2.0.md,Owner override §4,,OD-002,P0,10/11,04_ARCHITECTURE/ARCHITECTURE_FINAL.md; 17_IMPLEMENTATION/WORK_PACKAGE_CATALOG.csv#WP12,N/A — no direct persistence contract,06_API/openapi_final_v1.yaml,17_IMPLEMENTATION/IMPLEMENTATION_BACKLOG.csv#IMP-222,REQT-VIS-HOME-002,Stage19/21 current trace rebuilt from Feature Matrix + backlog + QA; external gate=NONE
VIS-HOME-003,Visual & interaction,Home primary CTA = «Добавить AI-задачу».,CURRENT_VISUAL,RESOLVED_BY_OWNER,1,AI_TAMAGOTCHI_VISUAL_PACKAGE_v1.0/00_README/PROJECT_DECISION_OVERRIDE_v2.0.md,Owner override §4,,OD-003,P0,10/11,04_ARCHITECTURE/ARCHITECTURE_FINAL.md; 17_IMPLEMENTATION/WORK_PACKAGE_CATALOG.csv#WP12,N/A — no direct persistence contract,06_API/openapi_final_v1.yaml,17_IMPLEMENTATION/IMPLEMENTATION_BACKLOG.csv#IMP-223,REQT-VIS-HOME-003,Stage19/21 current trace rebuilt from Feature Matrix + backlog + QA; external gate=NONE
VIS-HOME-004,Visual & interaction,Annual Score/rank is not persistently displayed on Home; use Rating/Profile contexts.,CURRENT_VISUAL,RESOLVED_BY_OWNER,1,AI_TAMAGOTCHI_VISUAL_PACKAGE_v1.0/00_README/PROJECT_DECISION_OVERRIDE_v2.0.md,Owner override §4,,OD-004,P0,10/11,04_ARCHITECTURE/ARCHITECTURE_FINAL.md; 17_IMPLEMENTATION/WORK_PACKAGE_CATALOG.csv#WP12,N/A — no direct persistence contract,06_API/openapi_final_v1.yaml,17_IMPLEMENTATION/IMPLEMENTATION_BACKLOG.csv#IMP-224,REQT-VIS-HOME-004,Stage19/21 current trace rebuilt from Feature Matrix + backlog + QA; external gate=NONE
VIS-HOME-005,Visual & interaction,Evolution XP is not persistently displayed on Home; use Profile/Evolution/result contexts.,CURRENT_VISUAL,RESOLVED_BY_OWNER,1,AI_TAMAGOTCHI_VISUAL_PACKAGE_v1.0/00_README/PROJECT_DECISION_OVERRIDE_v2.0.md,Owner override §4,,OD-005,P0,10/11,04_ARCHITECTURE/ARCHITECTURE_FINAL.md; 17_IMPLEMENTATION/WORK_PACKAGE_CATALOG.csv#WP12,N/A — no direct persistence contract,06_API/openapi_final_v1.yaml,17_IMPLEMENTATION/IMPLEMENTATION_BACKLOG.csv#IMP-225,REQT-VIS-HOME-005,Stage19/21 current trace rebuilt from Feature Matrix + backlog + QA; external gate=NONE
VIS-HOME-006,Visual & interaction,Home shows compact Monthly Goals progress only; full detail is elsewhere.,CURRENT_VISUAL,RESOLVED_BY_OWNER,1,AI_TAMAGOTCHI_VISUAL_PACKAGE_v1.0/00_README/PROJECT_DECISION_OVERRIDE_v2.0.md,Owner override §4,,OD-006,P0,10/11,04_ARCHITECTURE/ARCHITECTURE_FINAL.md; 17_IMPLEMENTATION/WORK_PACKAGE_CATALOG.csv#WP12,N/A — no direct persistence contract,06_API/openapi_final_v1.yaml,17_IMPLEMENTATION/IMPLEMENTATION_BACKLOG.csv#IMP-226,REQT-VIS-HOME-006,Stage19/21 current trace rebuilt from Feature Matrix + backlog + QA; external gate=NONE
VIS-HOME-007,Visual & interaction,Home health presentation baseline = mascot state + detail-on-demand; no persistent numeric HP bar.,DEFERRED_VISUAL_FREEZE,DEFERRED_NONBLOCKING,2,AI_TAMAGOTCHI_VISUAL_PACKAGE_v1.0/00_README/OPEN_DECISIONS_FINAL.md,Final audit,,OD-011,P0_BASELINE_DEFERRED_FREEZE,10/11,04_ARCHITECTURE/ARCHITECTURE_FINAL.md; 17_IMPLEMENTATION/WORK_PACKAGE_CATALOG.csv#WP12,N/A — no direct persistence contract,06_API/openapi_final_v1.yaml,17_IMPLEMENTATION/IMPLEMENTATION_BACKLOG.csv#IMP-227,REQT-VIS-HOME-007,Stage19/21 current trace rebuilt from Feature Matrix + backlog + QA; external gate=FINAL_FREEZE_TUNING_OR_CURRENT_BASELINE
VIS-HOME-008,Visual & interaction,Do not add permanent feed/play/learn/rest-style game-button row on Home.,DEFERRED_VISUAL_FREEZE,DEFERRED_NONBLOCKING,2,AI_TAMAGOTCHI_VISUAL_PACKAGE_v1.0/00_README/OPEN_DECISIONS_FINAL.md,Final audit,,OD-010,P0_BASELINE_DEFERRED_FREEZE,10/11,04_ARCHITECTURE/ARCHITECTURE_FINAL.md; 17_IMPLEMENTATION/WORK_PACKAGE_CATALOG.csv#WP12,N/A — no direct persistence contract,06_API/openapi_final_v1.yaml,17_IMPLEMENTATION/IMPLEMENTATION_BACKLOG.csv#IMP-228,REQT-VIS-HOME-008,Stage19/21 current trace rebuilt from Feature Matrix + backlog + QA; external gate=FINAL_FREEZE_TUNING_OR_CURRENT_BASELINE
VIS-DS-001,Visual & interaction,"Functional UI is light, strict, modern, airport-inspired with restrained amber/gold accent.",CURRENT_VISUAL,RESOLVED_FROM_SOURCE,5,TZ_Design_Lyuboznayka_Pulkovo_v1.0.docx,Design §6–7,,,P0,10/11,04_ARCHITECTURE/ARCHITECTURE_FINAL.md; 17_IMPLEMENTATION/WORK_PACKAGE_CATALOG.csv#WP11,N/A — no direct persistence contract,N/A — visual/runtime contract; see 10_FRONTEND_CONTRACT and 11_3D_RUNTIME,17_IMPLEMENTATION/IMPLEMENTATION_BACKLOG.csv#IMP-229,REQT-VIS-DS-001,Stage19/21 current trace rebuilt from Feature Matrix + backlog + QA; external gate=NONE
VIS-DS-002,Visual & interaction,Functional UX/readability takes priority over decorative 3D/gamification.,CURRENT_VISUAL,RESOLVED_FROM_SOURCE,5,TZ_Design_Lyuboznayka_Pulkovo_v1.0.docx,Design §1.2,,,P0,10/11,04_ARCHITECTURE/ARCHITECTURE_FINAL.md; 17_IMPLEMENTATION/WORK_PACKAGE_CATALOG.csv#WP11,N/A — no direct persistence contract,N/A — visual/runtime contract; see 10_FRONTEND_CONTRACT and 11_3D_RUNTIME,17_IMPLEMENTATION/IMPLEMENTATION_BACKLOG.csv#IMP-230,REQT-VIS-DS-002,Stage19/21 current trace rebuilt from Feature Matrix + backlog + QA; external gate=NONE
VIS-DS-003,Visual & interaction,Use current Stage-20 token/component handoff rather than legacy component values.,CURRENT_VISUAL,RESOLVED_FROM_SOURCE,3,AI_TAMAGOTCHI_VISUAL_PACKAGE_v1.0/09_DEVELOPER_HANDOFF/HANDOFF_INDEX_v2.0.md,Current handoff,,,P0,10/11,04_ARCHITECTURE/ARCHITECTURE_FINAL.md; 17_IMPLEMENTATION/WORK_PACKAGE_CATALOG.csv#WP11,N/A — no direct persistence contract,N/A — visual/runtime contract; see 10_FRONTEND_CONTRACT and 11_3D_RUNTIME,17_IMPLEMENTATION/IMPLEMENTATION_BACKLOG.csv#IMP-231,REQT-VIS-DS-003,Stage19/21 current trace rebuilt from Feature Matrix + backlog + QA; external gate=NONE
VIS-DS-004,Visual & interaction,Final runtime font is not frozen; Stage-20 baseline uses Inter + system fallbacks and must remain replaceable.,DEFERRED_VISUAL_FREEZE,DEFERRED_NONBLOCKING,2,AI_TAMAGOTCHI_VISUAL_PACKAGE_v1.0/00_README/OPEN_DECISIONS_FINAL.md,Final audit,,OD-017,P0_BASELINE_DEFERRED_FREEZE,10/11,04_ARCHITECTURE/ARCHITECTURE_FINAL.md; 17_IMPLEMENTATION/WORK_PACKAGE_CATALOG.csv#WP11,N/A — no direct persistence contract,N/A — visual/runtime contract; see 10_FRONTEND_CONTRACT and 11_3D_RUNTIME,17_IMPLEMENTATION/IMPLEMENTATION_BACKLOG.csv#IMP-232,REQT-VIS-DS-004,Stage19/21 current trace rebuilt from Feature Matrix + backlog + QA; external gate=FINAL_FREEZE_TUNING_OR_CURRENT_BASELINE
VIS-DS-005,Visual & interaction,Current token palette is implementation baseline; final scene-level color calibration remains a freeze refinement.,DEFERRED_VISUAL_FREEZE,DEFERRED_NONBLOCKING,2,AI_TAMAGOTCHI_VISUAL_PACKAGE_v1.0/00_README/OPEN_DECISIONS_FINAL.md,Final audit,,OD-018,P0_BASELINE_DEFERRED_FREEZE,10/11,04_ARCHITECTURE/ARCHITECTURE_FINAL.md; 17_IMPLEMENTATION/WORK_PACKAGE_CATALOG.csv#WP11,N/A — no direct persistence contract,N/A — visual/runtime contract; see 10_FRONTEND_CONTRACT and 11_3D_RUNTIME,17_IMPLEMENTATION/IMPLEMENTATION_BACKLOG.csv#IMP-233,REQT-VIS-DS-005,Stage19/21 current trace rebuilt from Feature Matrix + backlog + QA; external gate=FINAL_FREEZE_TUNING_OR_CURRENT_BASELINE
VIS-MOTION-001,Visual & interaction,Navigation motion is fast/restrained; mascot/feedback motion may be more elastic without impairing function.,CURRENT_VISUAL,RESOLVED_FROM_SOURCE,5,TZ_Design_Lyuboznayka_Pulkovo_v1.0.docx,Design Motion,,,P0,10/11,04_ARCHITECTURE/ARCHITECTURE_FINAL.md; 17_IMPLEMENTATION/WORK_PACKAGE_CATALOG.csv#WP11,N/A — no direct persistence contract,N/A — visual/runtime contract; see 10_FRONTEND_CONTRACT and 11_3D_RUNTIME,17_IMPLEMENTATION/IMPLEMENTATION_BACKLOG.csv#IMP-234,REQT-VIS-MOTION-001,Stage19/21 current trace rebuilt from Feature Matrix + backlog + QA; external gate=NONE
VIS-MOTION-002,Visual & interaction,Reduced Motion behavior is mandatory; large bounce/squash/motion degrades to restrained fade/scale while preserving feedback.,CURRENT_VISUAL,RESOLVED_FROM_SOURCE,3,AI_TAMAGOTCHI_VISUAL_PACKAGE_v1.0/09_DEVELOPER_HANDOFF/HANDOFF_INDEX_v2.0.md,Current motion handoff,,,P0,10/11,04_ARCHITECTURE/ARCHITECTURE_FINAL.md; 17_IMPLEMENTATION/WORK_PACKAGE_CATALOG.csv#WP11,N/A — no direct persistence contract,N/A — visual/runtime contract; see 10_FRONTEND_CONTRACT and 11_3D_RUNTIME,17_IMPLEMENTATION/IMPLEMENTATION_BACKLOG.csv#IMP-235,REQT-VIS-MOTION-002,Stage19/21 current trace rebuilt from Feature Matrix + backlog + QA; external gate=NONE
VIS-MOTION-003,Visual & interaction,Stage-20 motion values are the implementation baseline; final animation tuning remains open.,DEFERRED_VISUAL_FREEZE,DEFERRED_NONBLOCKING,2,AI_TAMAGOTCHI_VISUAL_PACKAGE_v1.0/00_README/OPEN_DECISIONS_FINAL.md,Final audit,,OD-027,P0_BASELINE_DEFERRED_FREEZE,10/11,04_ARCHITECTURE/ARCHITECTURE_FINAL.md; 17_IMPLEMENTATION/WORK_PACKAGE_CATALOG.csv#WP11,N/A — no direct persistence contract,N/A — visual/runtime contract; see 10_FRONTEND_CONTRACT and 11_3D_RUNTIME,17_IMPLEMENTATION/IMPLEMENTATION_BACKLOG.csv#IMP-236,REQT-VIS-MOTION-003,Stage19/21 current trace rebuilt from Feature Matrix + backlog + QA; external gate=FINAL_FREEZE_TUNING_OR_CURRENT_BASELINE
VIS-RESP-001,Visual & interaction,Mobile is primary; desktop/admin uses dedicated desktop information architecture rather than stretched mobile layouts.,CURRENT_VISUAL,RESOLVED_FROM_SOURCE,5,TZ_Design_Lyuboznayka_Pulkovo_v1.0.docx,Design + handoff,,,P0,10/11,04_ARCHITECTURE/ARCHITECTURE_FINAL.md; 17_IMPLEMENTATION/WORK_PACKAGE_CATALOG.csv#WP11,N/A — no direct persistence contract,N/A — visual/runtime contract; see 10_FRONTEND_CONTRACT and 11_3D_RUNTIME,17_IMPLEMENTATION/IMPLEMENTATION_BACKLOG.csv#IMP-237,REQT-VIS-RESP-001,Stage19/21 current trace rebuilt from Feature Matrix + backlog + QA; external gate=NONE
VIS-RESP-002,Visual & interaction,"Responsive 3D framing preserves mascot face/eyes, CTA and nav safe regions; mascot does not scale linearly with viewport width.",CURRENT_VISUAL,RESOLVED_FROM_SOURCE,3,AI_TAMAGOTCHI_VISUAL_PACKAGE_v1.0/09_DEVELOPER_HANDOFF/HANDOFF_INDEX_v2.0.md,Responsive handoff,,,P0,10/11,04_ARCHITECTURE/ARCHITECTURE_FINAL.md; 17_IMPLEMENTATION/WORK_PACKAGE_CATALOG.csv#WP11,N/A — no direct persistence contract,N/A — visual/runtime contract; see 10_FRONTEND_CONTRACT and 11_3D_RUNTIME,17_IMPLEMENTATION/IMPLEMENTATION_BACKLOG.csv#IMP-238,REQT-VIS-RESP-002,Stage19/21 current trace rebuilt from Feature Matrix + backlog + QA; external gate=NONE
VIS-3D-001,Visual & interaction,3D planning architecture = HYBRID and functional UI must remain usable when realtime 3D is unavailable.,CURRENT_VISUAL,RESOLVED_BY_OWNER,1,AI_TAMAGOTCHI_VISUAL_PACKAGE_v1.0/00_README/PROJECT_DECISION_OVERRIDE_v2.0.md,Owner override §4,,,P0,10/11,04_ARCHITECTURE/ARCHITECTURE_FINAL.md; 17_IMPLEMENTATION/WORK_PACKAGE_CATALOG.csv#WP14,N/A — no direct persistence contract,N/A — visual/runtime contract; see 10_FRONTEND_CONTRACT and 11_3D_RUNTIME,17_IMPLEMENTATION/IMPLEMENTATION_BACKLOG.csv#IMP-239,REQT-VIS-3D-001,Stage19/21 current trace rebuilt from Feature Matrix + backlog + QA; external gate=NONE
VIS-3D-002,Visual & interaction,Realtime baseline = Three.js + WebGL2-capable web/PWA + glTF 2.0/GLB.,CURRENT_VISUAL,RESOLVED_BY_OWNER,1,AI_TAMAGOTCHI_VISUAL_PACKAGE_v1.0/00_README/PROJECT_DECISION_OVERRIDE_v2.0.md,Owner override §4,,OD-019,P0,10/11,04_ARCHITECTURE/ARCHITECTURE_FINAL.md; 17_IMPLEMENTATION/WORK_PACKAGE_CATALOG.csv#WP14,N/A — no direct persistence contract,N/A — visual/runtime contract; see 10_FRONTEND_CONTRACT and 11_3D_RUNTIME,17_IMPLEMENTATION/IMPLEMENTATION_BACKLOG.csv#IMP-240,REQT-VIS-3D-002,Stage19/21 current trace rebuilt from Feature Matrix + backlog + QA; external gate=NONE
VIS-3D-003,Visual & interaction,"3D coordinate convention = 1 unit = 1 meter, right-handed glTF, Y-up.",CURRENT_VISUAL,RESOLVED_BY_OWNER,1,AI_TAMAGOTCHI_VISUAL_PACKAGE_v1.0/00_README/PROJECT_DECISION_OVERRIDE_v2.0.md,Owner override §4,,OD-020,P0,10/11,04_ARCHITECTURE/ARCHITECTURE_FINAL.md; 17_IMPLEMENTATION/WORK_PACKAGE_CATALOG.csv#WP14,N/A — no direct persistence contract,N/A — visual/runtime contract; see 10_FRONTEND_CONTRACT and 11_3D_RUNTIME,17_IMPLEMENTATION/IMPLEMENTATION_BACKLOG.csv#IMP-241,REQT-VIS-3D-003,Stage19/21 current trace rebuilt from Feature Matrix + backlog + QA; external gate=NONE
VIS-3D-004,Visual & interaction,Production visual runtime files may be consumed directly only from `08_PRODUCTION_EXPORTS/`.,CURRENT_VISUAL,RESOLVED_FROM_SOURCE,3,AI_TAMAGOTCHI_VISUAL_PACKAGE_v1.0/00_README/README_FINAL_PACKAGE_v2.0.md,Final package README,,,P0,10/11,04_ARCHITECTURE/ARCHITECTURE_FINAL.md; 17_IMPLEMENTATION/WORK_PACKAGE_CATALOG.csv#WP14,N/A — no direct persistence contract,N/A — visual/runtime contract; see 10_FRONTEND_CONTRACT and 11_3D_RUNTIME,17_IMPLEMENTATION/IMPLEMENTATION_BACKLOG.csv#IMP-242,REQT-VIS-3D-004,Stage19/21 current trace rebuilt from Feature Matrix + backlog + QA; external gate=NONE
VIS-3D-005,Visual & interaction,Existing package GLBs are Stage-16 technical/proxy assets and must not be promoted as final production 3D.,CURRENT_VISUAL,RESOLVED_FROM_SOURCE,3,AI_TAMAGOTCHI_VISUAL_PACKAGE_v1.0/00_README/README_FINAL_PACKAGE_v2.0.md,Final package audit,,,P0,10/11,04_ARCHITECTURE/ARCHITECTURE_FINAL.md; 17_IMPLEMENTATION/WORK_PACKAGE_CATALOG.csv#WP14,N/A — no direct persistence contract,N/A — visual/runtime contract; see 10_FRONTEND_CONTRACT and 11_3D_RUNTIME,17_IMPLEMENTATION/IMPLEMENTATION_BACKLOG.csv#IMP-243,REQT-VIS-3D-005,Stage19/21 current trace rebuilt from Feature Matrix + backlog + QA; external gate=NONE
VIS-3D-006,Visual & interaction,Final mascot/world production GLBs are external production dependencies; integrate through explicit interfaces and approved fallbacks.,EXTERNAL_DEPENDENCY,EXTERNAL_DEPENDENCY,3,AI_TAMAGOTCHI_VISUAL_PACKAGE_v1.0/00_README/README_FINAL_PACKAGE_v2.0.md,Final package audit,,,P0_EXTERNAL_ASSET_WITH_FALLBACK,10/11,04_ARCHITECTURE/ARCHITECTURE_FINAL.md; 17_IMPLEMENTATION/WORK_PACKAGE_CATALOG.csv#WP14,N/A — no direct persistence contract,N/A — visual/runtime contract; see 10_FRONTEND_CONTRACT and 11_3D_RUNTIME,17_IMPLEMENTATION/IMPLEMENTATION_BACKLOG.csv#IMP-244,REQT-VIS-3D-006,Stage19/21 current trace rebuilt from Feature Matrix + backlog + QA; external gate=FINAL_ASSET_OR_APPROVED_FALLBACK
VIS-3D-007,Visual & interaction,KTX2 remains optional/unvalidated; compatible non-KTX2 path is current baseline.,DEFERRED_VISUAL_FREEZE,DEFERRED_NONBLOCKING,2,AI_TAMAGOTCHI_VISUAL_PACKAGE_v1.0/00_README/OPEN_DECISIONS_FINAL.md,Final audit,,OD-023,DEFERRED_OPTIONAL,10/11,04_ARCHITECTURE/ARCHITECTURE_FINAL.md; 17_IMPLEMENTATION/WORK_PACKAGE_CATALOG.csv#WP14,N/A — no direct persistence contract,N/A — visual/runtime contract; see 10_FRONTEND_CONTRACT and 11_3D_RUNTIME,17_IMPLEMENTATION/IMPLEMENTATION_BACKLOG.csv#IMP-245,REQT-VIS-3D-007,Stage19/21 current trace rebuilt from Feature Matrix + backlog + QA; external gate=OPTIONAL_DISABLED_BY_DEFAULT
VIS-3D-008,Visual & interaction,"LOD, memory and file-size numeric budgets are not benchmark-certified; no measured performance claim may be invented.",DEFERRED_VISUAL_FREEZE,DEFERRED_NONBLOCKING,2,AI_TAMAGOTCHI_VISUAL_PACKAGE_v1.0/00_README/OPEN_DECISIONS_FINAL.md,Final audit,,OD-021/022/024,P0_BASELINE_DEFERRED_FREEZE,10/11,04_ARCHITECTURE/ARCHITECTURE_FINAL.md; 17_IMPLEMENTATION/WORK_PACKAGE_CATALOG.csv#WP14,N/A — no direct persistence contract,N/A — visual/runtime contract; see 10_FRONTEND_CONTRACT and 11_3D_RUNTIME,17_IMPLEMENTATION/IMPLEMENTATION_BACKLOG.csv#IMP-246,REQT-VIS-3D-008,Stage19/21 current trace rebuilt from Feature Matrix + backlog + QA; external gate=FINAL_FREEZE_TUNING_OR_CURRENT_BASELINE
VIS-3D-009,Visual & interaction,Numeric camera/FOV/safe-zone and runtime-lighting values remain tuning items; use current framing/lighting specs as baseline.,DEFERRED_VISUAL_FREEZE,DEFERRED_NONBLOCKING,2,AI_TAMAGOTCHI_VISUAL_PACKAGE_v1.0/00_README/OPEN_DECISIONS_FINAL.md,Final audit,,OD-025/026,P0_BASELINE_DEFERRED_FREEZE,10/11,04_ARCHITECTURE/ARCHITECTURE_FINAL.md; 17_IMPLEMENTATION/WORK_PACKAGE_CATALOG.csv#WP14,N/A — no direct persistence contract,N/A — visual/runtime contract; see 10_FRONTEND_CONTRACT and 11_3D_RUNTIME,17_IMPLEMENTATION/IMPLEMENTATION_BACKLOG.csv#IMP-247,REQT-VIS-3D-009,Stage19/21 current trace rebuilt from Feature Matrix + backlog + QA; external gate=FINAL_FREEZE_TUNING_OR_CURRENT_BASELINE
VIS-ASSET-001,Visual & interaction,Old schematic Happy/Coma mascot fallbacks are deprecated; canonical-derived v2 fallbacks are current.,CURRENT_VISUAL,RESOLVED_FROM_SOURCE,2,AI_TAMAGOTCHI_VISUAL_PACKAGE_v1.0/00_README/CURRENT_PROJECT_APPROVAL_STATUS_v2.0.md,Current approval,,,P0,10/11,04_ARCHITECTURE/ARCHITECTURE_FINAL.md; 17_IMPLEMENTATION/WORK_PACKAGE_CATALOG.csv#WP14,N/A — no direct persistence contract,N/A — visual/runtime contract; see 10_FRONTEND_CONTRACT and 11_3D_RUNTIME,17_IMPLEMENTATION/IMPLEMENTATION_BACKLOG.csv#IMP-248,REQT-VIS-ASSET-001,Stage19/21 current trace rebuilt from Feature Matrix + backlog + QA; external gate=NONE
VIS-ASSET-002,Visual & interaction,Approved Pulkovo Home Day v2 fallback is current.,CURRENT_VISUAL,RESOLVED_FROM_SOURCE,2,AI_TAMAGOTCHI_VISUAL_PACKAGE_v1.0/00_README/CURRENT_PROJECT_APPROVAL_STATUS_v2.0.md,Current approval,,,P0,10/11,04_ARCHITECTURE/ARCHITECTURE_FINAL.md; 17_IMPLEMENTATION/WORK_PACKAGE_CATALOG.csv#WP14,N/A — no direct persistence contract,N/A — visual/runtime contract; see 10_FRONTEND_CONTRACT and 11_3D_RUNTIME,17_IMPLEMENTATION/IMPLEMENTATION_BACKLOG.csv#IMP-249,REQT-VIS-ASSET-002,Stage19/21 current trace rebuilt from Feature Matrix + backlog + QA; external gate=NONE
VIS-QA-001,Visual & interaction,Current Golden Screen set contains 17 v2 references: 15 mobile and 2 desktop.,CURRENT_VISUAL,RESOLVED_FROM_SOURCE,2,AI_TAMAGOTCHI_VISUAL_PACKAGE_v1.0/00_README/CURRENT_PROJECT_APPROVAL_STATUS_v2.0.md,Current remediation,,,P0,10/11,04_ARCHITECTURE/ARCHITECTURE_FINAL.md; 17_IMPLEMENTATION/WORK_PACKAGE_CATALOG.csv#WP14,N/A — no direct persistence contract,N/A — visual/runtime contract; see 10_FRONTEND_CONTRACT and 11_3D_RUNTIME,17_IMPLEMENTATION/IMPLEMENTATION_BACKLOG.csv#IMP-250,REQT-VIS-QA-001,Stage19/21 current trace rebuilt from Feature Matrix + backlog + QA; external gate=NONE
VIS-QA-002,Visual & interaction,Golden Screens are visual regression references and do not replace functional/performance runtime tests.,CURRENT_VISUAL,RESOLVED_FROM_SOURCE,3,AI_TAMAGOTCHI_VISUAL_PACKAGE_v1.0/00_README/README_FINAL_PACKAGE_v2.0.md,Visual QA / final audit,,,P0,10/11,04_ARCHITECTURE/ARCHITECTURE_FINAL.md; 17_IMPLEMENTATION/WORK_PACKAGE_CATALOG.csv#WP14,N/A — no direct persistence contract,N/A — visual/runtime contract; see 10_FRONTEND_CONTRACT and 11_3D_RUNTIME,17_IMPLEMENTATION/IMPLEMENTATION_BACKLOG.csv#IMP-251,REQT-VIS-QA-002,Stage19/21 current trace rebuilt from Feature Matrix + backlog + QA; external gate=NONE
VIS-RIGHTS-001,Visual & interaction,Legal/brand/license/provenance workflow is WAIVED_NON_BLOCKING for project progression; this is not independent legal clearance.,CURRENT_VISUAL,RESOLVED_BY_OWNER,1,AI_TAMAGOTCHI_VISUAL_PACKAGE_v1.0/00_README/PROJECT_DECISION_OVERRIDE_v2.0.md,Owner override §1,,OD-015/032,P0,10/11,04_ARCHITECTURE/ARCHITECTURE_FINAL.md; 17_IMPLEMENTATION/WORK_PACKAGE_CATALOG.csv#WP01,N/A — no direct persistence contract,06_API/openapi_final_v1.yaml,17_IMPLEMENTATION/IMPLEMENTATION_BACKLOG.csv#IMP-252,REQT-VIS-RIGHTS-001,Stage19/21 current trace rebuilt from Feature Matrix + backlog + QA; external gate=NONE
VIS-PERF-001,Visual & interaction,Physical-device Stage-16 validation is WAIVED_NON_BLOCKING; no measured FPS/memory/load claim is authorized.,CURRENT_VISUAL,RESOLVED_BY_OWNER,1,AI_TAMAGOTCHI_VISUAL_PACKAGE_v1.0/00_README/PROJECT_DECISION_OVERRIDE_v2.0.md,Owner override §4,,OD-024,P0,10/11,04_ARCHITECTURE/ARCHITECTURE_FINAL.md; 17_IMPLEMENTATION/WORK_PACKAGE_CATALOG.csv#WP14,N/A — no direct persistence contract,N/A — visual/runtime contract; see 10_FRONTEND_CONTRACT and 11_3D_RUNTIME,17_IMPLEMENTATION/IMPLEMENTATION_BACKLOG.csv#IMP-253,REQT-VIS-PERF-001,Stage19/21 current trace rebuilt from Feature Matrix + backlog + QA; external gate=NONE
VIS-ART-005,Visual & interaction,Final app identity/logo must not be invented until supplied/approved.,DEFERRED_VISUAL_FREEZE,DEFERRED_NONBLOCKING,2,AI_TAMAGOTCHI_VISUAL_PACKAGE_v1.0/00_README/OPEN_DECISIONS_FINAL.md,Final audit,,OD-016,P0_BASELINE_DEFERRED_FREEZE,10/11,04_ARCHITECTURE/ARCHITECTURE_FINAL.md; 17_IMPLEMENTATION/WORK_PACKAGE_CATALOG.csv#WP14,N/A — no direct persistence contract,N/A — visual/runtime contract; see 10_FRONTEND_CONTRACT and 11_3D_RUNTIME,17_IMPLEMENTATION/IMPLEMENTATION_BACKLOG.csv#IMP-254,REQT-VIS-ART-005,Stage19/21 current trace rebuilt from Feature Matrix + backlog + QA; external gate=FINAL_FREEZE_TUNING_OR_CURRENT_BASELINE
VIS-ASSET-003,Visual & interaction,Release-specific achievement/cosmetic art may use generic badge/icon fallback; do not invent final release inventory.,DEFERRED_VISUAL_FREEZE,DEFERRED_NONBLOCKING,2,AI_TAMAGOTCHI_VISUAL_PACKAGE_v1.0/00_README/OPEN_DECISIONS_FINAL.md,Final audit,,OD-028,P0_BASELINE_DEFERRED_FREEZE,10/11,04_ARCHITECTURE/ARCHITECTURE_FINAL.md; 17_IMPLEMENTATION/WORK_PACKAGE_CATALOG.csv#WP14,N/A — no direct persistence contract,N/A — visual/runtime contract; see 10_FRONTEND_CONTRACT and 11_3D_RUNTIME,17_IMPLEMENTATION/IMPLEMENTATION_BACKLOG.csv#IMP-255,REQT-VIS-ASSET-003,Stage19/21 current trace rebuilt from Feature Matrix + backlog + QA; external gate=FINAL_FREEZE_TUNING_OR_CURRENT_BASELINE
VIS-ASSET-004,Visual & interaction,Final evolution-branch art must not be invented; canonical/base mascot treatment remains valid until branch assets exist.,DEFERRED_VISUAL_FREEZE,DEFERRED_NONBLOCKING,2,AI_TAMAGOTCHI_VISUAL_PACKAGE_v1.0/00_README/OPEN_DECISIONS_FINAL.md,Final audit,,OD-029,P0_BASELINE_DEFERRED_FREEZE,10/11,04_ARCHITECTURE/ARCHITECTURE_FINAL.md; 17_IMPLEMENTATION/WORK_PACKAGE_CATALOG.csv#WP14,N/A — no direct persistence contract,N/A — visual/runtime contract; see 10_FRONTEND_CONTRACT and 11_3D_RUNTIME,17_IMPLEMENTATION/IMPLEMENTATION_BACKLOG.csv#IMP-256,REQT-VIS-ASSET-004,Stage19/21 current trace rebuilt from Feature Matrix + backlog + QA; external gate=FINAL_FREEZE_TUNING_OR_CURRENT_BASELINE
VIS-HANDOFF-001,Visual & interaction,Current developer consumption filenames are the Stage-20 canonical files named by the handoff index even where versioned lineage companions exist.,CURRENT_VISUAL,RESOLVED_FROM_SOURCE,3,AI_TAMAGOTCHI_VISUAL_PACKAGE_v1.0/09_DEVELOPER_HANDOFF/HANDOFF_INDEX_v2.0.md,Stage-20 handoff,,,P0,10/11,04_ARCHITECTURE/ARCHITECTURE_FINAL.md; 17_IMPLEMENTATION/WORK_PACKAGE_CATALOG.csv#WP14,N/A — no direct persistence contract,N/A — visual/runtime contract; see 10_FRONTEND_CONTRACT and 11_3D_RUNTIME,17_IMPLEMENTATION/IMPLEMENTATION_BACKLOG.csv#IMP-257,REQT-VIS-HANDOFF-001,Stage19/21 current trace rebuilt from Feature Matrix + backlog + QA; external gate=NONE
VIS-HANDOFF-002,Visual & interaction,No live Figma workspace/master link is available; file-based handoff is the current source.,DEFERRED_VISUAL_FREEZE,DEFERRED_NONBLOCKING,2,AI_TAMAGOTCHI_VISUAL_PACKAGE_v1.0/00_README/OPEN_DECISIONS_FINAL.md,Final audit,,OD-030,P0_BASELINE_DEFERRED_FREEZE,10/11,04_ARCHITECTURE/ARCHITECTURE_FINAL.md; 17_IMPLEMENTATION/WORK_PACKAGE_CATALOG.csv#WP14,N/A — no direct persistence contract,N/A — visual/runtime contract; see 10_FRONTEND_CONTRACT and 11_3D_RUNTIME,17_IMPLEMENTATION/IMPLEMENTATION_BACKLOG.csv#IMP-258,REQT-VIS-HANDOFF-002,Stage19/21 current trace rebuilt from Feature Matrix + backlog + QA; external gate=FINAL_FREEZE_TUNING_OR_CURRENT_BASELINE
PRD-AMBIENT-001,Product / Visual,"Pet tone is cute, emotional and slightly naive but not overly childish; copy stays short and avoids corporate bureaucracy, sarcasm and complex humor.",MVP_IN,RESOLVED_FROM_SOURCE,4,TZ_AI_Tamagotchi_v1.0 (1).docx,§19.2,,,P0,5,04_ARCHITECTURE/ARCHITECTURE_FINAL.md; 17_IMPLEMENTATION/WORK_PACKAGE_CATALOG.csv#WP14,N/A — no direct persistence contract,N/A — visual/runtime contract; see 10_FRONTEND_CONTRACT and 11_3D_RUNTIME,17_IMPLEMENTATION/IMPLEMENTATION_BACKLOG.csv#IMP-259,REQT-PRD-AMBIENT-001,Stage19/21 current trace rebuilt from Feature Matrix + backlog + QA; external gate=NONE
PRD-AMBIENT-002,Product / Visual,Ambient mascot reactions/copy are limited to at most 1–2 occurrences per day.,MVP_IN,RESOLVED_FROM_SOURCE,1,TZ_AI_Tamagotchi_v1.0 (1).docx,§19.2 PET-010,,OD-009,P0,5,04_ARCHITECTURE/ARCHITECTURE_FINAL.md; 17_IMPLEMENTATION/WORK_PACKAGE_CATALOG.csv#WP14,N/A — no direct persistence contract,N/A — visual/runtime contract; see 10_FRONTEND_CONTRACT and 11_3D_RUNTIME,17_IMPLEMENTATION/IMPLEMENTATION_BACKLOG.csv#IMP-260,REQT-PRD-AMBIENT-002,Stage19/21 current trace rebuilt from Feature Matrix + backlog + QA; external gate=NONE
PRD-AMBIENT-003,Product / Visual,"Ambient external context is limited to Saint Petersburg weather/temperature/precipitation, season, time of day, day of week and official holidays.",MVP_IN,RESOLVED_FROM_SOURCE,4,TZ_AI_Tamagotchi_v1.0 (1).docx,§19.2 PET-011,,,P0,5,04_ARCHITECTURE/ARCHITECTURE_FINAL.md; 17_IMPLEMENTATION/WORK_PACKAGE_CATALOG.csv#WP14,N/A — no direct persistence contract,N/A — visual/runtime contract; see 10_FRONTEND_CONTRACT and 11_3D_RUNTIME,17_IMPLEMENTATION/IMPLEMENTATION_BACKLOG.csv#IMP-261,REQT-PRD-AMBIENT-003,Stage19/21 current trace rebuilt from Feature Matrix + backlog + QA; external gate=NONE
PRD-AMBIENT-004,Product / Visual,"Ambient layer excludes news, politics and complex information search.",MVP_IN,RESOLVED_FROM_SOURCE,4,TZ_AI_Tamagotchi_v1.0 (1).docx,§19.2 PET-012,,,P0,5,04_ARCHITECTURE/ARCHITECTURE_FINAL.md; 17_IMPLEMENTATION/WORK_PACKAGE_CATALOG.csv#WP14,N/A — no direct persistence contract,N/A — visual/runtime contract; see 10_FRONTEND_CONTRACT and 11_3D_RUNTIME,17_IMPLEMENTATION/IMPLEMENTATION_BACKLOG.csv#IMP-262,REQT-PRD-AMBIENT-004,Stage19/21 current trace rebuilt from Feature Matrix + backlog + QA; external gate=NONE
PRD-PETACT-001,Product / Visual,"MVP includes lightweight pet actions such as petting, a short 2–3 second play interaction and call/visual reaction; they provide no gameplay advantage and use no sound.",MVP_IN,RESOLVED_FROM_SOURCE,1,TZ_AI_Tamagotchi_v1.0 (1).docx,§19.3,,OD-010,P0,5,04_ARCHITECTURE/ARCHITECTURE_FINAL.md; 17_IMPLEMENTATION/WORK_PACKAGE_CATALOG.csv#WP14,N/A — no direct persistence contract,N/A — visual/runtime contract; see 10_FRONTEND_CONTRACT and 11_3D_RUNTIME,17_IMPLEMENTATION/IMPLEMENTATION_BACKLOG.csv#IMP-263,REQT-PRD-PETACT-001,Stage19/21 current trace rebuilt from Feature Matrix + backlog + QA; external gate=NONE
PRD-ACH-001,Product / Visual,Achievements / Collection user surface shows only earned achievements and cosmetics; it does not expose an invented locked catalog.,MVP_IN,RESOLVED_FROM_SOURCE,4,TZ_AI_Tamagotchi_v1.0 (1).docx,§20.4 UX-003,,,P0,5,04_ARCHITECTURE/ARCHITECTURE_FINAL.md; 17_IMPLEMENTATION/WORK_PACKAGE_CATALOG.csv#WP12,N/A — no direct persistence contract,06_API/openapi_final_v1.yaml,17_IMPLEMENTATION/IMPLEMENTATION_BACKLOG.csv#IMP-264,REQT-PRD-ACH-001,Stage19/21 current trace rebuilt from Feature Matrix + backlog + QA; external gate=NONE
PRD-NFR-004,Non-functional,"Accessibility baseline includes readable contrast, scalable text, adequate touch targets, correct form labels and keyboard support for web.",MVP_IN,RESOLVED_FROM_SOURCE,4,TZ_AI_Tamagotchi_v1.0 (1).docx,§27 Accessibility / NFR-010,,,P0,6,04_ARCHITECTURE/ARCHITECTURE_FINAL.md; 17_IMPLEMENTATION/WORK_PACKAGE_CATALOG.csv#WP15,05_DATABASE/DATABASE_SPEC.md; 05_DATABASE/DATABASE_TRACEABILITY.csv,06_API/openapi_final_v1.yaml,17_IMPLEMENTATION/IMPLEMENTATION_BACKLOG.csv#IMP-265,REQT-PRD-NFR-004,Stage19/21 current trace rebuilt from Feature Matrix + backlog + QA; external gate=NONE
PRD-NFR-005,Non-functional,MVP UI language is Russian and user-facing strings must be externalized through a localization layer rather than hardcoded.,MVP_IN,RESOLVED_FROM_SOURCE,4,TZ_AI_Tamagotchi_v1.0 (1).docx,§27 Localization / NFR-011,,,P0,6,04_ARCHITECTURE/ARCHITECTURE_FINAL.md; 17_IMPLEMENTATION/WORK_PACKAGE_CATALOG.csv#WP15,05_DATABASE/DATABASE_SPEC.md; 05_DATABASE/DATABASE_TRACEABILITY.csv,06_API/openapi_final_v1.yaml,17_IMPLEMENTATION/IMPLEMENTATION_BACKLOG.csv#IMP-266,REQT-PRD-NFR-005,Stage19/21 current trace rebuilt from Feature Matrix + backlog + QA; external gate=NONE
PRD-NFR-006,Non-functional,"Task-processing observability includes structured logs, metrics and tracing, with alerting for error rate, latency and queue backlog.",MVP_IN,RESOLVED_FROM_SOURCE,4,TZ_AI_Tamagotchi_v1.0 (1).docx,§27 Observability,,,P0,6,04_ARCHITECTURE/ARCHITECTURE_FINAL.md; 17_IMPLEMENTATION/WORK_PACKAGE_CATALOG.csv#WP15,05_DATABASE/DATABASE_SPEC.md; 05_DATABASE/DATABASE_TRACEABILITY.csv,06_API/openapi_final_v1.yaml,17_IMPLEMENTATION/IMPLEMENTATION_BACKLOG.csv#IMP-267,REQT-PRD-NFR-006,Stage19/21 current trace rebuilt from Feature Matrix + backlog + QA; external gate=NONE
PRD-NFR-007,Non-functional,Directories and the event/history data model must support growth in employee count and indefinite history without changing product semantics.,MVP_IN,RESOLVED_FROM_SOURCE,4,TZ_AI_Tamagotchi_v1.0 (1).docx,§27 Scalability,,,P0,6,04_ARCHITECTURE/ARCHITECTURE_FINAL.md; 17_IMPLEMENTATION/WORK_PACKAGE_CATALOG.csv#WP15,05_DATABASE/DATABASE_SPEC.md; 05_DATABASE/DATABASE_TRACEABILITY.csv,06_API/openapi_final_v1.yaml,17_IMPLEMENTATION/IMPLEMENTATION_BACKLOG.csv#IMP-268,REQT-PRD-NFR-007,Stage19/21 current trace rebuilt from Feature Matrix + backlog + QA; external gate=NONE
PRD-NFR-008,Non-functional,Large-period exports must execute safely without blocking the interactive application interface.,MVP_IN,RESOLVED_FROM_SOURCE,4,TZ_AI_Tamagotchi_v1.0 (1).docx,§27 Data export,,,P0,6,04_ARCHITECTURE/ARCHITECTURE_FINAL.md; 17_IMPLEMENTATION/WORK_PACKAGE_CATALOG.csv#WP15,05_DATABASE/DATABASE_SPEC.md; 05_DATABASE/DATABASE_TRACEABILITY.csv,06_API/openapi_final_v1.yaml,17_IMPLEMENTATION/IMPLEMENTATION_BACKLOG.csv#IMP-269,REQT-PRD-NFR-008,Stage19/21 current trace rebuilt from Feature Matrix + backlog + QA; external gate=NONE
PRD-SCREEN-001,Product / Visual,"MVP screen surface covers onboarding, Monthly Goal setup, Home, Add AI case, Result, History Tasks/Events, employee/directorate ratings, anonymous analytics, public employee profile, Profile, Achievements/Collection, scoring explainer, Director Dashboard, Executive Dashboard and Admin Panel, interpreted through current v2 navigation/Home overrides.",MVP_IN,RESOLVED_FROM_SOURCE,1,TZ_AI_Tamagotchi_v1.0 (1).docx,Appendix A,,OD-001;OD-002;OD-003;OD-004;OD-005;OD-006,P0,5,04_ARCHITECTURE/ARCHITECTURE_FINAL.md; 17_IMPLEMENTATION/WORK_PACKAGE_CATALOG.csv#WP12,N/A — no direct persistence contract,06_API/openapi_final_v1.yaml,17_IMPLEMENTATION/IMPLEMENTATION_BACKLOG.csv#IMP-270,REQT-PRD-SCREEN-001,Stage19/21 current trace rebuilt from Feature Matrix + backlog + QA; external gate=NONE
PRD-QA-001,Non-functional,"MVP acceptance criteria must be testable end-to-end and preserve product rules across task processing, game updates, goals, authorization and history.",MVP_IN,RESOLVED_FROM_SOURCE,4,TZ_AI_Tamagotchi_v1.0 (1).docx,§28 Acceptance criteria,,,P0,6,04_ARCHITECTURE/ARCHITECTURE_FINAL.md; 17_IMPLEMENTATION/WORK_PACKAGE_CATALOG.csv#WP15,05_DATABASE/DATABASE_SPEC.md; 05_DATABASE/DATABASE_TRACEABILITY.csv,06_API/openapi_final_v1.yaml,17_IMPLEMENTATION/IMPLEMENTATION_BACKLOG.csv#IMP-271,REQT-PRD-QA-001,Stage19/21 current trace rebuilt from Feature Matrix + backlog + QA; external gate=NONE
PRD-FUTURE-001,Product / Visual,Automated retraining/evaluation loop for the scoring model is future scope and is not part of MVP.,FUTURE_UNSCHEDULED,DEFERRED_NONBLOCKING,4,TZ_AI_Tamagotchi_v1.0 (1).docx,§30 Future scope,,,FUTURE_UNSCHEDULED,1,04_ARCHITECTURE/ARCHITECTURE_FINAL.md; 17_IMPLEMENTATION/WORK_PACKAGE_CATALOG.csv#WP01,N/A — no direct persistence contract,06_API/openapi_final_v1.yaml,17_IMPLEMENTATION/IMPLEMENTATION_BACKLOG.csv#IMP-272,REQT-PRD-FUTURE-001,Stage19/21 current trace rebuilt from Feature Matrix + backlog + QA; external gate=FUTURE_NOT_MVP
PRD-FUTURE-002,Product / Visual,A flexible retention policy replacing current indefinite retention is future scope; MVP keeps indefinite history as the normative behavior.,FUTURE_UNSCHEDULED,DEFERRED_NONBLOCKING,4,TZ_AI_Tamagotchi_v1.0 (1).docx,§30 Future scope,,,FUTURE_UNSCHEDULED,1,04_ARCHITECTURE/ARCHITECTURE_FINAL.md; 17_IMPLEMENTATION/WORK_PACKAGE_CATALOG.csv#WP01,N/A — no direct persistence contract,06_API/openapi_final_v1.yaml,17_IMPLEMENTATION/IMPLEMENTATION_BACKLOG.csv#IMP-273,REQT-PRD-FUTURE-002,Stage19/21 current trace rebuilt from Feature Matrix + backlog + QA; external gate=FUTURE_NOT_MVP
PRD-FUTURE-003,Product / Visual,Public company analytics broken down by directorates is future scope and requires a separate product decision; current employee-facing company analytics stays aggregate/anonymous.,FUTURE_UNSCHEDULED,DEFERRED_NONBLOCKING,4,TZ_AI_Tamagotchi_v1.0 (1).docx,§30 Future scope,,,FUTURE_UNSCHEDULED,1,04_ARCHITECTURE/ARCHITECTURE_FINAL.md; 17_IMPLEMENTATION/WORK_PACKAGE_CATALOG.csv#WP01,N/A — no direct persistence contract,06_API/openapi_final_v1.yaml,17_IMPLEMENTATION/IMPLEMENTATION_BACKLOG.csv#IMP-274,REQT-PRD-FUTURE-003,Stage19/21 current trace rebuilt from Feature Matrix + backlog + QA; external gate=FUTURE_NOT_MVP
PRD-ACH-002,Product / Visual,"MVP content planning uses approximately 20–30 achievements as a working orientation; exact achievement inventory, rewards and release-specific art remain content/balance items rather than a frozen mandatory list.",MVP_IN_BASELINE_WITH_DEFERRED_FREEZE,RESOLVED_FROM_SOURCE,1,TZ_AI_Tamagotchi_v1.0 (1).docx,§29 Balance parameters,,OD-028,P0_BASELINE_DEFERRED_FREEZE,5,04_ARCHITECTURE/ARCHITECTURE_FINAL.md; 17_IMPLEMENTATION/WORK_PACKAGE_CATALOG.csv#WP12,N/A — no direct persistence contract,06_API/openapi_final_v1.yaml,17_IMPLEMENTATION/IMPLEMENTATION_BACKLOG.csv#IMP-275,REQT-PRD-ACH-002,Stage19/21 current trace rebuilt from Feature Matrix + backlog + QA; external gate=FINAL_FREEZE_TUNING_OR_CURRENT_BASELINE
PRD-EXT-003,Integrations,Weather API for Saint Petersburg ambient context is optional in MVP but anticipated by Product; its real provider contract is not frozen.,MVP_IN_OPTIONAL_EXTERNAL_INTEGRATION,RESOLVED_FROM_SOURCE,4,TZ_AI_Tamagotchi_v1.0 (1).docx,§25 Integrations,,,P0_OPTIONAL_EXTERNAL_INTEGRATION,1,04_ARCHITECTURE/ARCHITECTURE_FINAL.md; 17_IMPLEMENTATION/WORK_PACKAGE_CATALOG.csv#WP03,05_DATABASE/DATABASE_SPEC.md; 05_DATABASE/DATABASE_TRACEABILITY.csv,06_API/openapi_final_v1.yaml,17_IMPLEMENTATION/IMPLEMENTATION_BACKLOG.csv#IMP-276,REQT-PRD-EXT-003,Stage19/21 current trace rebuilt from Feature Matrix + backlog + QA; external gate=OPTIONAL_PROVIDER_OR_DISABLED_PATH
PRD-AI-009,AI-case workflow,"Plausibility checking uses versioned knowledge about AI-tool capabilities; permanent hardcoded capability claims are prohibited, and uncertainty leads to clarification rather than accusation or automatic rejection.",MVP_IN,RESOLVED_FROM_SOURCE,4,TZ_AI_Tamagotchi_v1.0 (1).docx,§25.1 Capability knowledge,,,P0,3,04_ARCHITECTURE/ARCHITECTURE_FINAL.md; 17_IMPLEMENTATION/WORK_PACKAGE_CATALOG.csv#WP06,05_DATABASE/DATABASE_SPEC.md; 05_DATABASE/DATABASE_TRACEABILITY.csv,06_API/openapi_final_v1.yaml,17_IMPLEMENTATION/IMPLEMENTATION_BACKLOG.csv#IMP-277,REQT-PRD-AI-009,Stage19/21 current trace rebuilt from Feature Matrix + backlog + QA; external gate=NONE
PRD-SEC-001,Security,All network connections use TLS.,MVP_IN,RESOLVED_FROM_SOURCE,4,TZ_AI_Tamagotchi_v1.0 (1).docx,§26.2 Security measures,,,P0,6,04_ARCHITECTURE/ARCHITECTURE_FINAL.md; 17_IMPLEMENTATION/WORK_PACKAGE_CATALOG.csv#WP15,05_DATABASE/DATABASE_SPEC.md; 05_DATABASE/DATABASE_TRACEABILITY.csv,06_API/openapi_final_v1.yaml,17_IMPLEMENTATION/IMPLEMENTATION_BACKLOG.csv#IMP-278,REQT-PRD-SEC-001,Stage19/21 current trace rebuilt from Feature Matrix + backlog + QA; external gate=NONE
PRD-SEC-002,Security,"Database and backups use encryption at rest, with particular control over raw task content and phone-number data.",MVP_IN,RESOLVED_FROM_SOURCE,4,TZ_AI_Tamagotchi_v1.0 (1).docx,§26.2 Security measures,,,P0,6,04_ARCHITECTURE/ARCHITECTURE_FINAL.md; 17_IMPLEMENTATION/WORK_PACKAGE_CATALOG.csv#WP15,05_DATABASE/DATABASE_SPEC.md; 05_DATABASE/DATABASE_TRACEABILITY.csv,06_API/openapi_final_v1.yaml,17_IMPLEMENTATION/IMPLEMENTATION_BACKLOG.csv#IMP-279,REQT-PRD-SEC-002,Stage19/21 current trace rebuilt from Feature Matrix + backlog + QA; external gate=NONE
PRD-SEC-003,Security,AI endpoints have rate limiting / abuse protection.,MVP_IN,RESOLVED_FROM_SOURCE,4,TZ_AI_Tamagotchi_v1.0 (1).docx,§26.2 Security measures,,,P0,6,04_ARCHITECTURE/ARCHITECTURE_FINAL.md; 17_IMPLEMENTATION/WORK_PACKAGE_CATALOG.csv#WP15,05_DATABASE/DATABASE_SPEC.md; 05_DATABASE/DATABASE_TRACEABILITY.csv,06_API/openapi_final_v1.yaml,17_IMPLEMENTATION/IMPLEMENTATION_BACKLOG.csv#IMP-280,REQT-PRD-SEC-003,Stage19/21 current trace rebuilt from Feature Matrix + backlog + QA; external gate=NONE
PRD-SEC-004,Security,Secrets and provider keys are stored through a secrets-management mechanism and must not be placed in frontend code or repository configuration.,MVP_IN,RESOLVED_FROM_SOURCE,4,TZ_AI_Tamagotchi_v1.0 (1).docx,§26.2 Security measures,,,P0,6,04_ARCHITECTURE/ARCHITECTURE_FINAL.md; 17_IMPLEMENTATION/WORK_PACKAGE_CATALOG.csv#WP15,05_DATABASE/DATABASE_SPEC.md; 05_DATABASE/DATABASE_TRACEABILITY.csv,06_API/openapi_final_v1.yaml,17_IMPLEMENTATION/IMPLEMENTATION_BACKLOG.csv#IMP-281,REQT-PRD-SEC-004,Stage19/21 current trace rebuilt from Feature Matrix + backlog + QA; external gate=NONE
PRD-SEC-005,Security,MVP delivery includes regular backup capability and a tested restore procedure.,MVP_IN,RESOLVED_FROM_SOURCE,4,TZ_AI_Tamagotchi_v1.0 (1).docx,§26.2 Security measures,,,P0,6,04_ARCHITECTURE/ARCHITECTURE_FINAL.md; 17_IMPLEMENTATION/WORK_PACKAGE_CATALOG.csv#WP15,05_DATABASE/DATABASE_SPEC.md; 05_DATABASE/DATABASE_TRACEABILITY.csv,06_API/openapi_final_v1.yaml,17_IMPLEMENTATION/IMPLEMENTATION_BACKLOG.csv#IMP-282,REQT-PRD-SEC-005,Stage19/21 current trace rebuilt from Feature Matrix + backlog + QA; external gate=NONE
PRD-SEC-006,Security,"Before industrial production launch, personal/work-data processing—especially through external LLM/STT APIs—requires a separate organizational legal/InfoSec review; this governance dependency does not authorize inventing production approval.",MVP_IN_WITH_EXTERNAL_GOVERNANCE_GATE,EXTERNAL_DEPENDENCY,4,TZ_AI_Tamagotchi_v1.0 (1).docx,§26.2 Security measures,,,P0_EXTERNAL_GOVERNANCE,6,04_ARCHITECTURE/ARCHITECTURE_FINAL.md; 17_IMPLEMENTATION/WORK_PACKAGE_CATALOG.csv#WP15,05_DATABASE/DATABASE_SPEC.md; 05_DATABASE/DATABASE_TRACEABILITY.csv,06_API/openapi_final_v1.yaml,17_IMPLEMENTATION/IMPLEMENTATION_BACKLOG.csv#IMP-283,REQT-PRD-SEC-006,Stage19/21 current trace rebuilt from Feature Matrix + backlog + QA; external gate=ORGANIZATIONAL_INFOSEC_LEGAL_APPROVAL
PRD-NFR-009,Non-functional,"Home, leaderboard and dashboard basic data have a Product target of p95 under 2 seconds at normal load; AI task processing may be asynchronous within the current session with a clear progress state.",MVP_IN,RESOLVED_FROM_SOURCE,4,TZ_AI_Tamagotchi_v1.0 (1).docx,§27 Performance,,,P0,6,04_ARCHITECTURE/ARCHITECTURE_FINAL.md; 17_IMPLEMENTATION/WORK_PACKAGE_CATALOG.csv#WP15,05_DATABASE/DATABASE_SPEC.md; 05_DATABASE/DATABASE_TRACEABILITY.csv,06_API/openapi_final_v1.yaml,17_IMPLEMENTATION/IMPLEMENTATION_BACKLOG.csv#IMP-284,REQT-PRD-NFR-009,Stage19/21 current trace rebuilt from Feature Matrix + backlog + QA; external gate=NONE
PRD-NFR-010,Non-functional,The architecture must prevent loss of an accepted raw task input when downstream AI processing fails; the exact MVP availability SLA remains to be defined separately.,MVP_IN_BASELINE_WITH_DEFERRED_SLA,RESOLVED_FROM_SOURCE,4,TZ_AI_Tamagotchi_v1.0 (1).docx,§27 Availability,,,P0_BASELINE_DEFERRED_SLA,6,04_ARCHITECTURE/ARCHITECTURE_FINAL.md; 17_IMPLEMENTATION/WORK_PACKAGE_CATALOG.csv#WP15,05_DATABASE/DATABASE_SPEC.md; 05_DATABASE/DATABASE_TRACEABILITY.csv,06_API/openapi_final_v1.yaml,17_IMPLEMENTATION/IMPLEMENTATION_BACKLOG.csv#IMP-285,REQT-PRD-NFR-010,Stage19/21 current trace rebuilt from Feature Matrix + backlog + QA; external gate=DOCUMENTED_NORMAL_LOAD_PROFILE
PRD-NFR-011,Non-functional,"Task submission, scoring-ledger application, goal matching and daily close are idempotent.",MVP_IN,RESOLVED_FROM_SOURCE,4,TZ_AI_Tamagotchi_v1.0 (1).docx,§27 Idempotency,,,P0,6,04_ARCHITECTURE/ARCHITECTURE_FINAL.md; 17_IMPLEMENTATION/WORK_PACKAGE_CATALOG.csv#WP15,05_DATABASE/DATABASE_SPEC.md; 05_DATABASE/DATABASE_TRACEABILITY.csv,06_API/openapi_final_v1.yaml,17_IMPLEMENTATION/IMPLEMENTATION_BACKLOG.csv#IMP-286,REQT-PRD-NFR-011,Stage19/21 current trace rebuilt from Feature Matrix + backlog + QA; external gate=NONE
PRD-PETTIMELINE-001,Employee UX,"Profile/history includes a compact Pet Timeline covering evolution stages, branch choice, major achievements, rare cosmetics and annual awards; routine daily HP changes are excluded.",MVP_IN,RESOLVED_FROM_SOURCE,4,TZ_AI_Tamagotchi_v1.0 (1).docx,§15.4 HIST-003,,,P0,5,04_ARCHITECTURE/ARCHITECTURE_FINAL.md; 17_IMPLEMENTATION/WORK_PACKAGE_CATALOG.csv#WP12,05_DATABASE/DATABASE_SPEC.md; 05_DATABASE/DATABASE_TRACEABILITY.csv,06_API/openapi_final_v1.yaml,17_IMPLEMENTATION/IMPLEMENTATION_BACKLOG.csv#IMP-287,REQT-PRD-PETTIMELINE-001,Stage19/21 current trace rebuilt from Feature Matrix + backlog + QA; external gate=NONE
PRD-ANL-002,Employee UX,"Employee-facing anonymous Company Analytics supports current month, previous month, current year and custom-period filters, with comparison to a comparable previous period for key KPIs.",MVP_IN,RESOLVED_FROM_SOURCE,4,TZ_AI_Tamagotchi_v1.0 (1).docx,§16 AN-002,,,P0,5,04_ARCHITECTURE/ARCHITECTURE_FINAL.md; 17_IMPLEMENTATION/WORK_PACKAGE_CATALOG.csv#WP12,05_DATABASE/DATABASE_SPEC.md; 05_DATABASE/DATABASE_TRACEABILITY.csv,06_API/openapi_final_v1.yaml,17_IMPLEMENTATION/IMPLEMENTATION_BACKLOG.csv#IMP-288,REQT-PRD-ANL-002,Stage19/21 current trace rebuilt from Feature Matrix + backlog + QA; external gate=NONE
PRD-ANL-003,Employee UX,Employee-facing anonymous Company Analytics does not include a separate AI Maturity Trends block and does not compare directorates.,MVP_IN,RESOLVED_FROM_SOURCE,4,TZ_AI_Tamagotchi_v1.0 (1).docx,§16 AN-003,,,P0,5,04_ARCHITECTURE/ARCHITECTURE_FINAL.md; 17_IMPLEMENTATION/WORK_PACKAGE_CATALOG.csv#WP12,05_DATABASE/DATABASE_SPEC.md; 05_DATABASE/DATABASE_TRACEABILITY.csv,06_API/openapi_final_v1.yaml,17_IMPLEMENTATION/IMPLEMENTATION_BACKLOG.csv#IMP-289,REQT-PRD-ANL-003,Stage19/21 current trace rebuilt from Feature Matrix + backlog + QA; external gate=NONE
PRD-FUTURE-004,Product / Visual,SSO / Entra ID / 2FA replacing the current static personnel verification is future scope and requires a later production-auth decision.,FUTURE_UNSCHEDULED,DEFERRED_NONBLOCKING,4,TZ_AI_Tamagotchi_v1.0 (1).docx,§30 Future scope,,,FUTURE_UNSCHEDULED,1,04_ARCHITECTURE/ARCHITECTURE_FINAL.md; 17_IMPLEMENTATION/WORK_PACKAGE_CATALOG.csv#WP01,N/A — no direct persistence contract,06_API/openapi_final_v1.yaml,17_IMPLEMENTATION/IMPLEMENTATION_BACKLOG.csv#IMP-290,REQT-PRD-FUTURE-004,Stage19/21 current trace rebuilt from Feature Matrix + backlog + QA; external gate=FUTURE_NOT_MVP
PRD-FUTURE-005,Product / Visual,HR-system integration for automatic vacation status is future scope.,FUTURE_UNSCHEDULED,DEFERRED_NONBLOCKING,4,TZ_AI_Tamagotchi_v1.0 (1).docx,§30 Future scope,,,FUTURE_UNSCHEDULED,1,04_ARCHITECTURE/ARCHITECTURE_FINAL.md; 17_IMPLEMENTATION/WORK_PACKAGE_CATALOG.csv#WP01,N/A — no direct persistence contract,06_API/openapi_final_v1.yaml,17_IMPLEMENTATION/IMPLEMENTATION_BACKLOG.csv#IMP-291,REQT-PRD-FUTURE-005,Stage19/21 current trace rebuilt from Feature Matrix + backlog + QA; external gate=FUTURE_NOT_MVP
PRD-FUTURE-006,Product / Visual,Automatic analysis of attached/external resources under a separate security model is future scope.,FUTURE_UNSCHEDULED,DEFERRED_NONBLOCKING,4,TZ_AI_Tamagotchi_v1.0 (1).docx,§30 Future scope,,,FUTURE_UNSCHEDULED,1,04_ARCHITECTURE/ARCHITECTURE_FINAL.md; 17_IMPLEMENTATION/WORK_PACKAGE_CATALOG.csv#WP01,N/A — no direct persistence contract,06_API/openapi_final_v1.yaml,17_IMPLEMENTATION/IMPLEMENTATION_BACKLOG.csv#IMP-292,REQT-PRD-FUTURE-006,Stage19/21 current trace rebuilt from Feature Matrix + backlog + QA; external gate=FUTURE_NOT_MVP
PRD-FUTURE-007,Product / Visual,Advanced AI maturity analytics is future scope.,FUTURE_UNSCHEDULED,DEFERRED_NONBLOCKING,4,TZ_AI_Tamagotchi_v1.0 (1).docx,§30 Future scope,,,FUTURE_UNSCHEDULED,1,04_ARCHITECTURE/ARCHITECTURE_FINAL.md; 17_IMPLEMENTATION/WORK_PACKAGE_CATALOG.csv#WP01,N/A — no direct persistence contract,06_API/openapi_final_v1.yaml,17_IMPLEMENTATION/IMPLEMENTATION_BACKLOG.csv#IMP-293,REQT-PRD-FUTURE-007,Stage19/21 current trace rebuilt from Feature Matrix + backlog + QA; external gate=FUTURE_NOT_MVP
PRD-FUTURE-008,Product / Visual,Additional pets/mascots beyond the canonical Lyuboznayka are future scope.,FUTURE_UNSCHEDULED,DEFERRED_NONBLOCKING,4,TZ_AI_Tamagotchi_v1.0 (1).docx,§30 Future scope,,,FUTURE_UNSCHEDULED,1,04_ARCHITECTURE/ARCHITECTURE_FINAL.md; 17_IMPLEMENTATION/WORK_PACKAGE_CATALOG.csv#WP01,N/A — no direct persistence contract,06_API/openapi_final_v1.yaml,17_IMPLEMENTATION/IMPLEMENTATION_BACKLOG.csv#IMP-294,REQT-PRD-FUTURE-008,Stage19/21 current trace rebuilt from Feature Matrix + backlog + QA; external gate=FUTURE_NOT_MVP
