item_id,work_package_id,wave,requirement_id,feature_group_id,title,implementation_action,owning_module,primary_layer,priority,scope_bucket,dependencies,acceptance_criteria,test_ids,qa_suite_id,source,feature_flag,external_gate,done_condition,implementation_status
IMP-001,WP01,1,PRD-PRINC-001,FG-CORE,Corporate system records and develops real employee AI use; Tamagotchi is an engagement layer rather than the core busin,Implement the smallest owning-module slice that satisfies: Corporate system records and develops real employee AI use; Tamagotchi is an engagement layer rather than the core business object.,shared/product-foundation,cross-cutting/product-contract,P0,MVP_IN,WP00,Corporate system records and develops real employee AI use; Tamagotchi is an engagement layer rather than the core business object.,REQT-PRD-PRINC-001,QA-S01,TZ_AI_Tamagotchi_v1.0 (1).docx :: §1,NO_RUNTIME_FLAG,NONE,Owning code/config is implemented; `REQT-PRD-PRINC-001` passes; acceptance statement is demonstrably true; lint/typecheck/affected contract tests pass. No requirement-scope expansion or unsupported assumption is introduced.,NOT_STARTED
IMP-002,WP01,1,PRD-PRINC-002,FG-CORE,Employees can describe completed AI use cases in free text or voice; the system structures the data.,Implement the smallest owning-module slice that satisfies: Employees can describe completed AI use cases in free text or voice; the system structures the data.,shared/product-foundation,cross-cutting/product-contract,P0,MVP_IN,WP00,Employees can describe completed AI use cases in free text or voice; the system structures the data.,REQT-PRD-PRINC-002,QA-S01,TZ_AI_Tamagotchi_v1.0 (1).docx :: §1.1,NO_RUNTIME_FLAG,NONE,Owning code/config is implemented; `REQT-PRD-PRINC-002` passes; acceptance statement is demonstrably true; lint/typecheck/affected contract tests pass. No requirement-scope expansion or unsupported assumption is introduced.,NOT_STARTED
IMP-003,WP01,1,PRD-PRINC-003,FG-CORE,"Engagement mechanics include HP, streak, evolution, Monthly Goals and ratings to encourage regular real AI practice.","Implement the smallest owning-module slice that satisfies: Engagement mechanics include HP, streak, evolution, Monthly Goals and ratings to encourage regular real AI practice.",shared/product-foundation,cross-cutting/product-contract,P0,MVP_IN,WP00,"Engagement mechanics include HP, streak, evolution, Monthly Goals and ratings to encourage regular real AI practice.",REQT-PRD-PRINC-003,QA-S01,TZ_AI_Tamagotchi_v1.0 (1).docx :: §1.1,NO_RUNTIME_FLAG,NONE,Owning code/config is implemented; `REQT-PRD-PRINC-003` passes; acceptance statement is demonstrably true; lint/typecheck/affected contract tests pass. No requirement-scope expansion or unsupported assumption is introduced.,NOT_STARTED
IMP-004,WP01,1,PRD-PRINC-004,FG-CORE,The scoring concept must not reward sheer volume of trivial prompts; Complexity is the base scoring dimension.,Implement the smallest owning-module slice that satisfies: The scoring concept must not reward sheer volume of trivial prompts; Complexity is the base scoring dimension.,shared/product-foundation,cross-cutting/product-contract,P0,MVP_IN,WP00,The scoring concept must not reward sheer volume of trivial prompts; Complexity is the base scoring dimension.,REQT-PRD-PRINC-004,QA-S01,TZ_AI_Tamagotchi_v1.0 (1).docx :: §1.1; §7,NO_RUNTIME_FLAG,NONE,Owning code/config is implemented; `REQT-PRD-PRINC-004` passes; acceptance statement is demonstrably true; lint/typecheck/affected contract tests pass. No requirement-scope expansion or unsupported assumption is introduced.,NOT_STARTED
IMP-005,WP01,1,PRD-PRINC-005,FG-CORE,"The system must maintain an analytical trail across tasks, tools, taxonomy, scoring, goals and activity.","Implement the smallest owning-module slice that satisfies: The system must maintain an analytical trail across tasks, tools, taxonomy, scoring, goals and activity.",shared/product-foundation,cross-cutting/product-contract,P0,MVP_IN,WP00,"The system must maintain an analytical trail across tasks, tools, taxonomy, scoring, goals and activity.",REQT-PRD-PRINC-005,QA-S01,TZ_AI_Tamagotchi_v1.0 (1).docx :: §1.1,NO_RUNTIME_FLAG,NONE,Owning code/config is implemented; `REQT-PRD-PRINC-005` passes; acceptance statement is demonstrably true; lint/typecheck/affected contract tests pass. No requirement-scope expansion or unsupported assumption is introduced.,NOT_STARTED
IMP-006,WP01,1,PRD-PRINC-006,FG-CORE,"Employee, Director, Executive and Admin have distinct information scopes and capabilities.","Implement the smallest owning-module slice that satisfies: Employee, Director, Executive and Admin have distinct information scopes and capabilities.",shared/product-foundation,cross-cutting/product-contract,P0,MVP_IN,WP00,"Employee, Director, Executive and Admin have distinct information scopes and capabilities.",REQT-PRD-PRINC-006,QA-S01,TZ_AI_Tamagotchi_v1.0 (1).docx :: §1.1; §4,NO_RUNTIME_FLAG,NONE,Owning code/config is implemented; `REQT-PRD-PRINC-006` passes; acceptance statement is demonstrably true; lint/typecheck/affected contract tests pass. No requirement-scope expansion or unsupported assumption is introduced.,NOT_STARTED
IMP-007,WP01,1,PRD-PRINC-007,FG-CORE,AI must not invent facts absent from user input or clarification answers.,Implement the smallest owning-module slice that satisfies: AI must not invent facts absent from user input or clarification answers.,shared/product-foundation,cross-cutting/product-contract,P0,MVP_IN,WP00,AI must not invent facts absent from user input or clarification answers.,REQT-PRD-PRINC-007,QA-S01,TZ_AI_Tamagotchi_v1.0 (1).docx :: §2.1,NO_RUNTIME_FLAG,NONE,Owning code/config is implemented; `REQT-PRD-PRINC-007` passes; acceptance statement is demonstrably true; lint/typecheck/affected contract tests pass. No requirement-scope expansion or unsupported assumption is introduced.,NOT_STARTED
IMP-008,WP01,1,PRD-PRINC-008,FG-CORE,"If uncertainty remains after at most three clarifications, the system trusts the employee statement and continues evalua","Implement the smallest owning-module slice that satisfies: If uncertainty remains after at most three clarifications, the system trusts the employee statement and continues evaluation.",shared/product-foundation,cross-cutting/product-contract,P0,MVP_IN,WP00,"If uncertainty remains after at most three clarifications, the system trusts the employee statement and continues evaluation.",REQT-PRD-PRINC-008,QA-S01,TZ_AI_Tamagotchi_v1.0 (1).docx :: §2.1; §8,NO_RUNTIME_FLAG,NONE,Owning code/config is implemented; `REQT-PRD-PRINC-008` passes; acceptance statement is demonstrably true; lint/typecheck/affected contract tests pass. No requirement-scope expansion or unsupported assumption is introduced.,NOT_STARTED
IMP-009,WP01,1,PRD-PRINC-009,FG-CORE,"Complexity classification is uniform across employees and independent of role, personal experience, recipient status or ","Implement the smallest owning-module slice that satisfies: Complexity classification is uniform across employees and independent of role, personal experience, recipient status or project prestige.",shared/product-foundation,cross-cutting/product-contract,P0,MVP_IN,WP00,"Complexity classification is uniform across employees and independent of role, personal experience, recipient status or project prestige.",REQT-PRD-PRINC-009,QA-S01,TZ_AI_Tamagotchi_v1.0 (1).docx :: §2.1; §7,NO_RUNTIME_FLAG,NONE,Owning code/config is implemented; `REQT-PRD-PRINC-009` passes; acceptance statement is demonstrably true; lint/typecheck/affected contract tests pass. No requirement-scope expansion or unsupported assumption is introduced.,NOT_STARTED
IMP-010,WP01,1,PRD-PRINC-010,FG-CORE,No role may manually override computed Complexity/Score; change requires task edit and system reprocessing.,Implement the smallest owning-module slice that satisfies: No role may manually override computed Complexity/Score; change requires task edit and system reprocessing.,shared/product-foundation,cross-cutting/product-contract,P0,MVP_IN,WP00,No role may manually override computed Complexity/Score; change requires task edit and system reprocessing.,REQT-PRD-PRINC-010,QA-S01,TZ_AI_Tamagotchi_v1.0 (1).docx :: §2.1; §4; §17,NO_RUNTIME_FLAG,NONE,Owning code/config is implemented; `REQT-PRD-PRINC-010` passes; acceptance statement is demonstrably true; lint/typecheck/affected contract tests pass. No requirement-scope expansion or unsupported assumption is introduced.,NOT_STARTED
IMP-011,WP01,1,PRD-PRINC-011,FG-CORE,"Task versions, deletions and system events are retained rather than overwritten.","Implement the smallest owning-module slice that satisfies: Task versions, deletions and system events are retained rather than overwritten.",shared/product-foundation,cross-cutting/product-contract,P0,MVP_IN,WP00,"Task versions, deletions and system events are retained rather than overwritten.",REQT-PRD-PRINC-011,QA-S01,TZ_AI_Tamagotchi_v1.0 (1).docx :: §2.1; §24,NO_RUNTIME_FLAG,NONE,Owning code/config is implemented; `REQT-PRD-PRINC-011` passes; acceptance statement is demonstrably true; lint/typecheck/affected contract tests pass. No requirement-scope expansion or unsupported assumption is introduced.,NOT_STARTED
IMP-012,WP01,1,PRD-SCOPE-001,FG-CORE,Mobile-first PWA is the primary product form.,Implement the smallest owning-module slice that satisfies: Mobile-first PWA is the primary product form.,shared/product-foundation,cross-cutting/product-contract,P0,MVP_IN,WP00,Mobile-first PWA is the primary product form.,REQT-PRD-SCOPE-001,QA-S01,TZ_AI_Tamagotchi_v1.0 (1).docx :: §3.1,NO_RUNTIME_FLAG,NONE,Owning code/config is implemented; `REQT-PRD-SCOPE-001` passes; acceptance statement is demonstrably true; lint/typecheck/affected contract tests pass. No requirement-scope expansion or unsupported assumption is introduced.,NOT_STARTED
IMP-013,WP01,1,PRD-SCOPE-002,FG-CORE,Desktop web is an additional interface.,Implement the smallest owning-module slice that satisfies: Desktop web is an additional interface.,shared/product-foundation,cross-cutting/product-contract,P0,MVP_IN,WP00,Desktop web is an additional interface.,REQT-PRD-SCOPE-002,QA-S01,TZ_AI_Tamagotchi_v1.0 (1).docx :: §3.1,NO_RUNTIME_FLAG,NONE,Owning code/config is implemented; `REQT-PRD-SCOPE-002` passes; acceptance statement is demonstrably true; lint/typecheck/affected contract tests pass. No requirement-scope expansion or unsupported assumption is introduced.,NOT_STARTED
IMP-014,WP01,1,PRD-SCOPE-003,FG-CORE,MVP data mutation is online-only.,Implement the smallest owning-module slice that satisfies: MVP data mutation is online-only.,shared/product-foundation,cross-cutting/product-contract,P0,MVP_IN,WP00,MVP data mutation is online-only.,REQT-PRD-SCOPE-003,QA-S01,TZ_AI_Tamagotchi_v1.0 (1).docx :: §3.1,NO_RUNTIME_FLAG,NONE,Owning code/config is implemented; `REQT-PRD-SCOPE-003` passes; acceptance statement is demonstrably true; lint/typecheck/affected contract tests pass. No requirement-scope expansion or unsupported assumption is introduced.,NOT_STARTED
IMP-015,WP01,1,PRD-SCOPE-004,FG-CORE,MVP supports text AI-use-case input.,Implement the smallest owning-module slice that satisfies: MVP supports text AI-use-case input.,shared/product-foundation,cross-cutting/product-contract,P0,MVP_IN,WP00,MVP supports text AI-use-case input.,REQT-PRD-SCOPE-004,QA-S01,TZ_AI_Tamagotchi_v1.0 (1).docx :: §3.1,NO_RUNTIME_FLAG,NONE,Owning code/config is implemented; `REQT-PRD-SCOPE-004` passes; acceptance statement is demonstrably true; lint/typecheck/affected contract tests pass. No requirement-scope expansion or unsupported assumption is introduced.,NOT_STARTED
IMP-016,WP01,1,PRD-SCOPE-005,FG-CORE,MVP supports voice input via speech-to-text.,Implement the smallest owning-module slice that satisfies: MVP supports voice input via speech-to-text.,shared/product-foundation,cross-cutting/product-contract,P0,MVP_IN,WP00,MVP supports voice input via speech-to-text.,REQT-PRD-SCOPE-005,QA-S01,TZ_AI_Tamagotchi_v1.0 (1).docx :: §3.1,ff.voiceStt,NONE,Owning code/config is implemented; `REQT-PRD-SCOPE-005` passes; acceptance statement is demonstrably true; lint/typecheck/affected contract tests pass. No requirement-scope expansion or unsupported assumption is introduced.,NOT_STARTED
IMP-017,WP01,1,PRD-SCOPE-006,FG-CORE,"MVP includes AI parsing, normalization, classification, plausibility and scoring.","Implement the smallest owning-module slice that satisfies: MVP includes AI parsing, normalization, classification, plausibility and scoring.",shared/product-foundation,cross-cutting/product-contract,P0,MVP_IN,WP00,"MVP includes AI parsing, normalization, classification, plausibility and scoring.",REQT-PRD-SCOPE-006,QA-S01,TZ_AI_Tamagotchi_v1.0 (1).docx :: §3.1,NO_RUNTIME_FLAG,NONE,Owning code/config is implemented; `REQT-PRD-SCOPE-006` passes; acceptance statement is demonstrably true; lint/typecheck/affected contract tests pass. No requirement-scope expansion or unsupported assumption is introduced.,NOT_STARTED
IMP-018,WP01,1,PRD-SCOPE-007,FG-CORE,"MVP includes pet HP, coma/recovery, vacation, streak and Evolution XP.","Implement the smallest owning-module slice that satisfies: MVP includes pet HP, coma/recovery, vacation, streak and Evolution XP.",shared/product-foundation,cross-cutting/product-contract,P0,MVP_IN,WP00,"MVP includes pet HP, coma/recovery, vacation, streak and Evolution XP.",REQT-PRD-SCOPE-007,QA-S01,TZ_AI_Tamagotchi_v1.0 (1).docx :: §3.1,NO_RUNTIME_FLAG,NONE,Owning code/config is implemented; `REQT-PRD-SCOPE-007` passes; acceptance statement is demonstrably true; lint/typecheck/affected contract tests pass. No requirement-scope expansion or unsupported assumption is introduced.,NOT_STARTED
IMP-019,WP01,1,PRD-SCOPE-008,FG-CORE,MVP includes evolution branches at product-logic level.,Implement the smallest owning-module slice that satisfies: MVP includes evolution branches at product-logic level.,shared/product-foundation,cross-cutting/product-contract,P0,MVP_IN,WP00,MVP includes evolution branches at product-logic level.,REQT-PRD-SCOPE-008,QA-S01,TZ_AI_Tamagotchi_v1.0 (1).docx :: §3.1; §11,NO_RUNTIME_FLAG,NONE,Owning code/config is implemented; `REQT-PRD-SCOPE-008` passes; acceptance statement is demonstrably true; lint/typecheck/affected contract tests pass. No requirement-scope expansion or unsupported assumption is introduced.,NOT_STARTED
IMP-020,WP01,1,PRD-SCOPE-009,FG-CORE,MVP includes Monthly AI Goals.,Implement the smallest owning-module slice that satisfies: MVP includes Monthly AI Goals.,shared/product-foundation,cross-cutting/product-contract,P0,MVP_IN,WP00,MVP includes Monthly AI Goals.,REQT-PRD-SCOPE-009,QA-S01,TZ_AI_Tamagotchi_v1.0 (1).docx :: §3.1,NO_RUNTIME_FLAG,NONE,Owning code/config is implemented; `REQT-PRD-SCOPE-009` passes; acceptance statement is demonstrably true; lint/typecheck/affected contract tests pass. No requirement-scope expansion or unsupported assumption is introduced.,NOT_STARTED
IMP-021,WP01,1,PRD-SCOPE-010,FG-CORE,MVP includes employee and directorate ratings.,Implement the smallest owning-module slice that satisfies: MVP includes employee and directorate ratings.,shared/product-foundation,cross-cutting/product-contract,P0,MVP_IN,WP00,MVP includes employee and directorate ratings.,REQT-PRD-SCOPE-010,QA-S01,TZ_AI_Tamagotchi_v1.0 (1).docx :: §3.1,NO_RUNTIME_FLAG,NONE,Owning code/config is implemented; `REQT-PRD-SCOPE-010` passes; acceptance statement is demonstrably true; lint/typecheck/affected contract tests pass. No requirement-scope expansion or unsupported assumption is introduced.,NOT_STARTED
IMP-022,WP01,1,PRD-SCOPE-011,FG-CORE,"MVP includes Personal, Company, Director, Executive and Admin dashboards.","Implement the smallest owning-module slice that satisfies: MVP includes Personal, Company, Director, Executive and Admin dashboards.",shared/product-foundation,cross-cutting/product-contract,P0,MVP_IN,WP00,"MVP includes Personal, Company, Director, Executive and Admin dashboards.",REQT-PRD-SCOPE-011,QA-S01,TZ_AI_Tamagotchi_v1.0 (1).docx :: §3.1,NO_RUNTIME_FLAG,NONE,Owning code/config is implemented; `REQT-PRD-SCOPE-011` passes; acceptance statement is demonstrably true; lint/typecheck/affected contract tests pass. No requirement-scope expansion or unsupported assumption is introduced.,NOT_STARTED
IMP-023,WP01,1,PRD-SCOPE-012,FG-CORE,MVP includes task taxonomy and AI Tools Directory.,Implement the smallest owning-module slice that satisfies: MVP includes task taxonomy and AI Tools Directory.,shared/product-foundation,cross-cutting/product-contract,P0,MVP_IN,WP00,MVP includes task taxonomy and AI Tools Directory.,REQT-PRD-SCOPE-012,QA-S01,TZ_AI_Tamagotchi_v1.0 (1).docx :: §3.1,NO_RUNTIME_FLAG,NONE,Owning code/config is implemented; `REQT-PRD-SCOPE-012` passes; acceptance statement is demonstrably true; lint/typecheck/affected contract tests pass. No requirement-scope expansion or unsupported assumption is introduced.,NOT_STARTED
IMP-024,WP01,1,PRD-SCOPE-013,FG-CORE,MVP includes in-app notifications.,Implement the smallest owning-module slice that satisfies: MVP includes in-app notifications.,shared/product-foundation,cross-cutting/product-contract,P0,MVP_IN,WP00,MVP includes in-app notifications.,REQT-PRD-SCOPE-013,QA-S01,TZ_AI_Tamagotchi_v1.0 (1).docx :: §3.1,ff.inAppNotifications,NONE,Owning code/config is implemented; `REQT-PRD-SCOPE-013` passes; acceptance statement is demonstrably true; lint/typecheck/affected contract tests pass. No requirement-scope expansion or unsupported assumption is introduced.,NOT_STARTED
IMP-025,WP01,1,PRD-SCOPE-014,FG-CORE,MVP includes XLSX/CSV exports by authorized role scope.,Implement the smallest owning-module slice that satisfies: MVP includes XLSX/CSV exports by authorized role scope.,shared/product-foundation,cross-cutting/product-contract,P0,MVP_IN,WP00,MVP includes XLSX/CSV exports by authorized role scope.,REQT-PRD-SCOPE-014,QA-S01,TZ_AI_Tamagotchi_v1.0 (1).docx :: §3.1; §22,NO_RUNTIME_FLAG,NONE,Owning code/config is implemented; `REQT-PRD-SCOPE-014` passes; acceptance statement is demonstrably true; lint/typecheck/affected contract tests pass. No requirement-scope expansion or unsupported assumption is introduced.,NOT_STARTED
IMP-026,WP01,1,PRD-SCOPE-015,FG-CORE,MVP includes detailed audit trail and indefinite historical retention.,Implement the smallest owning-module slice that satisfies: MVP includes detailed audit trail and indefinite historical retention.,shared/product-foundation,cross-cutting/product-contract,P0,MVP_IN,WP00,MVP includes detailed audit trail and indefinite historical retention.,REQT-PRD-SCOPE-015,QA-S01,TZ_AI_Tamagotchi_v1.0 (1).docx :: §3.1; §24,NO_RUNTIME_FLAG,NONE,Owning code/config is implemented; `REQT-PRD-SCOPE-015` passes; acceptance statement is demonstrably true; lint/typecheck/affected contract tests pass. No requirement-scope expansion or unsupported assumption is introduced.,NOT_STARTED
IMP-027,WP01,1,PRD-OUT-001,FG-OOS,Native iOS/Android applications are outside MVP.,Implement an explicit scope/config/API/UI guard so the MVP cannot expose this excluded capability: Native iOS/Android applications are outside MVP.,config/scope-guards,cross-cutting/product-contract,OUT_OF_SCOPE_MVP,OUT_MVP,WP00,Native iOS/Android applications are outside MVP.,REQT-PRD-OUT-001,QA-S01,TZ_AI_Tamagotchi_v1.0 (1).docx :: §3.2,ff.nativeApps,MVP_SCOPE_GUARD,Scope guard is implemented; `REQT-PRD-OUT-001` proves the capability is absent/disabled in MVP; no hidden route/API/flag enables it.,NOT_STARTED
IMP-028,WP01,1,PRD-OUT-002,FG-OOS,Offline mutation/work mode is outside MVP; a static/cached non-mutating shell may exist only as a presentation/runtime f,Implement an explicit scope/config/API/UI guard so the MVP cannot expose this excluded capability: Offline mutation/work mode is outside MVP; a static/cached non-mutating shell may exist only as a presentation/runtime fallback.,config/scope-guards,cross-cutting/product-contract,OUT_OF_SCOPE_MVP,OUT_MVP,WP00,Offline mutation/work mode is outside MVP; a static/cached non-mutating shell may exist only as a presentation/runtime fallback.,REQT-PRD-OUT-002,QA-S01,TZ_AI_Tamagotchi_v1.0 (1).docx :: §3.2,ff.offlineMutation,MVP_SCOPE_GUARD,Scope guard is implemented; `REQT-PRD-OUT-002` proves the capability is absent/disabled in MVP; no hidden route/API/flag enables it.,NOT_STARTED
IMP-029,WP01,1,PRD-OUT-003,FG-OOS,Push/email/Telegram/Teams notifications are outside MVP.,Implement an explicit scope/config/API/UI guard so the MVP cannot expose this excluded capability: Push/email/Telegram/Teams notifications are outside MVP.,config/scope-guards,cross-cutting/product-contract,OUT_OF_SCOPE_MVP,OUT_MVP,WP00,Push/email/Telegram/Teams notifications are outside MVP.,REQT-PRD-OUT-003,QA-S01,TZ_AI_Tamagotchi_v1.0 (1).docx :: §3.2,ff.externalNotificationChannels,MVP_SCOPE_GUARD,Scope guard is implemented; `REQT-PRD-OUT-003` proves the capability is absent/disabled in MVP; no hidden route/API/flag enables it.,NOT_STARTED
IMP-030,WP01,1,PRD-OUT-004,FG-OOS,Task file attachments are outside MVP.,Implement an explicit scope/config/API/UI guard so the MVP cannot expose this excluded capability: Task file attachments are outside MVP.,config/scope-guards,cross-cutting/product-contract,OUT_OF_SCOPE_MVP,OUT_MVP,WP00,Task file attachments are outside MVP.,REQT-PRD-OUT-004,QA-S01,TZ_AI_Tamagotchi_v1.0 (1).docx :: §3.2,ff.taskAttachments,MVP_SCOPE_GUARD,Scope guard is implemented; `REQT-PRD-OUT-004` proves the capability is absent/disabled in MVP; no hidden route/API/flag enables it.,NOT_STARTED
IMP-031,WP01,1,PRD-OUT-005,FG-OOS,The application does not open or analyze task URLs automatically in MVP.,Implement an explicit scope/config/API/UI guard so the MVP cannot expose this excluded capability: The application does not open or analyze task URLs automatically in MVP.,config/scope-guards,cross-cutting/product-contract,OUT_OF_SCOPE_MVP,OUT_MVP,WP00,The application does not open or analyze task URLs automatically in MVP.,REQT-PRD-OUT-005,QA-S01,TZ_AI_Tamagotchi_v1.0 (1).docx :: §3.2; §6.1,ff.taskUrlFetch,MVP_SCOPE_GUARD,Scope guard is implemented; `REQT-PRD-OUT-005` proves the capability is absent/disabled in MVP; no hidden route/API/flag enables it.,NOT_STARTED
IMP-032,WP01,1,PRD-OUT-006,FG-OOS,Social likes/comments/follows/reactions are outside MVP.,Implement an explicit scope/config/API/UI guard so the MVP cannot expose this excluded capability: Social likes/comments/follows/reactions are outside MVP.,config/scope-guards,cross-cutting/product-contract,OUT_OF_SCOPE_MVP,OUT_MVP,WP00,Social likes/comments/follows/reactions are outside MVP.,REQT-PRD-OUT-006,QA-S01,TZ_AI_Tamagotchi_v1.0 (1).docx :: §3.2,ff.socialFeatures,MVP_SCOPE_GUARD,Scope guard is implemented; `REQT-PRD-OUT-006` proves the capability is absent/disabled in MVP; no hidden route/API/flag enables it.,NOT_STARTED
IMP-033,WP01,1,PRD-OUT-007,FG-OOS,Internal currency and cosmetics shop are outside MVP.,Implement an explicit scope/config/API/UI guard so the MVP cannot expose this excluded capability: Internal currency and cosmetics shop are outside MVP.,config/scope-guards,cross-cutting/product-contract,OUT_OF_SCOPE_MVP,OUT_MVP,WP00,Internal currency and cosmetics shop are outside MVP.,REQT-PRD-OUT-007,QA-S01,TZ_AI_Tamagotchi_v1.0 (1).docx :: §3.2,ff.currencyShop,MVP_SCOPE_GUARD,Scope guard is implemented; `REQT-PRD-OUT-007` proves the capability is absent/disabled in MVP; no hidden route/API/flag enables it.,NOT_STARTED
IMP-034,WP01,1,PRD-OUT-008,FG-OOS,Sound is not an MVP dependency.,Implement an explicit scope/config/API/UI guard so the MVP cannot expose this excluded capability: Sound is not an MVP dependency.,config/scope-guards,cross-cutting/product-contract,OUT_OF_SCOPE_MVP,OUT_MVP,WP00,Sound is not an MVP dependency.,REQT-PRD-OUT-008,QA-S01,TZ_AI_Tamagotchi_v1.0 (1).docx :: §3.2,ff.sound,MVP_SCOPE_GUARD,Scope guard is implemented; `REQT-PRD-OUT-008` proves the capability is absent/disabled in MVP; no hidden route/API/flag enables it.,NOT_STARTED
IMP-035,WP01,1,PRD-OUT-009,FG-OOS,Retrospective/backdated task dates are outside MVP.,Implement an explicit scope/config/API/UI guard so the MVP cannot expose this excluded capability: Retrospective/backdated task dates are outside MVP.,config/scope-guards,cross-cutting/product-contract,OUT_OF_SCOPE_MVP,OUT_MVP,WP00,Retrospective/backdated task dates are outside MVP.,REQT-PRD-OUT-009,QA-S01,TZ_AI_Tamagotchi_v1.0 (1).docx :: §3.2; §9,ff.backdatedTasks,MVP_SCOPE_GUARD,Scope guard is implemented; `REQT-PRD-OUT-009` proves the capability is absent/disabled in MVP; no hidden route/API/flag enables it.,NOT_STARTED
IMP-036,WP01,1,PRD-OUT-010,FG-OOS,Taxonomy change does not automatically reclassify historical task versions.,Implement an explicit scope/config/API/UI guard so the MVP cannot expose this excluded capability: Taxonomy change does not automatically reclassify historical task versions.,config/scope-guards,cross-cutting/product-contract,OUT_OF_SCOPE_MVP,OUT_MVP,WP00,Taxonomy change does not automatically reclassify historical task versions.,REQT-PRD-OUT-010,QA-S01,TZ_AI_Tamagotchi_v1.0 (1).docx :: §3.2; §18,ff.historicalAutoReclassification,MVP_SCOPE_GUARD,Scope guard is implemented; `REQT-PRD-OUT-010` proves the capability is absent/disabled in MVP; no hidden route/API/flag enables it.,NOT_STARTED
IMP-037,WP01,1,PRD-OUT-011,FG-OOS,Streak Shield is excluded.,Implement an explicit scope/config/API/UI guard so the MVP cannot expose this excluded capability: Streak Shield is excluded.,config/scope-guards,cross-cutting/product-contract,OUT_OF_SCOPE_MVP,OUT_MVP,WP00,Streak Shield is excluded.,REQT-PRD-OUT-011,QA-S01,TZ_AI_Tamagotchi_v1.0 (1).docx :: §10,ff.streakShield,MVP_SCOPE_GUARD,Scope guard is implemented; `REQT-PRD-OUT-011` proves the capability is absent/disabled in MVP; no hidden route/API/flag enables it.,NOT_STARTED
IMP-038,WP04,2,PRD-RBAC-001,FG-AUTH,"Employee can create, edit and soft-delete own AI tasks and access public product sections.","Implement the smallest owning-module slice that satisfies: Employee can create, edit and soft-delete own AI tasks and access public product sections.",auth/personnel/rbac,backend,P0,MVP_IN,WP02;WP03,"Employee can create, edit and soft-delete own AI tasks and access public product sections.",REQT-PRD-RBAC-001,QA-S02,TZ_AI_Tamagotchi_v1.0 (1).docx :: §4,NO_RUNTIME_FLAG,NONE,Owning code/config is implemented; `REQT-PRD-RBAC-001` passes; acceptance statement is demonstrably true; lint/typecheck/affected contract tests pass. No requirement-scope expansion or unsupported assumption is introduced.,NOT_STARTED
IMP-039,WP04,2,PRD-RBAC-002,FG-AUTH,"Employee can view Personal Dashboard, ratings and company analytics and manage own privacy/vacation.","Implement the smallest owning-module slice that satisfies: Employee can view Personal Dashboard, ratings and company analytics and manage own privacy/vacation.",auth/personnel/rbac,backend,P0,MVP_IN,WP02;WP03,"Employee can view Personal Dashboard, ratings and company analytics and manage own privacy/vacation.",REQT-PRD-RBAC-002,QA-S02,TZ_AI_Tamagotchi_v1.0 (1).docx :: §4,NO_RUNTIME_FLAG,NONE,Owning code/config is implemented; `REQT-PRD-RBAC-002` passes; acceptance statement is demonstrably true; lint/typecheck/affected contract tests pass. No requirement-scope expansion or unsupported assumption is introduced.,NOT_STARTED
IMP-040,WP04,2,PRD-RBAC-003,FG-AUTH,Director has read access to employees/tasks in own directorate and can export own directorate.,Implement the smallest owning-module slice that satisfies: Director has read access to employees/tasks in own directorate and can export own directorate.,auth/personnel/rbac,backend,P0,MVP_IN,WP02;WP03,Director has read access to employees/tasks in own directorate and can export own directorate.,REQT-PRD-RBAC-003,QA-S02,TZ_AI_Tamagotchi_v1.0 (1).docx :: §4; §17.1; §22,NO_RUNTIME_FLAG,NONE,Owning code/config is implemented; `REQT-PRD-RBAC-003` passes; acceptance statement is demonstrably true; lint/typecheck/affected contract tests pass. No requirement-scope expansion or unsupported assumption is introduced.,NOT_STARTED
IMP-041,WP04,2,PRD-RBAC-004,FG-AUTH,Director must not access technical scoring trace or change scoring.,Implement the smallest owning-module slice that satisfies: Director must not access technical scoring trace or change scoring.,auth/personnel/rbac,backend,P0,MVP_IN,WP02;WP03,Director must not access technical scoring trace or change scoring.,REQT-PRD-RBAC-004,QA-S02,TZ_AI_Tamagotchi_v1.0 (1).docx :: §4; §17.1,NO_RUNTIME_FLAG,NONE,Owning code/config is implemented; `REQT-PRD-RBAC-004` passes; acceptance statement is demonstrably true; lint/typecheck/affected contract tests pass. No requirement-scope expansion or unsupported assumption is introduced.,NOT_STARTED
IMP-042,WP04,2,PRD-RBAC-005,FG-AUTH,Executive/CEO can view whole-company analytics and drill down company → directorate → employee → task.,Implement the smallest owning-module slice that satisfies: Executive/CEO can view whole-company analytics and drill down company → directorate → employee → task.,auth/personnel/rbac,backend,P0,MVP_IN,WP02;WP03,Executive/CEO can view whole-company analytics and drill down company → directorate → employee → task.,REQT-PRD-RBAC-005,QA-S02,TZ_AI_Tamagotchi_v1.0 (1).docx :: §4; §17.2,NO_RUNTIME_FLAG,NONE,Owning code/config is implemented; `REQT-PRD-RBAC-005` passes; acceptance statement is demonstrably true; lint/typecheck/affected contract tests pass. No requirement-scope expansion or unsupported assumption is introduced.,NOT_STARTED
IMP-043,WP04,2,PRD-RBAC-006,FG-AUTH,Executive/CEO does not manage system settings.,Implement the smallest owning-module slice that satisfies: Executive/CEO does not manage system settings.,auth/personnel/rbac,backend,P0,MVP_IN,WP02;WP03,Executive/CEO does not manage system settings.,REQT-PRD-RBAC-006,QA-S02,TZ_AI_Tamagotchi_v1.0 (1).docx :: §4; §17.2,NO_RUNTIME_FLAG,NONE,Owning code/config is implemented; `REQT-PRD-RBAC-006` passes; acceptance statement is demonstrably true; lint/typecheck/affected contract tests pass. No requirement-scope expansion or unsupported assumption is introduced.,NOT_STARTED
IMP-044,WP04,2,PRD-RBAC-007,FG-AUTH,"Admin has company-wide system-management scope for org structure, roles, calendar, taxonomy, tools, profiles, technical ","Implement the smallest owning-module slice that satisfies: Admin has company-wide system-management scope for org structure, roles, calendar, taxonomy, tools, profiles, technical scoring trace, audit logs and export.",auth/personnel/rbac,backend,P0,MVP_IN,WP02;WP03,"Admin has company-wide system-management scope for org structure, roles, calendar, taxonomy, tools, profiles, technical scoring trace, audit logs and export.",REQT-PRD-RBAC-007,QA-S02,TZ_AI_Tamagotchi_v1.0 (1).docx :: §4; §17.3; §21,NO_RUNTIME_FLAG,NONE,Owning code/config is implemented; `REQT-PRD-RBAC-007` passes; acceptance statement is demonstrably true; lint/typecheck/affected contract tests pass. No requirement-scope expansion or unsupported assumption is introduced.,NOT_STARTED
IMP-045,WP04,2,PRD-RBAC-008,FG-AUTH,Admin cannot manually change task Complexity or Score.,Implement the smallest owning-module slice that satisfies: Admin cannot manually change task Complexity or Score.,auth/personnel/rbac,backend,P0,MVP_IN,WP02;WP03,Admin cannot manually change task Complexity or Score.,REQT-PRD-RBAC-008,QA-S02,TZ_AI_Tamagotchi_v1.0 (1).docx :: §4; §17.3,NO_RUNTIME_FLAG,NONE,Owning code/config is implemented; `REQT-PRD-RBAC-008` passes; acceptance statement is demonstrably true; lint/typecheck/affected contract tests pass. No requirement-scope expansion or unsupported assumption is introduced.,NOT_STARTED
IMP-046,WP04,2,PRD-RBAC-009,FG-AUTH,"Peers never see another employee's raw input, clarification log or task links regardless of peer privacy level.","Implement the smallest owning-module slice that satisfies: Peers never see another employee's raw input, clarification log or task links regardless of peer privacy level.",auth/personnel/rbac,backend,P0,MVP_IN,WP02;WP03,"Peers never see another employee's raw input, clarification log or task links regardless of peer privacy level.",REQT-PRD-RBAC-009,QA-S02,TZ_AI_Tamagotchi_v1.0 (1).docx :: §4.1; §14,NO_RUNTIME_FLAG,NONE,Owning code/config is implemented; `REQT-PRD-RBAC-009` passes; acceptance statement is demonstrably true; lint/typecheck/affected contract tests pass. No requirement-scope expansion or unsupported assumption is introduced.,NOT_STARTED
IMP-047,WP04,2,PRD-RBAC-010,FG-AUTH,"Director may access raw input, clarifications, links and normalized task data only inside own directorate.","Implement the smallest owning-module slice that satisfies: Director may access raw input, clarifications, links and normalized task data only inside own directorate.",auth/personnel/rbac,backend,P0,MVP_IN,WP02;WP03,"Director may access raw input, clarifications, links and normalized task data only inside own directorate.",REQT-PRD-RBAC-010,QA-S02,TZ_AI_Tamagotchi_v1.0 (1).docx :: §4.1; §17.1,NO_RUNTIME_FLAG,NONE,Owning code/config is implemented; `REQT-PRD-RBAC-010` passes; acceptance statement is demonstrably true; lint/typecheck/affected contract tests pass. No requirement-scope expansion or unsupported assumption is introduced.,NOT_STARTED
IMP-048,WP04,2,PRD-RBAC-011,FG-AUTH,Executive and Admin may access raw task data according to whole-company authorized scope.,Implement the smallest owning-module slice that satisfies: Executive and Admin may access raw task data according to whole-company authorized scope.,auth/personnel/rbac,backend,P0,MVP_IN,WP02;WP03,Executive and Admin may access raw task data according to whole-company authorized scope.,REQT-PRD-RBAC-011,QA-S02,TZ_AI_Tamagotchi_v1.0 (1).docx :: §4.1,NO_RUNTIME_FLAG,NONE,Owning code/config is implemented; `REQT-PRD-RBAC-011` passes; acceptance statement is demonstrably true; lint/typecheck/affected contract tests pass. No requirement-scope expansion or unsupported assumption is introduced.,NOT_STARTED
IMP-049,WP04,2,PRD-RBAC-012,FG-AUTH,Technical scoring trace is Admin-only.,Implement the smallest owning-module slice that satisfies: Technical scoring trace is Admin-only.,auth/personnel/rbac,backend,P0,MVP_IN,WP02;WP03,Technical scoring trace is Admin-only.,REQT-PRD-RBAC-012,QA-S02,TZ_AI_Tamagotchi_v1.0 (1).docx :: §4.1,NO_RUNTIME_FLAG,NONE,Owning code/config is implemented; `REQT-PRD-RBAC-012` passes; acceptance statement is demonstrably true; lint/typecheck/affected contract tests pass. No requirement-scope expansion or unsupported assumption is introduced.,NOT_STARTED
IMP-050,WP04,2,PRD-RBAC-013,FG-AUTH,"Corporate export is unavailable to Employee, directorate-scoped for Director, company-scoped for Executive/Admin.","Implement the smallest owning-module slice that satisfies: Corporate export is unavailable to Employee, directorate-scoped for Director, company-scoped for Executive/Admin.",auth/personnel/rbac,backend,P0,MVP_IN,WP02;WP03,"Corporate export is unavailable to Employee, directorate-scoped for Director, company-scoped for Executive/Admin.",REQT-PRD-RBAC-013,QA-S02,TZ_AI_Tamagotchi_v1.0 (1).docx :: §4.1; §22,NO_RUNTIME_FLAG,NONE,Owning code/config is implemented; `REQT-PRD-RBAC-013` passes; acceptance statement is demonstrably true; lint/typecheck/affected contract tests pass. No requirement-scope expansion or unsupported assumption is introduced.,NOT_STARTED
IMP-051,WP04,2,PRD-RBAC-014,FG-AUTH,"Privacy/access rules must be enforced by backend authorization for each object request/export, not only by UI hiding.","Implement the smallest owning-module slice that satisfies: Privacy/access rules must be enforced by backend authorization for each object request/export, not only by UI hiding.",auth/personnel/rbac,backend,P0,MVP_IN,WP02;WP03,"Privacy/access rules must be enforced by backend authorization for each object request/export, not only by UI hiding.",REQT-PRD-RBAC-014,QA-S02,TZ_AI_Tamagotchi_v1.0 (1).docx :: Appendix C,NO_RUNTIME_FLAG,NONE,Owning code/config is implemented; `REQT-PRD-RBAC-014` passes; acceptance statement is demonstrably true; lint/typecheck/affected contract tests pass. No requirement-scope expansion or unsupported assumption is introduced.,NOT_STARTED
IMP-052,WP04,2,PRD-AUTH-001,FG-AUTH,There is no employee self-registration flow.,Implement the smallest owning-module slice that satisfies: There is no employee self-registration flow.,auth/personnel/rbac,backend,P0,MVP_IN,WP02;WP03,There is no employee self-registration flow.,REQT-PRD-AUTH-001,QA-S02,TZ_AI_Tamagotchi_v1.0 (1).docx :: §5.1,NO_RUNTIME_FLAG,NONE,Owning code/config is implemented; `REQT-PRD-AUTH-001` passes; acceptance statement is demonstrably true; lint/typecheck/affected contract tests pass. No requirement-scope expansion or unsupported assumption is introduced.,NOT_STARTED
IMP-053,WP04,2,PRD-AUTH-002,FG-AUTH,"MVP login verifies personnel number + phone against the corporate personnel source, without SMS/password in Product v1.0","Implement the smallest owning-module slice that satisfies: MVP login verifies personnel number + phone against the corporate personnel source, without SMS/password in Product v1.0.",auth/personnel/rbac,backend,P0,MVP_IN,WP02;WP03,"MVP login verifies personnel number + phone against the corporate personnel source, without SMS/password in Product v1.0.",REQT-PRD-AUTH-002,QA-S02,TZ_AI_Tamagotchi_v1.0 (1).docx :: §5.1,NO_RUNTIME_FLAG,NONE,Owning code/config is implemented; `REQT-PRD-AUTH-002` passes; acceptance statement is demonstrably true; lint/typecheck/affected contract tests pass. No requirement-scope expansion or unsupported assumption is introduced.,NOT_STARTED
IMP-054,WP04,2,PRD-AUTH-003,FG-AUTH,"On successful personnel verification, employee name and directorate are populated from personnel data.","Implement the smallest owning-module slice that satisfies: On successful personnel verification, employee name and directorate are populated from personnel data.",auth/personnel/rbac,backend,P0,MVP_IN,WP02;WP03,"On successful personnel verification, employee name and directorate are populated from personnel data.",REQT-PRD-AUTH-003,QA-S02,TZ_AI_Tamagotchi_v1.0 (1).docx :: §5.1,NO_RUNTIME_FLAG,NONE,Owning code/config is implemented; `REQT-PRD-AUTH-003` passes; acceptance statement is demonstrably true; lint/typecheck/affected contract tests pass. No requirement-scope expansion or unsupported assumption is introduced.,NOT_STARTED
IMP-055,WP04,2,PRD-AUTH-004,FG-AUTH,Application role/status is controlled by the application and assigned only by Admin.,Implement the smallest owning-module slice that satisfies: Application role/status is controlled by the application and assigned only by Admin.,auth/personnel/rbac,backend,P0,MVP_IN,WP02;WP03,Application role/status is controlled by the application and assigned only by Admin.,REQT-PRD-AUTH-004,QA-S02,TZ_AI_Tamagotchi_v1.0 (1).docx :: §5.1,NO_RUNTIME_FLAG,NONE,Owning code/config is implemented; `REQT-PRD-AUTH-004` passes; acceptance statement is demonstrably true; lint/typecheck/affected contract tests pass. No requirement-scope expansion or unsupported assumption is introduced.,NOT_STARTED
IMP-056,WP04,2,PRD-AUTH-005,FG-AUTH,First successful login requires onboarding in 4–5 screens/steps.,Implement the smallest owning-module slice that satisfies: First successful login requires onboarding in 4–5 screens/steps.,auth/personnel/rbac,backend,P0,MVP_IN,WP02;WP03,First successful login requires onboarding in 4–5 screens/steps.,REQT-PRD-AUTH-005,QA-S02,TZ_AI_Tamagotchi_v1.0 (1).docx :: §5.1,NO_RUNTIME_FLAG,NONE,Owning code/config is implemented; `REQT-PRD-AUTH-005` passes; acceptance statement is demonstrably true; lint/typecheck/affected contract tests pass. No requirement-scope expansion or unsupported assumption is introduced.,NOT_STARTED
IMP-057,WP04,2,PRD-AUTH-006,FG-AUTH,"When Monthly Goal setup is required, it gates entry to the main interface.","Implement the smallest owning-module slice that satisfies: When Monthly Goal setup is required, it gates entry to the main interface.",auth/personnel/rbac,backend,P0,MVP_IN,WP02;WP03,"When Monthly Goal setup is required, it gates entry to the main interface.",REQT-PRD-AUTH-006,QA-S02,TZ_AI_Tamagotchi_v1.0 (1).docx :: §5.1; §12,NO_RUNTIME_FLAG,NONE,Owning code/config is implemented; `REQT-PRD-AUTH-006` passes; acceptance statement is demonstrably true; lint/typecheck/affected contract tests pass. No requirement-scope expansion or unsupported assumption is introduced.,NOT_STARTED
IMP-058,WP04,2,PRD-AUTH-007,FG-AUTH,Personnel-number + phone is explicitly recognized by Product v1.0 as weaker than production-grade SSO/2FA.,Implement the smallest owning-module slice that satisfies: Personnel-number + phone is explicitly recognized by Product v1.0 as weaker than production-grade SSO/2FA.,auth/personnel/rbac,backend,P0_RISK_WITH_FUTURE_HARDENING,MVP_IN_WITH_RECORDED_SECURITY_LIMITATION,WP02;WP03,Personnel-number + phone is explicitly recognized by Product v1.0 as weaker than production-grade SSO/2FA.,REQT-PRD-AUTH-007,QA-S02,TZ_AI_Tamagotchi_v1.0 (1).docx :: §5.1 Security note,NO_RUNTIME_FLAG,PRODUCTION_HARDENING_GATE,Owning code/config is implemented; `REQT-PRD-AUTH-007` passes; acceptance statement is demonstrably true; lint/typecheck/affected contract tests pass. Current MVP baseline is safe and tested; future hardening dependency stays explicit.,NOT_STARTED
IMP-059,WP06,3,PRD-TASK-001,FG-AICASE,"The user-facing AI task is an already completed AI-assisted work use case, not a future to-do item.","Implement the smallest owning-module slice that satisfies: The user-facing AI task is an already completed AI-assisted work use case, not a future to-do item.",case-workflow/task/ai-api,backend,P0,MVP_IN,WP04;WP05;WP02,"The user-facing AI task is an already completed AI-assisted work use case, not a future to-do item.",REQT-PRD-TASK-001,QA-S03,AI_TAMAGOTCHI_VISUAL_PACKAGE_v1.0/00_README/PROJECT_DECISION_OVERRIDE_v2.0.md :: §4 Previously approved product/UI decisions,NO_RUNTIME_FLAG,NONE,Owning code/config is implemented; `REQT-PRD-TASK-001` passes; acceptance statement is demonstrably true; lint/typecheck/affected contract tests pass. No requirement-scope expansion or unsupported assumption is introduced.,NOT_STARTED
IMP-060,WP06,3,PRD-TASK-002,FG-AICASE,Employee may register an unlimited number of AI tasks.,Implement the smallest owning-module slice that satisfies: Employee may register an unlimited number of AI tasks.,case-workflow/task/ai-api,backend,P0,MVP_IN,WP04;WP05;WP02,Employee may register an unlimited number of AI tasks.,REQT-PRD-TASK-002,QA-S03,TZ_AI_Tamagotchi_v1.0 (1).docx :: §6.1,NO_RUNTIME_FLAG,NONE,Owning code/config is implemented; `REQT-PRD-TASK-002` passes; acceptance statement is demonstrably true; lint/typecheck/affected contract tests pass. No requirement-scope expansion or unsupported assumption is introduced.,NOT_STARTED
IMP-061,WP06,3,PRD-TASK-003,FG-AICASE,Task input supports text.,Implement the smallest owning-module slice that satisfies: Task input supports text.,case-workflow/task/ai-api,backend,P0,MVP_IN,WP04;WP05;WP02,Task input supports text.,REQT-PRD-TASK-003,QA-S03,TZ_AI_Tamagotchi_v1.0 (1).docx :: §6.1,NO_RUNTIME_FLAG,NONE,Owning code/config is implemented; `REQT-PRD-TASK-003` passes; acceptance statement is demonstrably true; lint/typecheck/affected contract tests pass. No requirement-scope expansion or unsupported assumption is introduced.,NOT_STARTED
IMP-062,WP06,3,PRD-TASK-004,FG-AICASE,Voice flow is record → STT → transcript preview → user correction → submit.,Implement the smallest owning-module slice that satisfies: Voice flow is record → STT → transcript preview → user correction → submit.,case-workflow/task/ai-api,backend,P0,MVP_IN,WP04;WP05;WP02,Voice flow is record → STT → transcript preview → user correction → submit.,REQT-PRD-TASK-004,QA-S03,TZ_AI_Tamagotchi_v1.0 (1).docx :: §6.1,ff.voiceStt,NONE,Owning code/config is implemented; `REQT-PRD-TASK-004` passes; acceptance statement is demonstrably true; lint/typecheck/affected contract tests pass. No requirement-scope expansion or unsupported assumption is introduced.,NOT_STARTED
IMP-063,WP06,3,PRD-TASK-005,FG-AICASE,Source audio is not retained after recognition.,Implement the smallest owning-module slice that satisfies: Source audio is not retained after recognition.,case-workflow/task/ai-api,backend,P0,MVP_IN,WP04;WP05;WP02,Source audio is not retained after recognition.,REQT-PRD-TASK-005,QA-S03,TZ_AI_Tamagotchi_v1.0 (1).docx :: §6.1,ff.voiceStt,NONE,Owning code/config is implemented; `REQT-PRD-TASK-005` passes; acceptance statement is demonstrably true; lint/typecheck/affected contract tests pass. No requirement-scope expansion or unsupported assumption is introduced.,NOT_STARTED
IMP-064,WP06,3,PRD-TASK-006,FG-AICASE,A task may contain one or more URLs; URLs are stored but not opened/analyzed.,Implement the smallest owning-module slice that satisfies: A task may contain one or more URLs; URLs are stored but not opened/analyzed.,case-workflow/task/ai-api,backend,P0,MVP_IN,WP04;WP05;WP02,A task may contain one or more URLs; URLs are stored but not opened/analyzed.,REQT-PRD-TASK-006,QA-S03,TZ_AI_Tamagotchi_v1.0 (1).docx :: §6.1,NO_RUNTIME_FLAG,NONE,Owning code/config is implemented; `REQT-PRD-TASK-006` passes; acceptance statement is demonstrably true; lint/typecheck/affected contract tests pass. No requirement-scope expansion or unsupported assumption is introduced.,NOT_STARTED
IMP-065,WP06,3,PRD-TASK-007,FG-AICASE,"Ingestion persists raw input, channel, timestamp and user/context.","Implement the smallest owning-module slice that satisfies: Ingestion persists raw input, channel, timestamp and user/context.",case-workflow/task/ai-api,backend,P0,MVP_IN,WP04;WP05;WP02,"Ingestion persists raw input, channel, timestamp and user/context.",REQT-PRD-TASK-007,QA-S03,TZ_AI_Tamagotchi_v1.0 (1).docx :: §6.2,NO_RUNTIME_FLAG,NONE,Owning code/config is implemented; `REQT-PRD-TASK-007` passes; acceptance statement is demonstrably true; lint/typecheck/affected contract tests pass. No requirement-scope expansion or unsupported assumption is introduced.,NOT_STARTED
IMP-066,WP06,3,PRD-TASK-008,FG-AICASE,"Processing extracts asserted facts, AI tools, workflow evidence, result and evidence signals.","Implement the smallest owning-module slice that satisfies: Processing extracts asserted facts, AI tools, workflow evidence, result and evidence signals.",case-workflow/task/ai-api,backend,P0,MVP_IN,WP04;WP05;WP02,"Processing extracts asserted facts, AI tools, workflow evidence, result and evidence signals.",REQT-PRD-TASK-008,QA-S03,TZ_AI_Tamagotchi_v1.0 (1).docx :: §6.2,NO_RUNTIME_FLAG,NONE,Owning code/config is implemented; `REQT-PRD-TASK-008` passes; acceptance statement is demonstrably true; lint/typecheck/affected contract tests pass. No requirement-scope expansion or unsupported assumption is introduced.,NOT_STARTED
IMP-067,WP06,3,PRD-TASK-009,FG-AICASE,Processing performs plausibility assessment before final scoring.,Implement the smallest owning-module slice that satisfies: Processing performs plausibility assessment before final scoring.,case-workflow/task/ai-api,backend,P0,MVP_IN,WP04;WP05;WP02,Processing performs plausibility assessment before final scoring.,REQT-PRD-TASK-009,QA-S03,TZ_AI_Tamagotchi_v1.0 (1).docx :: §6.2,NO_RUNTIME_FLAG,NONE,Owning code/config is implemented; `REQT-PRD-TASK-009` passes; acceptance statement is demonstrably true; lint/typecheck/affected contract tests pass. No requirement-scope expansion or unsupported assumption is introduced.,NOT_STARTED
IMP-068,WP06,3,PRD-TASK-010,FG-AICASE,Clarifications are asked only when needed and share a maximum of three per task version.,Implement the smallest owning-module slice that satisfies: Clarifications are asked only when needed and share a maximum of three per task version.,case-workflow/task/ai-api,backend,P0,MVP_IN,WP04;WP05;WP02,Clarifications are asked only when needed and share a maximum of three per task version.,REQT-PRD-TASK-010,QA-S03,TZ_AI_Tamagotchi_v1.0 (1).docx :: §6.2; §8,NO_RUNTIME_FLAG,NONE,Owning code/config is implemented; `REQT-PRD-TASK-010` passes; acceptance statement is demonstrably true; lint/typecheck/affected contract tests pass. No requirement-scope expansion or unsupported assumption is introduced.,NOT_STARTED
IMP-069,WP06,3,PRD-TASK-011,FG-AICASE,System generates a concise normalized description that the employee does not directly edit.,Implement the smallest owning-module slice that satisfies: System generates a concise normalized description that the employee does not directly edit.,case-workflow/task/ai-api,backend,P0,MVP_IN,WP04;WP05;WP02,System generates a concise normalized description that the employee does not directly edit.,REQT-PRD-TASK-011,QA-S03,TZ_AI_Tamagotchi_v1.0 (1).docx :: §2; §6.2,NO_RUNTIME_FLAG,NONE,Owning code/config is implemented; `REQT-PRD-TASK-011` passes; acceptance statement is demonstrably true; lint/typecheck/affected contract tests pass. No requirement-scope expansion or unsupported assumption is introduced.,NOT_STARTED
IMP-070,WP06,3,PRD-TASK-012,FG-AICASE,System assigns category/subcategory/tags and maps mentioned AI tools.,Implement the smallest owning-module slice that satisfies: System assigns category/subcategory/tags and maps mentioned AI tools.,case-workflow/task/ai-api,backend,P0,MVP_IN,WP04;WP05;WP02,System assigns category/subcategory/tags and maps mentioned AI tools.,REQT-PRD-TASK-012,QA-S03,TZ_AI_Tamagotchi_v1.0 (1).docx :: §6.2,NO_RUNTIME_FLAG,NONE,Owning code/config is implemented; `REQT-PRD-TASK-012` passes; acceptance statement is demonstrably true; lint/typecheck/affected contract tests pass. No requirement-scope expansion or unsupported assumption is introduced.,NOT_STARTED
IMP-071,WP06,3,PRD-TASK-013,FG-AICASE,System assigns Complexity C1–C5; numerical points come from fixed backend mapping.,Implement the smallest owning-module slice that satisfies: System assigns Complexity C1–C5; numerical points come from fixed backend mapping.,case-workflow/task/ai-api,backend,P0,MVP_IN,WP04;WP05;WP02,System assigns Complexity C1–C5; numerical points come from fixed backend mapping.,REQT-PRD-TASK-013,QA-S03,TZ_AI_Tamagotchi_v1.0 (1).docx :: §6.2; §7,NO_RUNTIME_FLAG,NONE,Owning code/config is implemented; `REQT-PRD-TASK-013` passes; acceptance statement is demonstrably true; lint/typecheck/affected contract tests pass. No requirement-scope expansion or unsupported assumption is introduced.,NOT_STARTED
IMP-072,WP06,3,PRD-TASK-014,FG-AICASE,Accepted task is matched to active Monthly Goals and triggers game/progress updates.,Implement the smallest owning-module slice that satisfies: Accepted task is matched to active Monthly Goals and triggers game/progress updates.,case-workflow/task/ai-api,backend,P0,MVP_IN,WP04;WP05;WP02,Accepted task is matched to active Monthly Goals and triggers game/progress updates.,REQT-PRD-TASK-014,QA-S03,TZ_AI_Tamagotchi_v1.0 (1).docx :: §6.2,NO_RUNTIME_FLAG,NONE,Owning code/config is implemented; `REQT-PRD-TASK-014` passes; acceptance statement is demonstrably true; lint/typecheck/affected contract tests pass. No requirement-scope expansion or unsupported assumption is introduced.,NOT_STARTED
IMP-073,WP06,3,PRD-TASK-015,FG-AICASE,"Post-task result shows points, C-level, normalized description, goal contribution, Evolution XP impact and mascot reacti","Implement the smallest owning-module slice that satisfies: Post-task result shows points, C-level, normalized description, goal contribution, Evolution XP impact and mascot reaction.",case-workflow/task/ai-api,backend,P0,MVP_IN,WP04;WP05;WP02,"Post-task result shows points, C-level, normalized description, goal contribution, Evolution XP impact and mascot reaction.",REQT-PRD-TASK-015,QA-S03,TZ_AI_Tamagotchi_v1.0 (1).docx :: §6.3,NO_RUNTIME_FLAG,NONE,Owning code/config is implemented; `REQT-PRD-TASK-015` passes; acceptance statement is demonstrably true; lint/typecheck/affected contract tests pass. No requirement-scope expansion or unsupported assumption is introduced.,NOT_STARTED
IMP-074,WP06,3,PRD-TASK-016,FG-AICASE,Category/subcategory/tool detail is available through a details action instead of overloading the compact result card.,Implement the smallest owning-module slice that satisfies: Category/subcategory/tool detail is available through a details action instead of overloading the compact result card.,case-workflow/task/ai-api,backend,P0,MVP_IN,WP04;WP05;WP02,Category/subcategory/tool detail is available through a details action instead of overloading the compact result card.,REQT-PRD-TASK-016,QA-S03,TZ_AI_Tamagotchi_v1.0 (1).docx :: §6.3,NO_RUNTIME_FLAG,NONE,Owning code/config is implemented; `REQT-PRD-TASK-016` passes; acceptance statement is demonstrably true; lint/typecheck/affected contract tests pass. No requirement-scope expansion or unsupported assumption is introduced.,NOT_STARTED
IMP-075,WP06,3,PRD-TASK-017,FG-AICASE,Task date equals application registration date and cannot be backdated.,Implement the smallest owning-module slice that satisfies: Task date equals application registration date and cannot be backdated.,case-workflow/task/ai-api,backend,P0,MVP_IN,WP04;WP05;WP02,Task date equals application registration date and cannot be backdated.,REQT-PRD-TASK-017,QA-S03,TZ_AI_Tamagotchi_v1.0 (1).docx :: §9,NO_RUNTIME_FLAG,NONE,Owning code/config is implemented; `REQT-PRD-TASK-017` passes; acceptance statement is demonstrably true; lint/typecheck/affected contract tests pass. No requirement-scope expansion or unsupported assumption is introduced.,NOT_STARTED
IMP-076,WP06,3,PRD-TASK-018,FG-AICASE,Editing a task creates/recalculates a new version; historical versions remain preserved.,Implement the smallest owning-module slice that satisfies: Editing a task creates/recalculates a new version; historical versions remain preserved.,case-workflow/task/ai-api,backend,P0,MVP_IN,WP04;WP05;WP02,Editing a task creates/recalculates a new version; historical versions remain preserved.,REQT-PRD-TASK-018,QA-S03,TZ_AI_Tamagotchi_v1.0 (1).docx :: §24; Appendix C,NO_RUNTIME_FLAG,NONE,Owning code/config is implemented; `REQT-PRD-TASK-018` passes; acceptance statement is demonstrably true; lint/typecheck/affected contract tests pass. No requirement-scope expansion or unsupported assumption is introduced.,NOT_STARTED
IMP-077,WP06,3,PRD-TASK-019,FG-AICASE,Soft deletion excludes a task from current views/calculations while retaining audit/version history and ledger correctio,Implement the smallest owning-module slice that satisfies: Soft deletion excludes a task from current views/calculations while retaining audit/version history and ledger correction semantics.,case-workflow/task/ai-api,backend,P0,MVP_IN,WP04;WP05;WP02,Soft deletion excludes a task from current views/calculations while retaining audit/version history and ledger correction semantics.,REQT-PRD-TASK-019,QA-S03,TZ_AI_Tamagotchi_v1.0 (1).docx :: §15; §24; Appendix C,NO_RUNTIME_FLAG,NONE,Owning code/config is implemented; `REQT-PRD-TASK-019` passes; acceptance statement is demonstrably true; lint/typecheck/affected contract tests pass. No requirement-scope expansion or unsupported assumption is introduced.,NOT_STARTED
IMP-078,WP06,3,PRD-AI-001,FG-AICASE,"Plausibility state vocabulary includes valid, ambiguous, capability_conflict, internal_contradiction and insufficient_da","Implement the smallest owning-module slice that satisfies: Plausibility state vocabulary includes valid, ambiguous, capability_conflict, internal_contradiction and insufficient_data.",case-workflow/task/ai-api,backend,P0,MVP_IN,WP04;WP05;WP02,"Plausibility state vocabulary includes valid, ambiguous, capability_conflict, internal_contradiction and insufficient_data.",REQT-PRD-AI-001,QA-S03,TZ_AI_Tamagotchi_v1.0 (1).docx :: §8.1,NO_RUNTIME_FLAG,NONE,Owning code/config is implemented; `REQT-PRD-AI-001` passes; acceptance statement is demonstrably true; lint/typecheck/affected contract tests pass. No requirement-scope expansion or unsupported assumption is introduced.,NOT_STARTED
IMP-079,WP06,3,PRD-AI-002,FG-AICASE,"Clarification questions are one at a time, brief, non-repetitive and asked only when they can affect correctness/classif","Implement the smallest owning-module slice that satisfies: Clarification questions are one at a time, brief, non-repetitive and asked only when they can affect correctness/classification.",case-workflow/task/ai-api,backend,P0,MVP_IN,WP04;WP05;WP02,"Clarification questions are one at a time, brief, non-repetitive and asked only when they can affect correctness/classification.",REQT-PRD-AI-002,QA-S03,TZ_AI_Tamagotchi_v1.0 (1).docx :: §8.2,NO_RUNTIME_FLAG,NONE,Owning code/config is implemented; `REQT-PRD-AI-002` passes; acceptance statement is demonstrably true; lint/typecheck/affected contract tests pass. No requirement-scope expansion or unsupported assumption is introduced.,NOT_STARTED
IMP-080,WP06,3,PRD-AI-003,FG-AICASE,"The maximum of three questions is shared across plausibility, duplicate and Complexity clarification.","Implement the smallest owning-module slice that satisfies: The maximum of three questions is shared across plausibility, duplicate and Complexity clarification.",case-workflow/task/ai-api,backend,P0,MVP_IN,WP04;WP05;WP02,"The maximum of three questions is shared across plausibility, duplicate and Complexity clarification.",REQT-PRD-AI-003,QA-S03,TZ_AI_Tamagotchi_v1.0 (1).docx :: §8.2,NO_RUNTIME_FLAG,NONE,Owning code/config is implemented; `REQT-PRD-AI-003` passes; acceptance statement is demonstrably true; lint/typecheck/affected contract tests pass. No requirement-scope expansion or unsupported assumption is introduced.,NOT_STARTED
IMP-081,WP06,3,PRD-AI-004,FG-AICASE,"Clarification priority is plausibility/task semantics and missing facts, then Complexity evidence; duplicate check consu","Implement the smallest owning-module slice that satisfies: Clarification priority is plausibility/task semantics and missing facts, then Complexity evidence; duplicate check consumes the same limit.",case-workflow/task/ai-api,backend,P0,MVP_IN,WP04;WP05;WP02,"Clarification priority is plausibility/task semantics and missing facts, then Complexity evidence; duplicate check consumes the same limit.",REQT-PRD-AI-004,QA-S03,TZ_AI_Tamagotchi_v1.0 (1).docx :: §8.2,NO_RUNTIME_FLAG,NONE,Owning code/config is implemented; `REQT-PRD-AI-004` passes; acceptance statement is demonstrably true; lint/typecheck/affected contract tests pass. No requirement-scope expansion or unsupported assumption is introduced.,NOT_STARTED
IMP-082,WP06,3,PRD-AI-005,FG-AICASE,"After three questions, unresolved ambiguity does not penalize the employee; scoring proceeds.","Implement the smallest owning-module slice that satisfies: After three questions, unresolved ambiguity does not penalize the employee; scoring proceeds.",case-workflow/task/ai-api,backend,P0,MVP_IN,WP04;WP05;WP02,"After three questions, unresolved ambiguity does not penalize the employee; scoring proceeds.",REQT-PRD-AI-005,QA-S03,TZ_AI_Tamagotchi_v1.0 (1).docx :: §8.2,NO_RUNTIME_FLAG,NONE,Owning code/config is implemented; `REQT-PRD-AI-005` passes; acceptance statement is demonstrably true; lint/typecheck/affected contract tests pass. No requirement-scope expansion or unsupported assumption is introduced.,NOT_STARTED
IMP-083,WP06,3,PRD-AI-006,FG-AICASE,The system must not label an employee statement as a lie or accuse the employee.,Implement the smallest owning-module slice that satisfies: The system must not label an employee statement as a lie or accuse the employee.,case-workflow/task/ai-api,backend,P0,MVP_IN,WP04;WP05;WP02,The system must not label an employee statement as a lie or accuse the employee.,REQT-PRD-AI-006,QA-S03,TZ_AI_Tamagotchi_v1.0 (1).docx :: §8.2,NO_RUNTIME_FLAG,NONE,Owning code/config is implemented; `REQT-PRD-AI-006` passes; acceptance statement is demonstrably true; lint/typecheck/affected contract tests pass. No requirement-scope expansion or unsupported assumption is introduced.,NOT_STARTED
IMP-084,WP06,3,PRD-AI-007,FG-AICASE,High similarity to a recent task may trigger a question whether it is a separate execution.,Implement the smallest owning-module slice that satisfies: High similarity to a recent task may trigger a question whether it is a separate execution.,case-workflow/task/ai-api,backend,P0,MVP_IN,WP04;WP05;WP02,High similarity to a recent task may trigger a question whether it is a separate execution.,REQT-PRD-AI-007,QA-S03,TZ_AI_Tamagotchi_v1.0 (1).docx :: §8.3,NO_RUNTIME_FLAG,NONE,Owning code/config is implemented; `REQT-PRD-AI-007` passes; acceptance statement is demonstrably true; lint/typecheck/affected contract tests pass. No requirement-scope expansion or unsupported assumption is introduced.,NOT_STARTED
IMP-085,WP06,3,PRD-AI-008,FG-AICASE,"If employee confirms a separate execution, both tasks score independently; similarity alone cannot deny points.","Implement the smallest owning-module slice that satisfies: If employee confirms a separate execution, both tasks score independently; similarity alone cannot deny points.",case-workflow/task/ai-api,backend,P0,MVP_IN,WP04;WP05;WP02,"If employee confirms a separate execution, both tasks score independently; similarity alone cannot deny points.",REQT-PRD-AI-008,QA-S03,TZ_AI_Tamagotchi_v1.0 (1).docx :: §8.3,NO_RUNTIME_FLAG,NONE,Owning code/config is implemented; `REQT-PRD-AI-008` passes; acceptance statement is demonstrably true; lint/typecheck/affected contract tests pass. No requirement-scope expansion or unsupported assumption is introduced.,NOT_STARTED
IMP-086,WP06,3,PRD-SCORE-001,FG-AICASE,Complexity is the only base scoring dimension; business importance is not a separate scoring factor.,Implement the smallest owning-module slice that satisfies: Complexity is the only base scoring dimension; business importance is not a separate scoring factor.,case-workflow/task/ai-api,backend,P0,MVP_IN,WP04;WP05;WP02,Complexity is the only base scoring dimension; business importance is not a separate scoring factor.,REQT-PRD-SCORE-001,QA-S03,TZ_AI_Tamagotchi_v1.0 (1).docx :: §7.1,NO_RUNTIME_FLAG,NONE,Owning code/config is implemented; `REQT-PRD-SCORE-001` passes; acceptance statement is demonstrably true; lint/typecheck/affected contract tests pass. No requirement-scope expansion or unsupported assumption is introduced.,NOT_STARTED
IMP-087,WP06,3,PRD-SCORE-002,FG-AICASE,LLM/classifier selects only C1–C5; backend deterministic logic assigns numerical points.,Implement the smallest owning-module slice that satisfies: LLM/classifier selects only C1–C5; backend deterministic logic assigns numerical points.,case-workflow/task/ai-api,backend,P0,MVP_IN,WP04;WP05;WP02,LLM/classifier selects only C1–C5; backend deterministic logic assigns numerical points.,REQT-PRD-SCORE-002,QA-S03,TZ_AI_Tamagotchi_v1.0 (1).docx :: §7.1; Appendix C,NO_RUNTIME_FLAG,NONE,Owning code/config is implemented; `REQT-PRD-SCORE-002` passes; acceptance statement is demonstrably true; lint/typecheck/affected contract tests pass. No requirement-scope expansion or unsupported assumption is introduced.,NOT_STARTED
IMP-088,WP06,3,PRD-SCORE-003,FG-AICASE,C1 Basic = 1 point.,Implement the smallest owning-module slice that satisfies: C1 Basic = 1 point.,case-workflow/task/ai-api,backend,P0,MVP_IN,WP04;WP05;WP02,C1 Basic = 1 point.,REQT-PRD-SCORE-003,QA-S03,TZ_AI_Tamagotchi_v1.0 (1).docx :: §7.1,NO_RUNTIME_FLAG,NONE,Owning code/config is implemented; `REQT-PRD-SCORE-003` passes; acceptance statement is demonstrably true; lint/typecheck/affected contract tests pass. No requirement-scope expansion or unsupported assumption is introduced.,NOT_STARTED
IMP-089,WP06,3,PRD-SCORE-004,FG-AICASE,C2 Standard = 5 points.,Implement the smallest owning-module slice that satisfies: C2 Standard = 5 points.,case-workflow/task/ai-api,backend,P0,MVP_IN,WP04;WP05;WP02,C2 Standard = 5 points.,REQT-PRD-SCORE-004,QA-S03,TZ_AI_Tamagotchi_v1.0 (1).docx :: §7.1,NO_RUNTIME_FLAG,NONE,Owning code/config is implemented; `REQT-PRD-SCORE-004` passes; acceptance statement is demonstrably true; lint/typecheck/affected contract tests pass. No requirement-scope expansion or unsupported assumption is introduced.,NOT_STARTED
IMP-090,WP06,3,PRD-SCORE-005,FG-AICASE,C3 Advanced = 15 points.,Implement the smallest owning-module slice that satisfies: C3 Advanced = 15 points.,case-workflow/task/ai-api,backend,P0,MVP_IN,WP04;WP05;WP02,C3 Advanced = 15 points.,REQT-PRD-SCORE-005,QA-S03,TZ_AI_Tamagotchi_v1.0 (1).docx :: §7.1,NO_RUNTIME_FLAG,NONE,Owning code/config is implemented; `REQT-PRD-SCORE-005` passes; acceptance statement is demonstrably true; lint/typecheck/affected contract tests pass. No requirement-scope expansion or unsupported assumption is introduced.,NOT_STARTED
IMP-091,WP06,3,PRD-SCORE-006,FG-AICASE,C4 Expert = 40 points.,Implement the smallest owning-module slice that satisfies: C4 Expert = 40 points.,case-workflow/task/ai-api,backend,P0,MVP_IN,WP04;WP05;WP02,C4 Expert = 40 points.,REQT-PRD-SCORE-006,QA-S03,TZ_AI_Tamagotchi_v1.0 (1).docx :: §7.1,NO_RUNTIME_FLAG,NONE,Owning code/config is implemented; `REQT-PRD-SCORE-006` passes; acceptance statement is demonstrably true; lint/typecheck/affected contract tests pass. No requirement-scope expansion or unsupported assumption is introduced.,NOT_STARTED
IMP-092,WP06,3,PRD-SCORE-007,FG-AICASE,C5 System / AI Engineering = 100 points.,Implement the smallest owning-module slice that satisfies: C5 System / AI Engineering = 100 points.,case-workflow/task/ai-api,backend,P0,MVP_IN,WP04;WP05;WP02,C5 System / AI Engineering = 100 points.,REQT-PRD-SCORE-007,QA-S03,TZ_AI_Tamagotchi_v1.0 (1).docx :: §7.1,NO_RUNTIME_FLAG,NONE,Owning code/config is implemented; `REQT-PRD-SCORE-007` passes; acceptance statement is demonstrably true; lint/typecheck/affected contract tests pass. No requirement-scope expansion or unsupported assumption is introduced.,NOT_STARTED
IMP-093,WP06,3,PRD-SCORE-008,FG-AICASE,Evidence signals guide C-level classification but are not mechanically summed into score.,Implement the smallest owning-module slice that satisfies: Evidence signals guide C-level classification but are not mechanically summed into score.,case-workflow/task/ai-api,backend,P0,MVP_IN,WP04;WP05;WP02,Evidence signals guide C-level classification but are not mechanically summed into score.,REQT-PRD-SCORE-008,QA-S03,TZ_AI_Tamagotchi_v1.0 (1).docx :: §7.2,NO_RUNTIME_FLAG,NONE,Owning code/config is implemented; `REQT-PRD-SCORE-008` passes; acceptance statement is demonstrably true; lint/typecheck/affected contract tests pass. No requirement-scope expansion or unsupported assumption is introduced.,NOT_STARTED
IMP-094,WP06,3,PRD-SCORE-009,FG-AICASE,Number of AI tools alone does not increase Complexity without a connected workflow.,Implement the smallest owning-module slice that satisfies: Number of AI tools alone does not increase Complexity without a connected workflow.,case-workflow/task/ai-api,backend,P0,MVP_IN,WP04;WP05;WP02,Number of AI tools alone does not increase Complexity without a connected workflow.,REQT-PRD-SCORE-009,QA-S03,TZ_AI_Tamagotchi_v1.0 (1).docx :: §7.2; §7.4,NO_RUNTIME_FLAG,NONE,Owning code/config is implemented; `REQT-PRD-SCORE-009` passes; acceptance statement is demonstrably true; lint/typecheck/affected contract tests pass. No requirement-scope expansion or unsupported assumption is introduced.,NOT_STARTED
IMP-095,WP06,3,PRD-SCORE-010,FG-AICASE,"Role, personal skill, recipient status, description verbosity and inferred prestige must not affect Complexity.","Implement the smallest owning-module slice that satisfies: Role, personal skill, recipient status, description verbosity and inferred prestige must not affect Complexity.",case-workflow/task/ai-api,backend,P0,MVP_IN,WP04;WP05;WP02,"Role, personal skill, recipient status, description verbosity and inferred prestige must not affect Complexity.",REQT-PRD-SCORE-010,QA-S03,TZ_AI_Tamagotchi_v1.0 (1).docx :: §7.4,NO_RUNTIME_FLAG,NONE,Owning code/config is implemented; `REQT-PRD-SCORE-010` passes; acceptance statement is demonstrably true; lint/typecheck/affected contract tests pass. No requirement-scope expansion or unsupported assumption is introduced.,NOT_STARTED
IMP-096,WP06,3,PRD-SCORE-011,FG-AICASE,Processing must record prompt/model/rubric version identifiers so rule changes do not silently change historical records,Implement the smallest owning-module slice that satisfies: Processing must record prompt/model/rubric version identifiers so rule changes do not silently change historical records.,case-workflow/task/ai-api,backend,P0,MVP_IN,WP04;WP05;WP02,Processing must record prompt/model/rubric version identifiers so rule changes do not silently change historical records.,REQT-PRD-SCORE-011,QA-S03,TZ_AI_Tamagotchi_v1.0 (1).docx :: Appendix C,NO_RUNTIME_FLAG,NONE,Owning code/config is implemented; `REQT-PRD-SCORE-011` passes; acceptance statement is demonstrably true; lint/typecheck/affected contract tests pass. No requirement-scope expansion or unsupported assumption is introduced.,NOT_STARTED
IMP-097,WP07,3,PRD-HP-001,FG-GAME,HP range is 0–100.,Implement the smallest owning-module slice that satisfies: HP range is 0–100.,game-engine/progression,backend,P0,MVP_IN,WP02;WP06,HP range is 0–100.,REQT-PRD-HP-001,QA-S04,TZ_AI_Tamagotchi_v1.0 (1).docx :: §9.1,NO_RUNTIME_FLAG,NONE,Owning code/config is implemented; `REQT-PRD-HP-001` passes; acceptance statement is demonstrably true; lint/typecheck/affected contract tests pass. No requirement-scope expansion or unsupported assumption is introduced.,NOT_STARTED
IMP-098,WP07,3,PRD-HP-002,FG-GAME,HP 80–100 = Happy/energetic state.,Implement the smallest owning-module slice that satisfies: HP 80–100 = Happy/energetic state.,game-engine/progression,backend,P0,MVP_IN,WP02;WP06,HP 80–100 = Happy/energetic state.,REQT-PRD-HP-002,QA-S04,TZ_AI_Tamagotchi_v1.0 (1).docx :: §9.1,NO_RUNTIME_FLAG,NONE,Owning code/config is implemented; `REQT-PRD-HP-002` passes; acceptance statement is demonstrably true; lint/typecheck/affected contract tests pass. No requirement-scope expansion or unsupported assumption is introduced.,NOT_STARTED
IMP-099,WP07,3,PRD-HP-003,FG-GAME,HP 60–79 = Normal.,Implement the smallest owning-module slice that satisfies: HP 60–79 = Normal.,game-engine/progression,backend,P0,MVP_IN,WP02;WP06,HP 60–79 = Normal.,REQT-PRD-HP-003,QA-S04,TZ_AI_Tamagotchi_v1.0 (1).docx :: §9.1,NO_RUNTIME_FLAG,NONE,Owning code/config is implemented; `REQT-PRD-HP-003` passes; acceptance statement is demonstrably true; lint/typecheck/affected contract tests pass. No requirement-scope expansion or unsupported assumption is introduced.,NOT_STARTED
IMP-100,WP07,3,PRD-HP-004,FG-GAME,HP 40–59 = Bored.,Implement the smallest owning-module slice that satisfies: HP 40–59 = Bored.,game-engine/progression,backend,P0,MVP_IN,WP02;WP06,HP 40–59 = Bored.,REQT-PRD-HP-004,QA-S04,TZ_AI_Tamagotchi_v1.0 (1).docx :: §9.1,NO_RUNTIME_FLAG,NONE,Owning code/config is implemented; `REQT-PRD-HP-004` passes; acceptance statement is demonstrably true; lint/typecheck/affected contract tests pass. No requirement-scope expansion or unsupported assumption is introduced.,NOT_STARTED
IMP-101,WP07,3,PRD-HP-005,FG-GAME,HP 20–39 = Tired.,Implement the smallest owning-module slice that satisfies: HP 20–39 = Tired.,game-engine/progression,backend,P0,MVP_IN,WP02;WP06,HP 20–39 = Tired.,REQT-PRD-HP-005,QA-S04,TZ_AI_Tamagotchi_v1.0 (1).docx :: §9.1,NO_RUNTIME_FLAG,NONE,Owning code/config is implemented; `REQT-PRD-HP-005` passes; acceptance statement is demonstrably true; lint/typecheck/affected contract tests pass. No requirement-scope expansion or unsupported assumption is introduced.,NOT_STARTED
IMP-102,WP07,3,PRD-HP-006,FG-GAME,HP 1–19 = Very Weak.,Implement the smallest owning-module slice that satisfies: HP 1–19 = Very Weak.,game-engine/progression,backend,P0,MVP_IN,WP02;WP06,HP 1–19 = Very Weak.,REQT-PRD-HP-006,QA-S04,TZ_AI_Tamagotchi_v1.0 (1).docx :: §9.1,NO_RUNTIME_FLAG,NONE,Owning code/config is implemented; `REQT-PRD-HP-006` passes; acceptance statement is demonstrably true; lint/typecheck/affected contract tests pass. No requirement-scope expansion or unsupported assumption is introduced.,NOT_STARTED
IMP-103,WP07,3,PRD-HP-007,FG-GAME,HP 0 = Coma.,Implement the smallest owning-module slice that satisfies: HP 0 = Coma.,game-engine/progression,backend,P0,MVP_IN,WP02;WP06,HP 0 = Coma.,REQT-PRD-HP-007,QA-S04,TZ_AI_Tamagotchi_v1.0 (1).docx :: §9.1,NO_RUNTIME_FLAG,NONE,Owning code/config is implemented; `REQT-PRD-HP-007` passes; acceptance statement is demonstrably true; lint/typecheck/affected contract tests pass. No requirement-scope expansion or unsupported assumption is introduced.,NOT_STARTED
IMP-104,WP07,3,PRD-HP-008,FG-GAME,Business-day calculations use Saint Petersburg calendar/date with day close at 23:59.,Implement the smallest owning-module slice that satisfies: Business-day calculations use Saint Petersburg calendar/date with day close at 23:59.,game-engine/progression,backend,P0,MVP_IN,WP02;WP06,Business-day calculations use Saint Petersburg calendar/date with day close at 23:59.,REQT-PRD-HP-008,QA-S04,TZ_AI_Tamagotchi_v1.0 (1).docx :: §9.2,NO_RUNTIME_FLAG,NONE,Owning code/config is implemented; `REQT-PRD-HP-008` passes; acceptance statement is demonstrably true; lint/typecheck/affected contract tests pass. No requirement-scope expansion or unsupported assumption is introduced.,NOT_STARTED
IMP-105,WP07,3,PRD-HP-009,FG-GAME,A working day with no registered tasks applies -30 HP after day close.,Implement the smallest owning-module slice that satisfies: A working day with no registered tasks applies -30 HP after day close.,game-engine/progression,backend,P0,MVP_IN,WP02;WP06,A working day with no registered tasks applies -30 HP after day close.,REQT-PRD-HP-009,QA-S04,TZ_AI_Tamagotchi_v1.0 (1).docx :: §9.2,NO_RUNTIME_FLAG,NONE,Owning code/config is implemented; `REQT-PRD-HP-009` passes; acceptance statement is demonstrably true; lint/typecheck/affected contract tests pass. No requirement-scope expansion or unsupported assumption is introduced.,NOT_STARTED
IMP-106,WP07,3,PRD-HP-010,FG-GAME,"Daily base recovery uses the day's maximum Complexity: C1 +10, C2 +15, C3 +25, C4 +35, C5 +45.","Implement the smallest owning-module slice that satisfies: Daily base recovery uses the day's maximum Complexity: C1 +10, C2 +15, C3 +25, C4 +35, C5 +45.",game-engine/progression,backend,P0,MVP_IN,WP02;WP06,"Daily base recovery uses the day's maximum Complexity: C1 +10, C2 +15, C3 +25, C4 +35, C5 +45.",REQT-PRD-HP-010,QA-S04,TZ_AI_Tamagotchi_v1.0 (1).docx :: §9.2,NO_RUNTIME_FLAG,NONE,Owning code/config is implemented; `REQT-PRD-HP-010` passes; acceptance statement is demonstrably true; lint/typecheck/affected contract tests pass. No requirement-scope expansion or unsupported assumption is introduced.,NOT_STARTED
IMP-107,WP07,3,PRD-HP-011,FG-GAME,Each additional valid task beyond the day's maximum-Complexity task adds +2 HP; HP stays capped at 100.,Implement the smallest owning-module slice that satisfies: Each additional valid task beyond the day's maximum-Complexity task adds +2 HP; HP stays capped at 100.,game-engine/progression,backend,P0,MVP_IN,WP02;WP06,Each additional valid task beyond the day's maximum-Complexity task adds +2 HP; HP stays capped at 100.,REQT-PRD-HP-011,QA-S04,TZ_AI_Tamagotchi_v1.0 (1).docx :: §9.2,NO_RUNTIME_FLAG,NONE,Owning code/config is implemented; `REQT-PRD-HP-011` passes; acceptance statement is demonstrably true; lint/typecheck/affected contract tests pass. No requirement-scope expansion or unsupported assumption is introduced.,NOT_STARTED
IMP-108,WP07,3,PRD-HP-012,FG-GAME,"Weekends, corporate non-working days and active vacation do not change HP.","Implement the smallest owning-module slice that satisfies: Weekends, corporate non-working days and active vacation do not change HP.",game-engine/progression,backend,P0,MVP_IN,WP02;WP06,"Weekends, corporate non-working days and active vacation do not change HP.",REQT-PRD-HP-012,QA-S04,TZ_AI_Tamagotchi_v1.0 (1).docx :: §9.2,NO_RUNTIME_FLAG,NONE,Owning code/config is implemented; `REQT-PRD-HP-012` passes; acceptance statement is demonstrably true; lint/typecheck/affected contract tests pass. No requirement-scope expansion or unsupported assumption is introduced.,NOT_STARTED
IMP-109,WP07,3,PRD-HP-013,FG-GAME,At HP=0 the pet enters Coma and never permanently dies.,Implement the smallest owning-module slice that satisfies: At HP=0 the pet enters Coma and never permanently dies.,game-engine/progression,backend,P0,MVP_IN,WP02;WP06,At HP=0 the pet enters Coma and never permanently dies.,REQT-PRD-HP-013,QA-S04,TZ_AI_Tamagotchi_v1.0 (1).docx :: §9.3,NO_RUNTIME_FLAG,NONE,Owning code/config is implemented; `REQT-PRD-HP-013` passes; acceptance statement is demonstrably true; lint/typecheck/affected contract tests pass. No requirement-scope expansion or unsupported assumption is introduced.,NOT_STARTED
IMP-110,WP07,3,PRD-HP-014,FG-GAME,"Coma exit requires at least two active working days: first starts recovery, second exits to Very Weak.","Implement the smallest owning-module slice that satisfies: Coma exit requires at least two active working days: first starts recovery, second exits to Very Weak.",game-engine/progression,backend,P0,MVP_IN,WP02;WP06,"Coma exit requires at least two active working days: first starts recovery, second exits to Very Weak.",REQT-PRD-HP-014,QA-S04,TZ_AI_Tamagotchi_v1.0 (1).docx :: §9.3,NO_RUNTIME_FLAG,NONE,Owning code/config is implemented; `REQT-PRD-HP-014` passes; acceptance statement is demonstrably true; lint/typecheck/affected contract tests pass. No requirement-scope expansion or unsupported assumption is introduced.,NOT_STARTED
IMP-111,WP07,3,PRD-HP-015,FG-GAME,One C5 task cannot instantly exit Coma.,Implement the smallest owning-module slice that satisfies: One C5 task cannot instantly exit Coma.,game-engine/progression,backend,P0,MVP_IN,WP02;WP06,One C5 task cannot instantly exit Coma.,REQT-PRD-HP-015,QA-S04,TZ_AI_Tamagotchi_v1.0 (1).docx :: §9.3,NO_RUNTIME_FLAG,NONE,Owning code/config is implemented; `REQT-PRD-HP-015` passes; acceptance statement is demonstrably true; lint/typecheck/affected contract tests pass. No requirement-scope expansion or unsupported assumption is introduced.,NOT_STARTED
IMP-112,WP07,3,PRD-HP-016,FG-GAME,Employee can manually toggle vacation without retroactive effect; vacation freezes HP/streak but does not recalculate Mo,Implement the smallest owning-module slice that satisfies: Employee can manually toggle vacation without retroactive effect; vacation freezes HP/streak but does not recalculate Monthly Goals.,game-engine/progression,backend,P0,MVP_IN,WP02;WP06,Employee can manually toggle vacation without retroactive effect; vacation freezes HP/streak but does not recalculate Monthly Goals.,REQT-PRD-HP-016,QA-S04,TZ_AI_Tamagotchi_v1.0 (1).docx :: §9.4,NO_RUNTIME_FLAG,NONE,Owning code/config is implemented; `REQT-PRD-HP-016` passes; acceptance statement is demonstrably true; lint/typecheck/affected contract tests pass. No requirement-scope expansion or unsupported assumption is introduced.,NOT_STARTED
IMP-113,WP07,3,PRD-STR-001,FG-GAME,An active working day has at least one registered task and increases streak by at most 1.,Implement the smallest owning-module slice that satisfies: An active working day has at least one registered task and increases streak by at most 1.,game-engine/progression,backend,P0,MVP_IN,WP02;WP06,An active working day has at least one registered task and increases streak by at most 1.,REQT-PRD-STR-001,QA-S04,TZ_AI_Tamagotchi_v1.0 (1).docx :: §10,NO_RUNTIME_FLAG,NONE,Owning code/config is implemented; `REQT-PRD-STR-001` passes; acceptance statement is demonstrably true; lint/typecheck/affected contract tests pass. No requirement-scope expansion or unsupported assumption is introduced.,NOT_STARTED
IMP-114,WP07,3,PRD-STR-002,FG-GAME,A working day without tasks resets current streak.,Implement the smallest owning-module slice that satisfies: A working day without tasks resets current streak.,game-engine/progression,backend,P0,MVP_IN,WP02;WP06,A working day without tasks resets current streak.,REQT-PRD-STR-002,QA-S04,TZ_AI_Tamagotchi_v1.0 (1).docx :: §10,NO_RUNTIME_FLAG,NONE,Owning code/config is implemented; `REQT-PRD-STR-002` passes; acceptance statement is demonstrably true; lint/typecheck/affected contract tests pass. No requirement-scope expansion or unsupported assumption is introduced.,NOT_STARTED
IMP-115,WP07,3,PRD-STR-003,FG-GAME,"Weekends, corporate non-working days and vacation freeze streak without increasing it.","Implement the smallest owning-module slice that satisfies: Weekends, corporate non-working days and vacation freeze streak without increasing it.",game-engine/progression,backend,P0,MVP_IN,WP02;WP06,"Weekends, corporate non-working days and vacation freeze streak without increasing it.",REQT-PRD-STR-003,QA-S04,TZ_AI_Tamagotchi_v1.0 (1).docx :: §10,NO_RUNTIME_FLAG,NONE,Owning code/config is implemented; `REQT-PRD-STR-003` passes; acceptance statement is demonstrably true; lint/typecheck/affected contract tests pass. No requirement-scope expansion or unsupported assumption is introduced.,NOT_STARTED
IMP-116,WP07,3,PRD-STR-004,FG-GAME,Store current streak and personal best streak.,Implement the smallest owning-module slice that satisfies: Store current streak and personal best streak.,game-engine/progression,backend,P0,MVP_IN,WP02;WP06,Store current streak and personal best streak.,REQT-PRD-STR-004,QA-S04,TZ_AI_Tamagotchi_v1.0 (1).docx :: §10,NO_RUNTIME_FLAG,NONE,Owning code/config is implemented; `REQT-PRD-STR-004` passes; acceptance statement is demonstrably true; lint/typecheck/affected contract tests pass. No requirement-scope expansion or unsupported assumption is introduced.,NOT_STARTED
IMP-117,WP07,3,PRD-STR-005,FG-GAME,Streak XP rewards occur only on one-time lifetime milestones.,Implement the smallest owning-module slice that satisfies: Streak XP rewards occur only on one-time lifetime milestones.,game-engine/progression,backend,P0,MVP_IN,WP02;WP06,Streak XP rewards occur only on one-time lifetime milestones.,REQT-PRD-STR-005,QA-S04,TZ_AI_Tamagotchi_v1.0 (1).docx :: §10.1,NO_RUNTIME_FLAG,NONE,Owning code/config is implemented; `REQT-PRD-STR-005` passes; acceptance statement is demonstrably true; lint/typecheck/affected contract tests pass. No requirement-scope expansion or unsupported assumption is introduced.,NOT_STARTED
IMP-118,WP07,3,PRD-STR-006,FG-GAME,Working milestone baseline: days 5/10/20/40/80/160 → Evolution XP +5/+10/+20/+40/+80/+150.,Implement the smallest owning-module slice that satisfies: Working milestone baseline: days 5/10/20/40/80/160 → Evolution XP +5/+10/+20/+40/+80/+150.,game-engine/progression,backend,P0,MVP_IN,WP02;WP06,Working milestone baseline: days 5/10/20/40/80/160 → Evolution XP +5/+10/+20/+40/+80/+150.,REQT-PRD-STR-006,QA-S04,TZ_AI_Tamagotchi_v1.0 (1).docx :: §10.1,NO_RUNTIME_FLAG,NONE,Owning code/config is implemented; `REQT-PRD-STR-006` passes; acceptance statement is demonstrably true; lint/typecheck/affected contract tests pass. No requirement-scope expansion or unsupported assumption is introduced.,NOT_STARTED
IMP-119,WP07,3,PRD-EVO-001,FG-GAME,Evolution XP is irreversible lifetime progress and never decreases.,Implement the smallest owning-module slice that satisfies: Evolution XP is irreversible lifetime progress and never decreases.,game-engine/progression,backend,P0,MVP_IN,WP02;WP06,Evolution XP is irreversible lifetime progress and never decreases.,REQT-PRD-EVO-001,QA-S04,TZ_AI_Tamagotchi_v1.0 (1).docx :: §11.1,NO_RUNTIME_FLAG,NONE,Owning code/config is implemented; `REQT-PRD-EVO-001` passes; acceptance statement is demonstrably true; lint/typecheck/affected contract tests pass. No requirement-scope expansion or unsupported assumption is introduced.,NOT_STARTED
IMP-120,WP07,3,PRD-EVO-002,FG-GAME,"HP decline, Coma and annual leaderboard reset do not reduce Evolution XP or evolution stage.","Implement the smallest owning-module slice that satisfies: HP decline, Coma and annual leaderboard reset do not reduce Evolution XP or evolution stage.",game-engine/progression,backend,P0,MVP_IN,WP02;WP06,"HP decline, Coma and annual leaderboard reset do not reduce Evolution XP or evolution stage.",REQT-PRD-EVO-002,QA-S04,TZ_AI_Tamagotchi_v1.0 (1).docx :: §11.1,NO_RUNTIME_FLAG,NONE,Owning code/config is implemented; `REQT-PRD-EVO-002` passes; acceptance statement is demonstrably true; lint/typecheck/affected contract tests pass. No requirement-scope expansion or unsupported assumption is introduced.,NOT_STARTED
IMP-121,WP07,3,PRD-EVO-003,FG-GAME,Evolution XP = Lifetime Task Score + Goal XP + Streak Milestone XP + Achievement XP.,Implement the smallest owning-module slice that satisfies: Evolution XP = Lifetime Task Score + Goal XP + Streak Milestone XP + Achievement XP.,game-engine/progression,backend,P0,MVP_IN,WP02;WP06,Evolution XP = Lifetime Task Score + Goal XP + Streak Milestone XP + Achievement XP.,REQT-PRD-EVO-003,QA-S04,TZ_AI_Tamagotchi_v1.0 (1).docx :: §11.2,NO_RUNTIME_FLAG,NONE,Owning code/config is implemented; `REQT-PRD-EVO-003` passes; acceptance statement is demonstrably true; lint/typecheck/affected contract tests pass. No requirement-scope expansion or unsupported assumption is introduced.,NOT_STARTED
IMP-122,WP07,3,PRD-EVO-004,FG-GAME,Task Score converts to Evolution XP 1:1.,Implement the smallest owning-module slice that satisfies: Task Score converts to Evolution XP 1:1.,game-engine/progression,backend,P0,MVP_IN,WP02;WP06,Task Score converts to Evolution XP 1:1.,REQT-PRD-EVO-004,QA-S04,TZ_AI_Tamagotchi_v1.0 (1).docx :: §11.2,NO_RUNTIME_FLAG,NONE,Owning code/config is implemented; `REQT-PRD-EVO-004` passes; acceptance statement is demonstrably true; lint/typecheck/affected contract tests pass. No requirement-scope expansion or unsupported assumption is introduced.,NOT_STARTED
IMP-123,WP07,3,PRD-EVO-005,FG-GAME,"Working evolution threshold baseline is E1=0, E2=250, E3=750, E4=2000, E5=5000 XP.","Implement the smallest owning-module slice that satisfies: Working evolution threshold baseline is E1=0, E2=250, E3=750, E4=2000, E5=5000 XP.",game-engine/progression,backend,P0,MVP_IN,WP02;WP06,"Working evolution threshold baseline is E1=0, E2=250, E3=750, E4=2000, E5=5000 XP.",REQT-PRD-EVO-005,QA-S04,TZ_AI_Tamagotchi_v1.0 (1).docx :: §11.3,NO_RUNTIME_FLAG,NONE,Owning code/config is implemented; `REQT-PRD-EVO-005` passes; acceptance statement is demonstrably true; lint/typecheck/affected contract tests pass. No requirement-scope expansion or unsupported assumption is introduced.,NOT_STARTED
IMP-124,WP07,3,PRD-EVO-006,FG-GAME,Evolution stage names/thresholds are balance/content parameters requiring simulation before production freeze; current v,Implement the smallest owning-module slice that satisfies: Evolution stage names/thresholds are balance/content parameters requiring simulation before production freeze; current values remain baseline until explicitly changed.,game-engine/progression,backend,P0,MVP_IN,WP02;WP06,Evolution stage names/thresholds are balance/content parameters requiring simulation before production freeze; current values remain baseline until explicitly changed.,REQT-PRD-EVO-006,QA-S04,TZ_AI_Tamagotchi_v1.0 (1).docx :: §11.3,NO_RUNTIME_FLAG,NONE,Owning code/config is implemented; `REQT-PRD-EVO-006` passes; acceptance statement is demonstrably true; lint/typecheck/affected contract tests pass. No requirement-scope expansion or unsupported assumption is introduced.,NOT_STARTED
IMP-125,WP07,3,PRD-EVO-007,FG-GAME,"Evolution branch mechanics remain part of product logic, while final branch-specific visual art is not production-frozen","Implement the smallest owning-module slice that satisfies: Evolution branch mechanics remain part of product logic, while final branch-specific visual art is not production-frozen.",game-engine/progression,backend,P0_BASELINE_DEFERRED_FREEZE,MVP_IN_BASELINE_WITH_DEFERRED_FREEZE,WP02;WP06,"Evolution branch mechanics remain part of product logic, while final branch-specific visual art is not production-frozen.",REQT-PRD-EVO-007,QA-S04,AI_TAMAGOTCHI_VISUAL_PACKAGE_v1.0/00_README/OPEN_DECISIONS_FINAL.md :: §11,asset.evolutionBranchArtAvailable,FINAL_FREEZE_TUNING_OR_CURRENT_BASELINE,Owning code/config is implemented; `REQT-PRD-EVO-007` passes; acceptance statement is demonstrably true; lint/typecheck/affected contract tests pass. Current safe baseline/fallback is complete; any final numeric/art freeze remains separately visible rather than guessed.,NOT_STARTED
IMP-126,WP08,4,PRD-GOAL-001,FG-GOALS,Monthly Goal setup is mandatory when the monthly setup gate is active and blocks main-interface entry until complete.,Implement the smallest owning-module slice that satisfies: Monthly Goal setup is mandatory when the monthly setup gate is active and blocks main-interface entry until complete.,goals,backend,P0,MVP_IN,WP02;WP06;WP07,Monthly Goal setup is mandatory when the monthly setup gate is active and blocks main-interface entry until complete.,REQT-PRD-GOAL-001,QA-S05,TZ_AI_Tamagotchi_v1.0 (1).docx :: §12.1,NO_RUNTIME_FLAG,NONE,Owning code/config is implemented; `REQT-PRD-GOAL-001` passes; acceptance statement is demonstrably true; lint/typecheck/affected contract tests pass. No requirement-scope expansion or unsupported assumption is introduced.,NOT_STARTED
IMP-127,WP08,4,PRD-GOAL-002,FG-GOALS,System generates exactly five personalized measurable goal options; employee selects two.,Implement the smallest owning-module slice that satisfies: System generates exactly five personalized measurable goal options; employee selects two.,goals,backend,P0,MVP_IN,WP02;WP06;WP07,System generates exactly five personalized measurable goal options; employee selects two.,REQT-PRD-GOAL-002,QA-S05,TZ_AI_Tamagotchi_v1.0 (1).docx :: §12.1,NO_RUNTIME_FLAG,NONE,Owning code/config is implemented; `REQT-PRD-GOAL-002` passes; acceptance statement is demonstrably true; lint/typecheck/affected contract tests pass. No requirement-scope expansion or unsupported assumption is introduced.,NOT_STARTED
IMP-128,WP08,4,PRD-GOAL-003,FG-GOALS,System assigns the third goal automatically; it cannot be replaced or rejected.,Implement the smallest owning-module slice that satisfies: System assigns the third goal automatically; it cannot be replaced or rejected.,goals,backend,P0,MVP_IN,WP02;WP06;WP07,System assigns the third goal automatically; it cannot be replaced or rejected.,REQT-PRD-GOAL-003,QA-S05,TZ_AI_Tamagotchi_v1.0 (1).docx :: §12.1,NO_RUNTIME_FLAG,NONE,Owning code/config is implemented; `REQT-PRD-GOAL-003` passes; acceptance statement is demonstrably true; lint/typecheck/affected contract tests pass. No requirement-scope expansion or unsupported assumption is introduced.,NOT_STARTED
IMP-129,WP08,4,PRD-GOAL-004,FG-GOALS,Personalization uses employee history; for a new employee only available context/universal assumptions may be used witho,Implement the smallest owning-module slice that satisfies: Personalization uses employee history; for a new employee only available context/universal assumptions may be used without inventing experience.,goals,backend,P0,MVP_IN,WP02;WP06;WP07,Personalization uses employee history; for a new employee only available context/universal assumptions may be used without inventing experience.,REQT-PRD-GOAL-004,QA-S05,TZ_AI_Tamagotchi_v1.0 (1).docx :: §12.1,NO_RUNTIME_FLAG,NONE,Owning code/config is implemented; `REQT-PRD-GOAL-004` passes; acceptance statement is demonstrably true; lint/typecheck/affected contract tests pass. No requirement-scope expansion or unsupported assumption is introduced.,NOT_STARTED
IMP-130,WP08,4,PRD-GOAL-005,FG-GOALS,First authorization mid-month triggers immediate goal setup without proration.,Implement the smallest owning-module slice that satisfies: First authorization mid-month triggers immediate goal setup without proration.,goals,backend,P0,MVP_IN,WP02;WP06;WP07,First authorization mid-month triggers immediate goal setup without proration.,REQT-PRD-GOAL-005,QA-S05,TZ_AI_Tamagotchi_v1.0 (1).docx :: §12.1,NO_RUNTIME_FLAG,NONE,Owning code/config is implemented; `REQT-PRD-GOAL-005` passes; acceptance statement is demonstrably true; lint/typecheck/affected contract tests pass. No requirement-scope expansion or unsupported assumption is introduced.,NOT_STARTED
IMP-131,WP08,4,PRD-GOAL-006,FG-GOALS,Each human-readable goal has a machine-readable rule executable by backend logic.,Implement the smallest owning-module slice that satisfies: Each human-readable goal has a machine-readable rule executable by backend logic.,goals,backend,P0,MVP_IN,WP02;WP06;WP07,Each human-readable goal has a machine-readable rule executable by backend logic.,REQT-PRD-GOAL-006,QA-S05,TZ_AI_Tamagotchi_v1.0 (1).docx :: §12.2,NO_RUNTIME_FLAG,NONE,Owning code/config is implemented; `REQT-PRD-GOAL-006` passes; acceptance statement is demonstrably true; lint/typecheck/affected contract tests pass. No requirement-scope expansion or unsupported assumption is introduced.,NOT_STARTED
IMP-132,WP08,4,PRD-GOAL-007,FG-GOALS,The system is not required to explain why the mandatory third goal was assigned.,Implement the smallest owning-module slice that satisfies: The system is not required to explain why the mandatory third goal was assigned.,goals,backend,P0,MVP_IN,WP02;WP06;WP07,The system is not required to explain why the mandatory third goal was assigned.,REQT-PRD-GOAL-007,QA-S05,TZ_AI_Tamagotchi_v1.0 (1).docx :: §12.2,NO_RUNTIME_FLAG,NONE,Owning code/config is implemented; `REQT-PRD-GOAL-007` passes; acceptance statement is demonstrably true; lint/typecheck/affected contract tests pass. No requirement-scope expansion or unsupported assumption is introduced.,NOT_STARTED
IMP-133,WP08,4,PRD-GOAL-008,FG-GOALS,Each new task is automatically matched against active goals; one task may advance multiple goals.,Implement the smallest owning-module slice that satisfies: Each new task is automatically matched against active goals; one task may advance multiple goals.,goals,backend,P0,MVP_IN,WP02;WP06;WP07,Each new task is automatically matched against active goals; one task may advance multiple goals.,REQT-PRD-GOAL-008,QA-S05,TZ_AI_Tamagotchi_v1.0 (1).docx :: §12.3,NO_RUNTIME_FLAG,NONE,Owning code/config is implemented; `REQT-PRD-GOAL-008` passes; acceptance statement is demonstrably true; lint/typecheck/affected contract tests pass. No requirement-scope expansion or unsupported assumption is introduced.,NOT_STARTED
IMP-134,WP08,4,PRD-GOAL-009,FG-GOALS,Goal progress updates in real time and reaching target immediately marks the goal complete.,Implement the smallest owning-module slice that satisfies: Goal progress updates in real time and reaching target immediately marks the goal complete.,goals,backend,P0,MVP_IN,WP02;WP06;WP07,Goal progress updates in real time and reaching target immediately marks the goal complete.,REQT-PRD-GOAL-009,QA-S05,TZ_AI_Tamagotchi_v1.0 (1).docx :: §12.3,NO_RUNTIME_FLAG,NONE,Owning code/config is implemented; `REQT-PRD-GOAL-009` passes; acceptance statement is demonstrably true; lint/typecheck/affected contract tests pass. No requirement-scope expansion or unsupported assumption is introduced.,NOT_STARTED
IMP-135,WP08,4,PRD-GOAL-010,FG-GOALS,Overachievement provides no additional goal bonus.,Implement the smallest owning-module slice that satisfies: Overachievement provides no additional goal bonus.,goals,backend,P0,MVP_IN,WP02;WP06;WP07,Overachievement provides no additional goal bonus.,REQT-PRD-GOAL-010,QA-S05,TZ_AI_Tamagotchi_v1.0 (1).docx :: §12.3,NO_RUNTIME_FLAG,NONE,Owning code/config is implemented; `REQT-PRD-GOAL-010` passes; acceptance statement is demonstrably true; lint/typecheck/affected contract tests pass. No requirement-scope expansion or unsupported assumption is introduced.,NOT_STARTED
IMP-136,WP08,4,PRD-GOAL-011,FG-GOALS,"Vacation does not reduce goal thresholds, extend the period or penalize failure.","Implement the smallest owning-module slice that satisfies: Vacation does not reduce goal thresholds, extend the period or penalize failure.",goals,backend,P0,MVP_IN,WP02;WP06;WP07,"Vacation does not reduce goal thresholds, extend the period or penalize failure.",REQT-PRD-GOAL-011,QA-S05,TZ_AI_Tamagotchi_v1.0 (1).docx :: §12.3,NO_RUNTIME_FLAG,NONE,Owning code/config is implemented; `REQT-PRD-GOAL-011` passes; acceptance statement is demonstrably true; lint/typecheck/affected contract tests pass. No requirement-scope expansion or unsupported assumption is introduced.,NOT_STARTED
IMP-137,WP08,4,PRD-GOAL-012,FG-GOALS,Previous month closes on the first working day of the new month; bonuses and Monthly Recap are generated then.,Implement the smallest owning-module slice that satisfies: Previous month closes on the first working day of the new month; bonuses and Monthly Recap are generated then.,goals,backend,P0,MVP_IN,WP02;WP06;WP07,Previous month closes on the first working day of the new month; bonuses and Monthly Recap are generated then.,REQT-PRD-GOAL-012,QA-S05,TZ_AI_Tamagotchi_v1.0 (1).docx :: §12.4,NO_RUNTIME_FLAG,NONE,Owning code/config is implemented; `REQT-PRD-GOAL-012` passes; acceptance statement is demonstrably true; lint/typecheck/affected contract tests pass. No requirement-scope expansion or unsupported assumption is introduced.,NOT_STARTED
IMP-138,WP08,4,PRD-GOAL-013,FG-GOALS,Working Annual Score reward baseline is +15 per completed goal plus +15 for all three.,Implement the smallest owning-module slice that satisfies: Working Annual Score reward baseline is +15 per completed goal plus +15 for all three.,goals,backend,P0,MVP_IN,WP02;WP06;WP07,Working Annual Score reward baseline is +15 per completed goal plus +15 for all three.,REQT-PRD-GOAL-013,QA-S05,TZ_AI_Tamagotchi_v1.0 (1).docx :: §12.4,NO_RUNTIME_FLAG,NONE,Owning code/config is implemented; `REQT-PRD-GOAL-013` passes; acceptance statement is demonstrably true; lint/typecheck/affected contract tests pass. No requirement-scope expansion or unsupported assumption is introduced.,NOT_STARTED
IMP-139,WP08,4,PRD-GOAL-014,FG-GOALS,"Working Evolution XP reward baseline is +10 per completed goal plus +10 for all three, max 40 goal XP/month.","Implement the smallest owning-module slice that satisfies: Working Evolution XP reward baseline is +10 per completed goal plus +10 for all three, max 40 goal XP/month.",goals,backend,P0,MVP_IN,WP02;WP06;WP07,"Working Evolution XP reward baseline is +10 per completed goal plus +10 for all three, max 40 goal XP/month.",REQT-PRD-GOAL-014,QA-S05,TZ_AI_Tamagotchi_v1.0 (1).docx :: §12.4,NO_RUNTIME_FLAG,NONE,Owning code/config is implemented; `REQT-PRD-GOAL-014` passes; acceptance statement is demonstrably true; lint/typecheck/affected contract tests pass. No requirement-scope expansion or unsupported assumption is introduced.,NOT_STARTED
IMP-140,WP08,4,PRD-GOAL-015,FG-GOALS,Goal reward values remain current balance baselines until Stage 7 validation/configuration; do not silently change them.,Implement the smallest owning-module slice that satisfies: Goal reward values remain current balance baselines until Stage 7 validation/configuration; do not silently change them.,goals,backend,P0,MVP_IN,WP02;WP06;WP07,Goal reward values remain current balance baselines until Stage 7 validation/configuration; do not silently change them.,REQT-PRD-GOAL-015,QA-S05,TZ_AI_Tamagotchi_v1.0 (1).docx :: §12.4; §29,NO_RUNTIME_FLAG,NONE,Owning code/config is implemented; `REQT-PRD-GOAL-015` passes; acceptance statement is demonstrably true; lint/typecheck/affected contract tests pass. No requirement-scope expansion or unsupported assumption is introduced.,NOT_STARTED
IMP-141,WP09,4,PRD-RANK-001,FG-RATING,Individual public leaderboard is based on Annual Score for the current calendar year.,Implement the smallest owning-module slice that satisfies: Individual public leaderboard is based on Annual Score for the current calendar year.,rankings/profile/privacy,backend,P0,MVP_IN,WP02;WP04;WP07;WP08,Individual public leaderboard is based on Annual Score for the current calendar year.,REQT-PRD-RANK-001,QA-S06,TZ_AI_Tamagotchi_v1.0 (1).docx :: §13.1,NO_RUNTIME_FLAG,NONE,Owning code/config is implemented; `REQT-PRD-RANK-001` passes; acceptance statement is demonstrably true; lint/typecheck/affected contract tests pass. No requirement-scope expansion or unsupported assumption is introduced.,NOT_STARTED
IMP-142,WP09,4,PRD-RANK-002,FG-RATING,"Annual Score/current leaderboard reset January 1; pet, HP, Evolution XP, history, achievements and cosmetics persist.","Implement the smallest owning-module slice that satisfies: Annual Score/current leaderboard reset January 1; pet, HP, Evolution XP, history, achievements and cosmetics persist.",rankings/profile/privacy,backend,P0,MVP_IN,WP02;WP04;WP07;WP08,"Annual Score/current leaderboard reset January 1; pet, HP, Evolution XP, history, achievements and cosmetics persist.",REQT-PRD-RANK-002,QA-S06,TZ_AI_Tamagotchi_v1.0 (1).docx :: §13.1,NO_RUNTIME_FLAG,NONE,Owning code/config is implemented; `REQT-PRD-RANK-002` passes; acceptance statement is demonstrably true; lint/typecheck/affected contract tests pass. No requirement-scope expansion or unsupported assumption is introduced.,NOT_STARTED
IMP-143,WP09,4,PRD-RANK-003,FG-RATING,Past-year top employees may retain visual status badges/cosmetics without gameplay advantage.,Implement the smallest owning-module slice that satisfies: Past-year top employees may retain visual status badges/cosmetics without gameplay advantage.,rankings/profile/privacy,backend,P0,MVP_IN,WP02;WP04;WP07;WP08,Past-year top employees may retain visual status badges/cosmetics without gameplay advantage.,REQT-PRD-RANK-003,QA-S06,TZ_AI_Tamagotchi_v1.0 (1).docx :: §13.1,NO_RUNTIME_FLAG,NONE,Owning code/config is implemented; `REQT-PRD-RANK-003` passes; acceptance statement is demonstrably true; lint/typecheck/affected contract tests pass. No requirement-scope expansion or unsupported assumption is introduced.,NOT_STARTED
IMP-144,WP09,4,PRD-RANK-004,FG-RATING,"Mandatory public employee fields include rank, name, Annual Score, pet appearance and prior-year status rewards.","Implement the smallest owning-module slice that satisfies: Mandatory public employee fields include rank, name, Annual Score, pet appearance and prior-year status rewards.",rankings/profile/privacy,backend,P0,MVP_IN,WP02;WP04;WP07;WP08,"Mandatory public employee fields include rank, name, Annual Score, pet appearance and prior-year status rewards.",REQT-PRD-RANK-004,QA-S06,TZ_AI_Tamagotchi_v1.0 (1).docx :: §13.1,NO_RUNTIME_FLAG,NONE,Owning code/config is implemented; `REQT-PRD-RANK-004` passes; acceptance statement is demonstrably true; lint/typecheck/affected contract tests pass. No requirement-scope expansion or unsupported assumption is introduced.,NOT_STARTED
IMP-145,WP09,4,PRD-RANK-005,FG-RATING,Directorate ranking uses Average Directorate Score based on annual directorate task/goal points and authorized employee ,Implement the smallest owning-module slice that satisfies: Directorate ranking uses Average Directorate Score based on annual directorate task/goal points and authorized employee denominator as defined by Product semantics.,rankings/profile/privacy,backend,P0,MVP_IN,WP02;WP04;WP07;WP08,Directorate ranking uses Average Directorate Score based on annual directorate task/goal points and authorized employee denominator as defined by Product semantics.,REQT-PRD-RANK-005,QA-S06,TZ_AI_Tamagotchi_v1.0 (1).docx :: §13.2,NO_RUNTIME_FLAG,NONE,Owning code/config is implemented; `REQT-PRD-RANK-005` passes; acceptance statement is demonstrably true; lint/typecheck/affected contract tests pass. No requirement-scope expansion or unsupported assumption is introduced.,NOT_STARTED
IMP-146,WP09,4,PRD-RANK-006,FG-RATING,"Directorate card exposes rank, Average Score, Total Score and authorized employee count.","Implement the smallest owning-module slice that satisfies: Directorate card exposes rank, Average Score, Total Score and authorized employee count.",rankings/profile/privacy,backend,P0,MVP_IN,WP02;WP04;WP07;WP08,"Directorate card exposes rank, Average Score, Total Score and authorized employee count.",REQT-PRD-RANK-006,QA-S06,TZ_AI_Tamagotchi_v1.0 (1).docx :: §13.2,NO_RUNTIME_FLAG,NONE,Owning code/config is implemented; `REQT-PRD-RANK-006` passes; acceptance statement is demonstrably true; lint/typecheck/affected contract tests pass. No requirement-scope expansion or unsupported assumption is introduced.,NOT_STARTED
IMP-147,WP09,4,PRD-RANK-007,FG-RATING,Directorate card includes internal employee leaderboard; profile detail respects peer privacy level.,Implement the smallest owning-module slice that satisfies: Directorate card includes internal employee leaderboard; profile detail respects peer privacy level.,rankings/profile/privacy,backend,P0,MVP_IN,WP02;WP04;WP07;WP08,Directorate card includes internal employee leaderboard; profile detail respects peer privacy level.,REQT-PRD-RANK-007,QA-S06,TZ_AI_Tamagotchi_v1.0 (1).docx :: §13.2,NO_RUNTIME_FLAG,NONE,Owning code/config is implemented; `REQT-PRD-RANK-007` passes; acceptance statement is demonstrably true; lint/typecheck/affected contract tests pass. No requirement-scope expansion or unsupported assumption is introduced.,NOT_STARTED
IMP-148,WP09,4,PRD-RANK-008,FG-RATING,Each task/version preserves directorate_id_at_task_time; pre-transfer points remain attributed historically.,Implement the smallest owning-module slice that satisfies: Each task/version preserves directorate_id_at_task_time; pre-transfer points remain attributed historically.,rankings/profile/privacy,backend,P0,MVP_IN,WP02;WP04;WP07;WP08,Each task/version preserves directorate_id_at_task_time; pre-transfer points remain attributed historically.,REQT-PRD-RANK-008,QA-S06,TZ_AI_Tamagotchi_v1.0 (1).docx :: §13.3,NO_RUNTIME_FLAG,NONE,Owning code/config is implemented; `REQT-PRD-RANK-008` passes; acceptance statement is demonstrably true; lint/typecheck/affected contract tests pass. No requirement-scope expansion or unsupported assumption is introduced.,NOT_STARTED
IMP-149,WP09,4,PRD-RANK-009,FG-RATING,Terminated employees leave current individual ranking/current denominator while historical analytics remain.,Implement the smallest owning-module slice that satisfies: Terminated employees leave current individual ranking/current denominator while historical analytics remain.,rankings/profile/privacy,backend,P0,MVP_IN,WP02;WP04;WP07;WP08,Terminated employees leave current individual ranking/current denominator while historical analytics remain.,REQT-PRD-RANK-009,QA-S06,TZ_AI_Tamagotchi_v1.0 (1).docx :: §13.3,NO_RUNTIME_FLAG,NONE,Owning code/config is implemented; `REQT-PRD-RANK-009` passes; acceptance statement is demonstrably true; lint/typecheck/affected contract tests pass. No requirement-scope expansion or unsupported assumption is introduced.,NOT_STARTED
IMP-150,WP09,4,PRD-RANK-010,FG-RATING,Admin can hide terminated/inactive profiles without deleting history.,Implement the smallest owning-module slice that satisfies: Admin can hide terminated/inactive profiles without deleting history.,rankings/profile/privacy,backend,P0,MVP_IN,WP02;WP04;WP07;WP08,Admin can hide terminated/inactive profiles without deleting history.,REQT-PRD-RANK-010,QA-S06,TZ_AI_Tamagotchi_v1.0 (1).docx :: §13.3,NO_RUNTIME_FLAG,NONE,Owning code/config is implemented; `REQT-PRD-RANK-010` passes; acceptance statement is demonstrably true; lint/typecheck/affected contract tests pass. No requirement-scope expansion or unsupported assumption is introduced.,NOT_STARTED
IMP-151,WP09,4,PRD-PRIV-001,FG-RATING,"Peer privacy levels are Closed, Standard (default) and Open.","Implement the smallest owning-module slice that satisfies: Peer privacy levels are Closed, Standard (default) and Open.",rankings/profile/privacy,backend,P0,MVP_IN,WP02;WP04;WP07;WP08,"Peer privacy levels are Closed, Standard (default) and Open.",REQT-PRD-PRIV-001,QA-S06,TZ_AI_Tamagotchi_v1.0 (1).docx :: §14,NO_RUNTIME_FLAG,NONE,Owning code/config is implemented; `REQT-PRD-PRIV-001` passes; acceptance statement is demonstrably true; lint/typecheck/affected contract tests pass. No requirement-scope expansion or unsupported assumption is introduced.,NOT_STARTED
IMP-152,WP09,4,PRD-PRIV-002,FG-RATING,Closed exposes only mandatory public fields.,Implement the smallest owning-module slice that satisfies: Closed exposes only mandatory public fields.,rankings/profile/privacy,backend,P0,MVP_IN,WP02;WP04;WP07;WP08,Closed exposes only mandatory public fields.,REQT-PRD-PRIV-002,QA-S06,TZ_AI_Tamagotchi_v1.0 (1).docx :: §14,NO_RUNTIME_FLAG,NONE,Owning code/config is implemented; `REQT-PRD-PRIV-002` passes; acceptance statement is demonstrably true; lint/typecheck/affected contract tests pass. No requirement-scope expansion or unsupported assumption is introduced.,NOT_STARTED
IMP-153,WP09,4,PRD-PRIV-003,FG-RATING,"Standard adds approved aggregates such as task count, complexity distribution, streak, goals, achievements and AI tools.","Implement the smallest owning-module slice that satisfies: Standard adds approved aggregates such as task count, complexity distribution, streak, goals, achievements and AI tools.",rankings/profile/privacy,backend,P0,MVP_IN,WP02;WP04;WP07;WP08,"Standard adds approved aggregates such as task count, complexity distribution, streak, goals, achievements and AI tools.",REQT-PRD-PRIV-003,QA-S06,TZ_AI_Tamagotchi_v1.0 (1).docx :: §14,NO_RUNTIME_FLAG,NONE,Owning code/config is implemented; `REQT-PRD-PRIV-003` passes; acceptance statement is demonstrably true; lint/typecheck/affected contract tests pass. No requirement-scope expansion or unsupported assumption is introduced.,NOT_STARTED
IMP-154,WP09,4,PRD-PRIV-004,FG-RATING,"Open additionally exposes normalized AI-case description, tool(s), Complexity and score.","Implement the smallest owning-module slice that satisfies: Open additionally exposes normalized AI-case description, tool(s), Complexity and score.",rankings/profile/privacy,backend,P0,MVP_IN,WP02;WP04;WP07;WP08,"Open additionally exposes normalized AI-case description, tool(s), Complexity and score.",REQT-PRD-PRIV-004,QA-S06,TZ_AI_Tamagotchi_v1.0 (1).docx :: §14,NO_RUNTIME_FLAG,NONE,Owning code/config is implemented; `REQT-PRD-PRIV-004` passes; acceptance statement is demonstrably true; lint/typecheck/affected contract tests pass. No requirement-scope expansion or unsupported assumption is introduced.,NOT_STARTED
IMP-155,WP09,4,PRD-PRIV-005,FG-RATING,"Raw input, clarification log and task links are never exposed to peers, including Open privacy.","Implement the smallest owning-module slice that satisfies: Raw input, clarification log and task links are never exposed to peers, including Open privacy.",rankings/profile/privacy,backend,P0,MVP_IN,WP02;WP04;WP07;WP08,"Raw input, clarification log and task links are never exposed to peers, including Open privacy.",REQT-PRD-PRIV-005,QA-S06,TZ_AI_Tamagotchi_v1.0 (1).docx :: §14,NO_RUNTIME_FLAG,NONE,Owning code/config is implemented; `REQT-PRD-PRIV-005` passes; acceptance statement is demonstrably true; lint/typecheck/affected contract tests pass. No requirement-scope expansion or unsupported assumption is introduced.,NOT_STARTED
IMP-156,WP09,4,PRD-PRIV-006,FG-RATING,Employee may change privacy at any time; the change applies immediately.,Implement the smallest owning-module slice that satisfies: Employee may change privacy at any time; the change applies immediately.,rankings/profile/privacy,backend,P0,MVP_IN,WP02;WP04;WP07;WP08,Employee may change privacy at any time; the change applies immediately.,REQT-PRD-PRIV-006,QA-S06,TZ_AI_Tamagotchi_v1.0 (1).docx :: §14,NO_RUNTIME_FLAG,NONE,Owning code/config is implemented; `REQT-PRD-PRIV-006` passes; acceptance statement is demonstrably true; lint/typecheck/affected contract tests pass. No requirement-scope expansion or unsupported assumption is introduced.,NOT_STARTED
IMP-157,WP09,4,PRD-PRIV-007,FG-RATING,Peer privacy does not restrict authorized Director/Executive/Admin scope.,Implement the smallest owning-module slice that satisfies: Peer privacy does not restrict authorized Director/Executive/Admin scope.,rankings/profile/privacy,backend,P0,MVP_IN,WP02;WP04;WP07;WP08,Peer privacy does not restrict authorized Director/Executive/Admin scope.,REQT-PRD-PRIV-007,QA-S06,TZ_AI_Tamagotchi_v1.0 (1).docx :: §14,NO_RUNTIME_FLAG,NONE,Owning code/config is implemented; `REQT-PRD-PRIV-007` passes; acceptance statement is demonstrably true; lint/typecheck/affected contract tests pass. No requirement-scope expansion or unsupported assumption is introduced.,NOT_STARTED
IMP-158,WP12,5,PRD-DASH-001,FG-EMPLOYEE,Personal Dashboard includes Annual Score.,Implement the smallest owning-module slice that satisfies: Personal Dashboard includes Annual Score.,web-employee,frontend,P0,MVP_IN,WP04;WP06;WP07;WP08;WP09;WP10;WP11,Personal Dashboard includes Annual Score.,REQT-PRD-DASH-001,QA-S07,TZ_AI_Tamagotchi_v1.0 (1).docx :: §15.1,NO_RUNTIME_FLAG,NONE,Owning code/config is implemented; `REQT-PRD-DASH-001` passes; acceptance statement is demonstrably true; lint/typecheck/affected contract tests pass. No requirement-scope expansion or unsupported assumption is introduced.,NOT_STARTED
IMP-159,WP12,5,PRD-DASH-002,FG-EMPLOYEE,Personal Dashboard includes Lifetime Task Score / Evolution XP.,Implement the smallest owning-module slice that satisfies: Personal Dashboard includes Lifetime Task Score / Evolution XP.,web-employee,frontend,P0,MVP_IN,WP04;WP06;WP07;WP08;WP09;WP10;WP11,Personal Dashboard includes Lifetime Task Score / Evolution XP.,REQT-PRD-DASH-002,QA-S07,TZ_AI_Tamagotchi_v1.0 (1).docx :: §15.1,NO_RUNTIME_FLAG,NONE,Owning code/config is implemented; `REQT-PRD-DASH-002` passes; acceptance statement is demonstrably true; lint/typecheck/affected contract tests pass. No requirement-scope expansion or unsupported assumption is introduced.,NOT_STARTED
IMP-160,WP12,5,PRD-DASH-003,FG-EMPLOYEE,"Personal Dashboard includes task count, Complexity distribution and average Complexity.","Implement the smallest owning-module slice that satisfies: Personal Dashboard includes task count, Complexity distribution and average Complexity.",web-employee,frontend,P0,MVP_IN,WP04;WP06;WP07;WP08;WP09;WP10;WP11,"Personal Dashboard includes task count, Complexity distribution and average Complexity.",REQT-PRD-DASH-003,QA-S07,TZ_AI_Tamagotchi_v1.0 (1).docx :: §15.1,NO_RUNTIME_FLAG,NONE,Owning code/config is implemented; `REQT-PRD-DASH-003` passes; acceptance statement is demonstrably true; lint/typecheck/affected contract tests pass. No requirement-scope expansion or unsupported assumption is introduced.,NOT_STARTED
IMP-161,WP12,5,PRD-DASH-004,FG-EMPLOYEE,Personal Dashboard includes AI-active days and current/best streak.,Implement the smallest owning-module slice that satisfies: Personal Dashboard includes AI-active days and current/best streak.,web-employee,frontend,P0,MVP_IN,WP04;WP06;WP07;WP08;WP09;WP10;WP11,Personal Dashboard includes AI-active days and current/best streak.,REQT-PRD-DASH-004,QA-S07,TZ_AI_Tamagotchi_v1.0 (1).docx :: §15.1,NO_RUNTIME_FLAG,NONE,Owning code/config is implemented; `REQT-PRD-DASH-004` passes; acceptance statement is demonstrably true; lint/typecheck/affected contract tests pass. No requirement-scope expansion or unsupported assumption is introduced.,NOT_STARTED
IMP-162,WP12,5,PRD-DASH-005,FG-EMPLOYEE,Personal Dashboard includes Monthly Goals progress.,Implement the smallest owning-module slice that satisfies: Personal Dashboard includes Monthly Goals progress.,web-employee,frontend,P0,MVP_IN,WP04;WP06;WP07;WP08;WP09;WP10;WP11,Personal Dashboard includes Monthly Goals progress.,REQT-PRD-DASH-005,QA-S07,TZ_AI_Tamagotchi_v1.0 (1).docx :: §15.1,NO_RUNTIME_FLAG,NONE,Owning code/config is implemented; `REQT-PRD-DASH-005` passes; acceptance statement is demonstrably true; lint/typecheck/affected contract tests pass. No requirement-scope expansion or unsupported assumption is introduced.,NOT_STARTED
IMP-163,WP12,5,PRD-DASH-006,FG-EMPLOYEE,Personal Dashboard includes AI Tools usage and category/subcategory breakdown.,Implement the smallest owning-module slice that satisfies: Personal Dashboard includes AI Tools usage and category/subcategory breakdown.,web-employee,frontend,P0,MVP_IN,WP04;WP06;WP07;WP08;WP09;WP10;WP11,Personal Dashboard includes AI Tools usage and category/subcategory breakdown.,REQT-PRD-DASH-006,QA-S07,TZ_AI_Tamagotchi_v1.0 (1).docx :: §15.1,NO_RUNTIME_FLAG,NONE,Owning code/config is implemented; `REQT-PRD-DASH-006` passes; acceptance statement is demonstrably true; lint/typecheck/affected contract tests pass. No requirement-scope expansion or unsupported assumption is introduced.,NOT_STARTED
IMP-164,WP12,5,PRD-DASH-007,FG-EMPLOYEE,"Personal Dashboard includes activity trend, pet state/evolution and earned achievements/cosmetics.","Implement the smallest owning-module slice that satisfies: Personal Dashboard includes activity trend, pet state/evolution and earned achievements/cosmetics.",web-employee,frontend,P0,MVP_IN,WP04;WP06;WP07;WP08;WP09;WP10;WP11,"Personal Dashboard includes activity trend, pet state/evolution and earned achievements/cosmetics.",REQT-PRD-DASH-007,QA-S07,TZ_AI_Tamagotchi_v1.0 (1).docx :: §15.1,NO_RUNTIME_FLAG,NONE,Owning code/config is implemented; `REQT-PRD-DASH-007` passes; acceptance statement is demonstrably true; lint/typecheck/affected contract tests pass. No requirement-scope expansion or unsupported assumption is introduced.,NOT_STARTED
IMP-165,WP12,5,PRD-DASH-008,FG-EMPLOYEE,Benchmark comparison metrics do not generate points.,Implement the smallest owning-module slice that satisfies: Benchmark comparison metrics do not generate points.,web-employee,frontend,P0,MVP_IN,WP04;WP06;WP07;WP08;WP09;WP10;WP11,Benchmark comparison metrics do not generate points.,REQT-PRD-DASH-008,QA-S07,TZ_AI_Tamagotchi_v1.0 (1).docx :: §15.2,NO_RUNTIME_FLAG,NONE,Owning code/config is implemented; `REQT-PRD-DASH-008` passes; acceptance statement is demonstrably true; lint/typecheck/affected contract tests pass. No requirement-scope expansion or unsupported assumption is introduced.,NOT_STARTED
IMP-166,WP12,5,PRD-HIST-001,FG-EMPLOYEE,History has separate Tasks and Events views.,Implement the smallest owning-module slice that satisfies: History has separate Tasks and Events views.,web-employee,frontend,P0,MVP_IN,WP04;WP06;WP07;WP08;WP09;WP10;WP11,History has separate Tasks and Events views.,REQT-PRD-HIST-001,QA-S07,TZ_AI_Tamagotchi_v1.0 (1).docx :: §15.3,NO_RUNTIME_FLAG,NONE,Owning code/config is implemented; `REQT-PRD-HIST-001` passes; acceptance statement is demonstrably true; lint/typecheck/affected contract tests pass. No requirement-scope expansion or unsupported assumption is introduced.,NOT_STARTED
IMP-167,WP12,5,PRD-HIST-002,FG-EMPLOYEE,"Task history supports search and filters for period, Complexity, tool, taxonomy, Monthly Goal, status and score.","Implement the smallest owning-module slice that satisfies: Task history supports search and filters for period, Complexity, tool, taxonomy, Monthly Goal, status and score.",web-employee,frontend,P0,MVP_IN,WP04;WP06;WP07;WP08;WP09;WP10;WP11,"Task history supports search and filters for period, Complexity, tool, taxonomy, Monthly Goal, status and score.",REQT-PRD-HIST-002,QA-S07,TZ_AI_Tamagotchi_v1.0 (1).docx :: §15.3,NO_RUNTIME_FLAG,NONE,Owning code/config is implemented; `REQT-PRD-HIST-002` passes; acceptance statement is demonstrably true; lint/typecheck/affected contract tests pass. No requirement-scope expansion or unsupported assumption is introduced.,NOT_STARTED
IMP-168,WP12,5,PRD-HIST-003,FG-EMPLOYEE,"Event history covers key progress events including Score/XP, goals, streak, evolution, achievements/cosmetics, significa","Implement the smallest owning-module slice that satisfies: Event history covers key progress events including Score/XP, goals, streak, evolution, achievements/cosmetics, significant HP transitions, coma/recovery and vacation toggles.",web-employee,frontend,P0,MVP_IN,WP04;WP06;WP07;WP08;WP09;WP10;WP11,"Event history covers key progress events including Score/XP, goals, streak, evolution, achievements/cosmetics, significant HP transitions, coma/recovery and vacation toggles.",REQT-PRD-HIST-003,QA-S07,TZ_AI_Tamagotchi_v1.0 (1).docx :: §15.3,NO_RUNTIME_FLAG,NONE,Owning code/config is implemented; `REQT-PRD-HIST-003` passes; acceptance statement is demonstrably true; lint/typecheck/affected contract tests pass. No requirement-scope expansion or unsupported assumption is introduced.,NOT_STARTED
IMP-169,WP12,5,PRD-HIST-004,FG-EMPLOYEE,Event history should not expose every routine daily HP delta; meaningful health transitions are the required user-facing,Implement the smallest owning-module slice that satisfies: Event history should not expose every routine daily HP delta; meaningful health transitions are the required user-facing events.,web-employee,frontend,P0,MVP_IN,WP04;WP06;WP07;WP08;WP09;WP10;WP11,Event history should not expose every routine daily HP delta; meaningful health transitions are the required user-facing events.,REQT-PRD-HIST-004,QA-S07,TZ_AI_Tamagotchi_v1.0 (1).docx :: §15.3,NO_RUNTIME_FLAG,NONE,Owning code/config is implemented; `REQT-PRD-HIST-004` passes; acceptance statement is demonstrably true; lint/typecheck/affected contract tests pass. No requirement-scope expansion or unsupported assumption is introduced.,NOT_STARTED
IMP-170,WP12,5,PRD-ANL-001,FG-EMPLOYEE,Company analytics visible to ordinary employees is aggregate/anonymous and must not expose identifying raw task data.,Implement the smallest owning-module slice that satisfies: Company analytics visible to ordinary employees is aggregate/anonymous and must not expose identifying raw task data.,web-employee,frontend,P0,MVP_IN,WP04;WP06;WP07;WP08;WP09;WP10;WP11,Company analytics visible to ordinary employees is aggregate/anonymous and must not expose identifying raw task data.,REQT-PRD-ANL-001,QA-S07,TZ_AI_Tamagotchi_v1.0 (1).docx :: §16,NO_RUNTIME_FLAG,NONE,Owning code/config is implemented; `REQT-PRD-ANL-001` passes; acceptance statement is demonstrably true; lint/typecheck/affected contract tests pass. No requirement-scope expansion or unsupported assumption is introduced.,NOT_STARTED
IMP-171,WP13,5,PRD-DIR-001,FG-MGMT,"Director Dashboard covers authorized headcount, Total/Average Score, directorate rank, task dynamics, C1–C5, top tools/c","Implement the smallest owning-module slice that satisfies: Director Dashboard covers authorized headcount, Total/Average Score, directorate rank, task dynamics, C1–C5, top tools/categories, goals and employee score/activity list.",web-management,frontend,P0,MVP_IN,WP04;WP09;WP10;WP11,"Director Dashboard covers authorized headcount, Total/Average Score, directorate rank, task dynamics, C1–C5, top tools/categories, goals and employee score/activity list.",REQT-PRD-DIR-001,QA-S08,TZ_AI_Tamagotchi_v1.0 (1).docx :: §17.1,NO_RUNTIME_FLAG,NONE,Owning code/config is implemented; `REQT-PRD-DIR-001` passes; acceptance statement is demonstrably true; lint/typecheck/affected contract tests pass. No requirement-scope expansion or unsupported assumption is introduced.,NOT_STARTED
IMP-172,WP13,5,PRD-DIR-002,FG-MGMT,Director can drill down to employee profile and concrete task inside own directorate.,Implement the smallest owning-module slice that satisfies: Director can drill down to employee profile and concrete task inside own directorate.,web-management,frontend,P0,MVP_IN,WP04;WP09;WP10;WP11,Director can drill down to employee profile and concrete task inside own directorate.,REQT-PRD-DIR-002,QA-S08,TZ_AI_Tamagotchi_v1.0 (1).docx :: §17.1,NO_RUNTIME_FLAG,NONE,Owning code/config is implemented; `REQT-PRD-DIR-002` passes; acceptance statement is demonstrably true; lint/typecheck/affected contract tests pass. No requirement-scope expansion or unsupported assumption is introduced.,NOT_STARTED
IMP-173,WP13,5,PRD-DIR-003,FG-MGMT,Do not invent a standalone Director 'risks/attention' block not defined by Product.,Implement the smallest owning-module slice that satisfies: Do not invent a standalone Director 'risks/attention' block not defined by Product.,web-management,frontend,P0,MVP_IN,WP04;WP09;WP10;WP11,Do not invent a standalone Director 'risks/attention' block not defined by Product.,REQT-PRD-DIR-003,QA-S08,TZ_AI_Tamagotchi_v1.0 (1).docx :: §17.1,NO_RUNTIME_FLAG,NONE,Owning code/config is implemented; `REQT-PRD-DIR-003` passes; acceptance statement is demonstrably true; lint/typecheck/affected contract tests pass. No requirement-scope expansion or unsupported assumption is introduced.,NOT_STARTED
IMP-174,WP13,5,PRD-EXEC-001,FG-MGMT,"Executive Dashboard covers company headcount, task count, average Score/employee, activity dynamics, C1–C5, top tools/ca","Implement the smallest owning-module slice that satisfies: Executive Dashboard covers company headcount, task count, average Score/employee, activity dynamics, C1–C5, top tools/categories, goals and directorate ranking.",web-management,frontend,P0,MVP_IN,WP04;WP09;WP10;WP11,"Executive Dashboard covers company headcount, task count, average Score/employee, activity dynamics, C1–C5, top tools/categories, goals and directorate ranking.",REQT-PRD-EXEC-001,QA-S08,TZ_AI_Tamagotchi_v1.0 (1).docx :: §17.2,NO_RUNTIME_FLAG,NONE,Owning code/config is implemented; `REQT-PRD-EXEC-001` passes; acceptance statement is demonstrably true; lint/typecheck/affected contract tests pass. No requirement-scope expansion or unsupported assumption is introduced.,NOT_STARTED
IMP-175,WP13,5,PRD-EXEC-002,FG-MGMT,Executive drilldown is company → directorate → employee → task.,Implement the smallest owning-module slice that satisfies: Executive drilldown is company → directorate → employee → task.,web-management,frontend,P0,MVP_IN,WP04;WP09;WP10;WP11,Executive drilldown is company → directorate → employee → task.,REQT-PRD-EXEC-002,QA-S08,TZ_AI_Tamagotchi_v1.0 (1).docx :: §17.2,NO_RUNTIME_FLAG,NONE,Owning code/config is implemented; `REQT-PRD-EXEC-002` passes; acceptance statement is demonstrably true; lint/typecheck/affected contract tests pass. No requirement-scope expansion or unsupported assumption is introduced.,NOT_STARTED
IMP-176,WP10,4,PRD-ADMIN-001,FG-ADMIN,"Admin modules cover employees/roles, directorates/directors, block/unblock/hide, calendar, taxonomy, AI tools/unrecogniz","Implement the smallest owning-module slice that satisfies: Admin modules cover employees/roles, directorates/directors, block/unblock/hide, calendar, taxonomy, AI tools/unrecognized tools, exports, technical scoring trace and audit logs.",admin-backend,backend,P0,MVP_IN,WP02;WP04;WP06,"Admin modules cover employees/roles, directorates/directors, block/unblock/hide, calendar, taxonomy, AI tools/unrecognized tools, exports, technical scoring trace and audit logs.",REQT-PRD-ADMIN-001,QA-S08,TZ_AI_Tamagotchi_v1.0 (1).docx :: §17.3; §21,NO_RUNTIME_FLAG,NONE,Owning code/config is implemented; `REQT-PRD-ADMIN-001` passes; acceptance statement is demonstrably true; lint/typecheck/affected contract tests pass. No requirement-scope expansion or unsupported assumption is introduced.,NOT_STARTED
IMP-177,WP10,4,PRD-TAX-001,FG-DIRECTORY,Task taxonomy has two managed levels Category → Subcategory plus free tags.,Implement the smallest owning-module slice that satisfies: Task taxonomy has two managed levels Category → Subcategory plus free tags.,taxonomy/tools,backend,P0,MVP_IN,WP02;WP04;WP06,Task taxonomy has two managed levels Category → Subcategory plus free tags.,REQT-PRD-TAX-001,QA-S09,TZ_AI_Tamagotchi_v1.0 (1).docx :: §18.1,NO_RUNTIME_FLAG,NONE,Owning code/config is implemented; `REQT-PRD-TAX-001` passes; acceptance statement is demonstrably true; lint/typecheck/affected contract tests pass. No requirement-scope expansion or unsupported assumption is introduced.,NOT_STARTED
IMP-178,WP10,4,PRD-TAX-002,FG-DIRECTORY,AI selects from the managed category/subcategory dictionary and must not create categories itself.,Implement the smallest owning-module slice that satisfies: AI selects from the managed category/subcategory dictionary and must not create categories itself.,taxonomy/tools,backend,P0,MVP_IN,WP02;WP04;WP06,AI selects from the managed category/subcategory dictionary and must not create categories itself.,REQT-PRD-TAX-002,QA-S09,TZ_AI_Tamagotchi_v1.0 (1).docx :: §18.1,NO_RUNTIME_FLAG,NONE,Owning code/config is implemented; `REQT-PRD-TAX-002` passes; acceptance statement is demonstrably true; lint/typecheck/affected contract tests pass. No requirement-scope expansion or unsupported assumption is introduced.,NOT_STARTED
IMP-179,WP10,4,PRD-TAX-003,FG-DIRECTORY,"Admin may add, rename and deactivate taxonomy entries; historical tasks are not automatically reclassified.","Implement the smallest owning-module slice that satisfies: Admin may add, rename and deactivate taxonomy entries; historical tasks are not automatically reclassified.",taxonomy/tools,backend,P0,MVP_IN,WP02;WP04;WP06,"Admin may add, rename and deactivate taxonomy entries; historical tasks are not automatically reclassified.",REQT-PRD-TAX-003,QA-S09,TZ_AI_Tamagotchi_v1.0 (1).docx :: §18.1,NO_RUNTIME_FLAG,NONE,Owning code/config is implemented; `REQT-PRD-TAX-003` passes; acceptance statement is demonstrably true; lint/typecheck/affected contract tests pass. No requirement-scope expansion or unsupported assumption is introduced.,NOT_STARTED
IMP-180,WP10,4,PRD-TAX-004,FG-DIRECTORY,Each task version records taxonomy_version; editing an old task classifies the new version with current taxonomy.,Implement the smallest owning-module slice that satisfies: Each task version records taxonomy_version; editing an old task classifies the new version with current taxonomy.,taxonomy/tools,backend,P0,MVP_IN,WP02;WP04;WP06,Each task version records taxonomy_version; editing an old task classifies the new version with current taxonomy.,REQT-PRD-TAX-004,QA-S09,TZ_AI_Tamagotchi_v1.0 (1).docx :: §18.1,NO_RUNTIME_FLAG,NONE,Owning code/config is implemented; `REQT-PRD-TAX-004` passes; acceptance statement is demonstrably true; lint/typecheck/affected contract tests pass. No requirement-scope expansion or unsupported assumption is introduced.,NOT_STARTED
IMP-181,WP10,4,PRD-TAX-005,FG-DIRECTORY,Top-level taxonomy begins with the Product v1.0 category set; subcategory depth remains two managed levels.,Implement the smallest owning-module slice that satisfies: Top-level taxonomy begins with the Product v1.0 category set; subcategory depth remains two managed levels.,taxonomy/tools,backend,P0,MVP_IN,WP02;WP04;WP06,Top-level taxonomy begins with the Product v1.0 category set; subcategory depth remains two managed levels.,REQT-PRD-TAX-005,QA-S09,TZ_AI_Tamagotchi_v1.0 (1).docx :: §18.1,NO_RUNTIME_FLAG,NONE,Owning code/config is implemented; `REQT-PRD-TAX-005` passes; acceptance statement is demonstrably true; lint/typecheck/affected contract tests pass. No requirement-scope expansion or unsupported assumption is introduced.,NOT_STARTED
IMP-182,WP10,4,PRD-TOOL-001,FG-DIRECTORY,AI tools use a centralized directory with canonical name and aliases.,Implement the smallest owning-module slice that satisfies: AI tools use a centralized directory with canonical name and aliases.,taxonomy/tools,backend,P0,MVP_IN,WP02;WP04;WP06,AI tools use a centralized directory with canonical name and aliases.,REQT-PRD-TOOL-001,QA-S09,TZ_AI_Tamagotchi_v1.0 (1).docx :: §18.2,NO_RUNTIME_FLAG,NONE,Owning code/config is implemented; `REQT-PRD-TOOL-001` passes; acceptance statement is demonstrably true; lint/typecheck/affected contract tests pass. No requirement-scope expansion or unsupported assumption is introduced.,NOT_STARTED
IMP-183,WP10,4,PRD-TOOL-002,FG-DIRECTORY,"A task may reference multiple tools and, when explicitly inferable, stores primary tool, tool role and usage order.","Implement the smallest owning-module slice that satisfies: A task may reference multiple tools and, when explicitly inferable, stores primary tool, tool role and usage order.",taxonomy/tools,backend,P0,MVP_IN,WP02;WP04;WP06,"A task may reference multiple tools and, when explicitly inferable, stores primary tool, tool role and usage order.",REQT-PRD-TOOL-002,QA-S09,TZ_AI_Tamagotchi_v1.0 (1).docx :: §18.2,NO_RUNTIME_FLAG,NONE,Owning code/config is implemented; `REQT-PRD-TOOL-002` passes; acceptance statement is demonstrably true; lint/typecheck/affected contract tests pass. No requirement-scope expansion or unsupported assumption is introduced.,NOT_STARTED
IMP-184,WP10,4,PRD-TOOL-003,FG-DIRECTORY,Unrecognized tool name is preserved and does not block the task; Admin may add it later.,Implement the smallest owning-module slice that satisfies: Unrecognized tool name is preserved and does not block the task; Admin may add it later.,taxonomy/tools,backend,P0,MVP_IN,WP02;WP04;WP06,Unrecognized tool name is preserved and does not block the task; Admin may add it later.,REQT-PRD-TOOL-003,QA-S09,TZ_AI_Tamagotchi_v1.0 (1).docx :: §18.2,NO_RUNTIME_FLAG,NONE,Owning code/config is implemented; `REQT-PRD-TOOL-003` passes; acceptance statement is demonstrably true; lint/typecheck/affected contract tests pass. No requirement-scope expansion or unsupported assumption is introduced.,NOT_STARTED
IMP-185,WP10,4,PRD-TOOL-004,FG-DIRECTORY,Tool model/version inside an AI service is not a required tracked field.,Implement the smallest owning-module slice that satisfies: Tool model/version inside an AI service is not a required tracked field.,taxonomy/tools,backend,P0,MVP_IN,WP02;WP04;WP06,Tool model/version inside an AI service is not a required tracked field.,REQT-PRD-TOOL-004,QA-S09,TZ_AI_Tamagotchi_v1.0 (1).docx :: §18.2,NO_RUNTIME_FLAG,NONE,Owning code/config is implemented; `REQT-PRD-TOOL-004` passes; acceptance statement is demonstrably true; lint/typecheck/affected contract tests pass. No requirement-scope expansion or unsupported assumption is introduced.,NOT_STARTED
IMP-186,WP10,4,PRD-NOTIF-001,FG-NOTIF,MVP notifications are in-app only.,Implement the smallest owning-module slice that satisfies: MVP notifications are in-app only.,notifications,backend,P0,MVP_IN,WP02;WP04;WP06,MVP notifications are in-app only.,REQT-PRD-NOTIF-001,QA-S09,TZ_AI_Tamagotchi_v1.0 (1).docx :: §19.1,ff.inAppNotifications,NONE,Owning code/config is implemented; `REQT-PRD-NOTIF-001` passes; acceptance statement is demonstrably true; lint/typecheck/affected contract tests pass. No requirement-scope expansion or unsupported assumption is introduced.,NOT_STARTED
IMP-187,WP10,4,PRD-NOTIF-002,FG-NOTIF,"Notification domains include pet health, Monthly Goals, streak, progress events and limited leaderboard events.","Implement the smallest owning-module slice that satisfies: Notification domains include pet health, Monthly Goals, streak, progress events and limited leaderboard events.",notifications,backend,P0,MVP_IN,WP02;WP04;WP06,"Notification domains include pet health, Monthly Goals, streak, progress events and limited leaderboard events.",REQT-PRD-NOTIF-002,QA-S09,TZ_AI_Tamagotchi_v1.0 (1).docx :: §19.1,ff.inAppNotifications,NONE,Owning code/config is implemented; `REQT-PRD-NOTIF-002` passes; acceptance statement is demonstrably true; lint/typecheck/affected contract tests pass. No requirement-scope expansion or unsupported assumption is introduced.,NOT_STARTED
IMP-188,WP10,4,PRD-ADMIN-002,FG-ADMIN,"Admin can manage directorates, transfers, directors, system role/status, block/unblock, exceptional manual employees and","Implement the smallest owning-module slice that satisfies: Admin can manage directorates, transfers, directors, system role/status, block/unblock, exceptional manual employees and personnel corrections.",admin-backend,backend,P0,MVP_IN,WP02;WP04;WP06,"Admin can manage directorates, transfers, directors, system role/status, block/unblock, exceptional manual employees and personnel corrections.",REQT-PRD-ADMIN-002,QA-S08,TZ_AI_Tamagotchi_v1.0 (1).docx :: §21.2,NO_RUNTIME_FLAG,NONE,Owning code/config is implemented; `REQT-PRD-ADMIN-002` passes; acceptance statement is demonstrably true; lint/typecheck/affected contract tests pass. No requirement-scope expansion or unsupported assumption is introduced.,NOT_STARTED
IMP-189,WP10,4,PRD-ADMIN-003,FG-ADMIN,"Administrative changes are auditable with actor, action, entity, old value, new value and timestamp.","Implement the smallest owning-module slice that satisfies: Administrative changes are auditable with actor, action, entity, old value, new value and timestamp.",admin-backend,backend,P0,MVP_IN,WP02;WP04;WP06,"Administrative changes are auditable with actor, action, entity, old value, new value and timestamp.",REQT-PRD-ADMIN-003,QA-S08,TZ_AI_Tamagotchi_v1.0 (1).docx :: §21.2,NO_RUNTIME_FLAG,NONE,Owning code/config is implemented; `REQT-PRD-ADMIN-003` passes; acceptance statement is demonstrably true; lint/typecheck/affected contract tests pass. No requirement-scope expansion or unsupported assumption is introduced.,NOT_STARTED
IMP-190,WP10,4,PRD-CAL-001,FG-ADMIN,"A single corporate calendar defines weekends, official holidays and manually added company non-working days.","Implement the smallest owning-module slice that satisfies: A single corporate calendar defines weekends, official holidays and manually added company non-working days.",admin-backend,backend,P0,MVP_IN,WP02;WP04;WP06,"A single corporate calendar defines weekends, official holidays and manually added company non-working days.",REQT-PRD-CAL-001,QA-S08,TZ_AI_Tamagotchi_v1.0 (1).docx :: §21.3,NO_RUNTIME_FLAG,NONE,Owning code/config is implemented; `REQT-PRD-CAL-001` passes; acceptance statement is demonstrably true; lint/typecheck/affected contract tests pass. No requirement-scope expansion or unsupported assumption is introduced.,NOT_STARTED
IMP-191,WP10,4,PRD-EXP-001,FG-EXPORT,Exports support XLSX and CSV with role-based scope.,Implement the smallest owning-module slice that satisfies: Exports support XLSX and CSV with role-based scope.,exports,backend,P0,MVP_IN,WP02;WP04;WP06,Exports support XLSX and CSV with role-based scope.,REQT-PRD-EXP-001,QA-S09,TZ_AI_Tamagotchi_v1.0 (1).docx :: §22,ff.exports,NONE,Owning code/config is implemented; `REQT-PRD-EXP-001` passes; acceptance statement is demonstrably true; lint/typecheck/affected contract tests pass. No requirement-scope expansion or unsupported assumption is introduced.,NOT_STARTED
IMP-192,WP10,4,PRD-EXP-002,FG-EXPORT,"Task-level export can represent current task version or, in audit mode, a specific historical version.","Implement the smallest owning-module slice that satisfies: Task-level export can represent current task version or, in audit mode, a specific historical version.",exports,backend,P0,MVP_IN,WP02;WP04;WP06,"Task-level export can represent current task version or, in audit mode, a specific historical version.",REQT-PRD-EXP-002,QA-S09,TZ_AI_Tamagotchi_v1.0 (1).docx :: §22.1,ff.exports,NONE,Owning code/config is implemented; `REQT-PRD-EXP-002` passes; acceptance statement is demonstrably true; lint/typecheck/affected contract tests pass. No requirement-scope expansion or unsupported assumption is introduced.,NOT_STARTED
IMP-193,WP02,1,PRD-DATA-001,FG-DATA,"Personnel identity, current directorate, application role/status and active state are represented separately from immuta","Implement the smallest owning-module slice that satisfies: Personnel identity, current directorate, application role/status and active state are represented separately from immutable task history.",db/audit/history,database/backend,P0,MVP_IN,WP00;WP01,"Personnel identity, current directorate, application role/status and active state are represented separately from immutable task history.",REQT-PRD-DATA-001,QA-S10,TZ_AI_Tamagotchi_v1.0 (1).docx :: §21; §23,NO_RUNTIME_FLAG,NONE,Owning code/config is implemented; `REQT-PRD-DATA-001` passes; acceptance statement is demonstrably true; lint/typecheck/affected contract tests pass. No requirement-scope expansion or unsupported assumption is introduced.,NOT_STARTED
IMP-194,WP02,1,PRD-DATA-002,FG-DATA,"Task/version data preserves raw input, normalized description, processing/classification output, timestamps and version ","Implement the smallest owning-module slice that satisfies: Task/version data preserves raw input, normalized description, processing/classification output, timestamps and version lineage needed for audit.",db/audit/history,database/backend,P0,MVP_IN,WP00;WP01,"Task/version data preserves raw input, normalized description, processing/classification output, timestamps and version lineage needed for audit.",REQT-PRD-DATA-002,QA-S10,TZ_AI_Tamagotchi_v1.0 (1).docx :: §23; §24,NO_RUNTIME_FLAG,NONE,Owning code/config is implemented; `REQT-PRD-DATA-002` passes; acceptance statement is demonstrably true; lint/typecheck/affected contract tests pass. No requirement-scope expansion or unsupported assumption is introduced.,NOT_STARTED
IMP-195,WP02,1,PRD-DATA-003,FG-DATA,"Task-tool mapping supports recognized/unrecognized tools, primary flag, role description and sequence when known.","Implement the smallest owning-module slice that satisfies: Task-tool mapping supports recognized/unrecognized tools, primary flag, role description and sequence when known.",db/audit/history,database/backend,P0,MVP_IN,WP00;WP01,"Task-tool mapping supports recognized/unrecognized tools, primary flag, role description and sequence when known.",REQT-PRD-DATA-003,QA-S10,TZ_AI_Tamagotchi_v1.0 (1).docx :: §23.9,NO_RUNTIME_FLAG,NONE,Owning code/config is implemented; `REQT-PRD-DATA-003` passes; acceptance statement is demonstrably true; lint/typecheck/affected contract tests pass. No requirement-scope expansion or unsupported assumption is introduced.,NOT_STARTED
IMP-196,WP02,1,PRD-DATA-004,FG-DATA,Task URLs are stored independently and can be removed without the application opening/analyzing them.,Implement the smallest owning-module slice that satisfies: Task URLs are stored independently and can be removed without the application opening/analyzing them.,db/audit/history,database/backend,P0,MVP_IN,WP00;WP01,Task URLs are stored independently and can be removed without the application opening/analyzing them.,REQT-PRD-DATA-004,QA-S10,TZ_AI_Tamagotchi_v1.0 (1).docx :: §23.10,NO_RUNTIME_FLAG,NONE,Owning code/config is implemented; `REQT-PRD-DATA-004` passes; acceptance statement is demonstrably true; lint/typecheck/affected contract tests pass. No requirement-scope expansion or unsupported assumption is introduced.,NOT_STARTED
IMP-197,WP02,1,PRD-DATA-005,FG-DATA,"Score accounting uses event/ledger semantics with deltas, source references, directorate attribution, SPB event date and","Implement the smallest owning-module slice that satisfies: Score accounting uses event/ledger semantics with deltas, source references, directorate attribution, SPB event date and reversal linkage.",db/audit/history,database/backend,P0,MVP_IN,WP00;WP01,"Score accounting uses event/ledger semantics with deltas, source references, directorate attribution, SPB event date and reversal linkage.",REQT-PRD-DATA-005,QA-S10,TZ_AI_Tamagotchi_v1.0 (1).docx :: §23.11; Appendix C,NO_RUNTIME_FLAG,NONE,Owning code/config is implemented; `REQT-PRD-DATA-005` passes; acceptance statement is demonstrably true; lint/typecheck/affected contract tests pass. No requirement-scope expansion or unsupported assumption is introduced.,NOT_STARTED
IMP-198,WP02,1,PRD-DATA-006,FG-DATA,"Pet state covers HP, health state, vacation, current/best streak, Evolution XP/stage/branch and coma recovery progress.","Implement the smallest owning-module slice that satisfies: Pet state covers HP, health state, vacation, current/best streak, Evolution XP/stage/branch and coma recovery progress.",db/audit/history,database/backend,P0,MVP_IN,WP00;WP01,"Pet state covers HP, health state, vacation, current/best streak, Evolution XP/stage/branch and coma recovery progress.",REQT-PRD-DATA-006,QA-S10,TZ_AI_Tamagotchi_v1.0 (1).docx :: §23.12,NO_RUNTIME_FLAG,NONE,Owning code/config is implemented; `REQT-PRD-DATA-006` passes; acceptance statement is demonstrably true; lint/typecheck/affected contract tests pass. No requirement-scope expansion or unsupported assumption is introduced.,NOT_STARTED
IMP-199,WP02,1,PRD-DATA-007,FG-DATA,"Daily activity preserves working-day/vacation context, task count and maximum Complexity needed to reproduce HP/streak.","Implement the smallest owning-module slice that satisfies: Daily activity preserves working-day/vacation context, task count and maximum Complexity needed to reproduce HP/streak.",db/audit/history,database/backend,P0,MVP_IN,WP00;WP01,"Daily activity preserves working-day/vacation context, task count and maximum Complexity needed to reproduce HP/streak.",REQT-PRD-DATA-007,QA-S10,TZ_AI_Tamagotchi_v1.0 (1).docx :: §23.13,NO_RUNTIME_FLAG,NONE,Owning code/config is implemented; `REQT-PRD-DATA-007` passes; acceptance statement is demonstrably true; lint/typecheck/affected contract tests pass. No requirement-scope expansion or unsupported assumption is introduced.,NOT_STARTED
IMP-200,WP02,1,PRD-AUDIT-001,FG-DATA,Task edit/delete/recalculation must remain reproducible through versioning and ledger/reversal semantics rather than des,Implement the smallest owning-module slice that satisfies: Task edit/delete/recalculation must remain reproducible through versioning and ledger/reversal semantics rather than destructive overwrite.,db/audit/history,database/backend,P0,MVP_IN,WP00;WP01,Task edit/delete/recalculation must remain reproducible through versioning and ledger/reversal semantics rather than destructive overwrite.,REQT-PRD-AUDIT-001,QA-S10,TZ_AI_Tamagotchi_v1.0 (1).docx :: §24; Appendix C,NO_RUNTIME_FLAG,NONE,Owning code/config is implemented; `REQT-PRD-AUDIT-001` passes; acceptance statement is demonstrably true; lint/typecheck/affected contract tests pass. No requirement-scope expansion or unsupported assumption is introduced.,NOT_STARTED
IMP-201,WP02,1,PRD-AUDIT-002,FG-DATA,End-of-day jobs must be idempotent and support safe recalculation after edit/delete.,Implement the smallest owning-module slice that satisfies: End-of-day jobs must be idempotent and support safe recalculation after edit/delete.,db/audit/history,database/backend,P0,MVP_IN,WP00;WP01,End-of-day jobs must be idempotent and support safe recalculation after edit/delete.,REQT-PRD-AUDIT-002,QA-S10,TZ_AI_Tamagotchi_v1.0 (1).docx :: Appendix C,NO_RUNTIME_FLAG,NONE,Owning code/config is implemented; `REQT-PRD-AUDIT-002` passes; acceptance statement is demonstrably true; lint/typecheck/affected contract tests pass. No requirement-scope expansion or unsupported assumption is introduced.,NOT_STARTED
IMP-202,WP02,1,PRD-AUDIT-003,FG-DATA,Goal rule_json must be declarative/backend-executable; free-form LLM judgment alone cannot decide goal completion.,Implement the smallest owning-module slice that satisfies: Goal rule_json must be declarative/backend-executable; free-form LLM judgment alone cannot decide goal completion.,db/audit/history,database/backend,P0,MVP_IN,WP00;WP01,Goal rule_json must be declarative/backend-executable; free-form LLM judgment alone cannot decide goal completion.,REQT-PRD-AUDIT-003,QA-S10,TZ_AI_Tamagotchi_v1.0 (1).docx :: Appendix C,NO_RUNTIME_FLAG,NONE,Owning code/config is implemented; `REQT-PRD-AUDIT-003` passes; acceptance statement is demonstrably true; lint/typecheck/affected contract tests pass. No requirement-scope expansion or unsupported assumption is introduced.,NOT_STARTED
IMP-203,WP03,1,PRD-EXT-001,FG-INTEGRATIONS,"Corporate Personnel integration is required, but protocol/base URL/auth/unique employee key/normalization/sync details a","Implement the smallest owning-module slice that satisfies: Corporate Personnel integration is required, but protocol/base URL/auth/unique employee key/normalization/sync details are not supplied and must not be invented.",platform/providers,backend,P0_EXTERNAL_INTEGRATION,MVP_IN_EXTERNAL_INTEGRATION,WP00;WP01,"Corporate Personnel integration is required, but protocol/base URL/auth/unique employee key/normalization/sync details are not supplied and must not be invented.",REQT-PRD-EXT-001,QA-S11,TZ_AI_Tamagotchi_v1.0 (1).docx :: §25; §5 Security note,NO_RUNTIME_FLAG,REAL_PROVIDER_CONTRACT_EVIDENCE,Owning code/config is implemented; `REQT-PRD-EXT-001` passes; acceptance statement is demonstrably true; lint/typecheck/affected contract tests pass. Mock contract path is complete; production-ready status additionally requires real authorized provider evidence and must remain explicitly open until supplied.,NOT_STARTED
IMP-204,WP03,1,PRD-EXT-002,FG-INTEGRATIONS,LLM and STT are provider dependencies; current source set does not freeze production vendor endpoint/credentials/model.,Implement the smallest owning-module slice that satisfies: LLM and STT are provider dependencies; current source set does not freeze production vendor endpoint/credentials/model.,platform/providers,backend,P0_EXTERNAL_INTEGRATION,MVP_IN_EXTERNAL_INTEGRATION,WP00;WP01,LLM and STT are provider dependencies; current source set does not freeze production vendor endpoint/credentials/model.,REQT-PRD-EXT-002,QA-S11,TZ_AI_Tamagotchi_v1.0 (1).docx :: §25; Readiness,NO_RUNTIME_FLAG,REAL_PROVIDER_CONTRACT_EVIDENCE,Owning code/config is implemented; `REQT-PRD-EXT-002` passes; acceptance statement is demonstrably true; lint/typecheck/affected contract tests pass. Mock contract path is complete; production-ready status additionally requires real authorized provider evidence and must remain explicitly open until supplied.,NOT_STARTED
IMP-205,WP15,6,PRD-NFR-001,FG-NFR,Application is online-first/online-only for data mutation and must handle network failure explicitly.,Implement and instrument the technical control needed to satisfy: Application is online-first/online-only for data mutation and must handle network failure explicitly.,platform/nfr,cross-cutting,P0,MVP_IN,WP02;WP03;WP04;WP05;WP06;WP10;WP11,Application is online-first/online-only for data mutation and must handle network failure explicitly.,REQT-PRD-NFR-001,QA-S21,TZ_AI_Tamagotchi_v1.0 (1).docx :: §3; §27,NO_RUNTIME_FLAG,NONE,Owning code/config is implemented; `REQT-PRD-NFR-001` passes; acceptance statement is demonstrably true; lint/typecheck/affected contract tests pass. No requirement-scope expansion or unsupported assumption is introduced.,NOT_STARTED
IMP-206,WP15,6,PRD-NFR-002,FG-NFR,"Role/object authorization, privacy and auditability are backend-enforced invariants.","Implement and instrument the technical control needed to satisfy: Role/object authorization, privacy and auditability are backend-enforced invariants.",platform/nfr,cross-cutting,P0,MVP_IN,WP02;WP03;WP04;WP05;WP06;WP10;WP11,"Role/object authorization, privacy and auditability are backend-enforced invariants.",REQT-PRD-NFR-002,QA-S21,TZ_AI_Tamagotchi_v1.0 (1).docx :: §4; §14; §24; §26,NO_RUNTIME_FLAG,NONE,Owning code/config is implemented; `REQT-PRD-NFR-002` passes; acceptance statement is demonstrably true; lint/typecheck/affected contract tests pass. No requirement-scope expansion or unsupported assumption is introduced.,NOT_STARTED
IMP-207,WP15,6,PRD-NFR-003,FG-NFR,No real production credentials/secrets are defined by the source set.,Implement and instrument the technical control needed to satisfy: No real production credentials/secrets are defined by the source set.,platform/nfr,cross-cutting,P0,MVP_IN,WP02;WP03;WP04;WP05;WP06;WP10;WP11,No real production credentials/secrets are defined by the source set.,REQT-PRD-NFR-003,QA-S21,TZ_AI_Tamagotchi_v1.0 (1).docx :: §25–27,NO_RUNTIME_FLAG,NONE,Owning code/config is implemented; `REQT-PRD-NFR-003` passes; acceptance statement is demonstrably true; lint/typecheck/affected contract tests pass. No requirement-scope expansion or unsupported assumption is introduced.,NOT_STARTED
IMP-208,WP14,5,VIS-ART-001,FG-VIS-ART,Visual concept = Modern Airport Companion: near-realistic Pulkovo world + Lyuboznayka emotional focus + strict modern ai,Implement the runtime/visual contract using only current approved handoff assets and fallback rules: Visual concept = Modern Airport Companion: near-realistic Pulkovo world + Lyuboznayka emotional focus + strict modern airport-inspired UI + restrained gamification.,web-visual-assets,frontend,P0,MVP_IN,WP11;WP12,Visual concept = Modern Airport Companion: near-realistic Pulkovo world + Lyuboznayka emotional focus + strict modern airport-inspired UI + restrained gamification.,REQT-VIS-ART-001,QA-S18,TZ_Design_Lyuboznayka_Pulkovo_v1.0.docx :: Design §1,NO_RUNTIME_FLAG,NONE,Owning code/config is implemented; `REQT-VIS-ART-001` passes; acceptance statement is demonstrably true; lint/typecheck/affected contract tests pass. No requirement-scope expansion or unsupported assumption is introduced.,NOT_STARTED
IMP-209,WP14,5,VIS-ART-002,FG-VIS-ART,Product should feel youthful/alive but not childish; playful emotionally but strict functionally; bright but not acidic/,Implement the runtime/visual contract using only current approved handoff assets and fallback rules: Product should feel youthful/alive but not childish; playful emotionally but strict functionally; bright but not acidic/free-to-play.,web-visual-assets,frontend,P0,MVP_IN,WP11;WP12,Product should feel youthful/alive but not childish; playful emotionally but strict functionally; bright but not acidic/free-to-play.,REQT-VIS-ART-002,QA-S18,TZ_Design_Lyuboznayka_Pulkovo_v1.0.docx :: Design §1.4,NO_RUNTIME_FLAG,NONE,Owning code/config is implemented; `REQT-VIS-ART-002` passes; acceptance statement is demonstrably true; lint/typecheck/affected contract tests pass. No requirement-scope expansion or unsupported assumption is introduced.,NOT_STARTED
IMP-210,WP14,5,VIS-ART-003,FG-VIS-ART,Do not use a domestic cozy-room concept or home décor as the primary environment.,Implement the runtime/visual contract using only current approved handoff assets and fallback rules: Do not use a domestic cozy-room concept or home décor as the primary environment.,web-visual-assets,frontend,P0,MVP_IN,WP11;WP12,Do not use a domestic cozy-room concept or home décor as the primary environment.,REQT-VIS-ART-003,QA-S18,TZ_Design_Lyuboznayka_Pulkovo_v1.0.docx :: Design §1.5,NO_RUNTIME_FLAG,NONE,Owning code/config is implemented; `REQT-VIS-ART-003` passes; acceptance statement is demonstrably true; lint/typecheck/affected contract tests pass. No requirement-scope expansion or unsupported assumption is introduced.,NOT_STARTED
IMP-211,WP14,5,VIS-ART-004,FG-VIS-ART,Retro digital-toy references are secondary only; no pixel/LCD/plastic-console identity as core UI.,Implement the runtime/visual contract using only current approved handoff assets and fallback rules: Retro digital-toy references are secondary only; no pixel/LCD/plastic-console identity as core UI.,web-visual-assets,frontend,P0,MVP_IN,WP11;WP12,Retro digital-toy references are secondary only; no pixel/LCD/plastic-console identity as core UI.,REQT-VIS-ART-004,QA-S18,TZ_Design_Lyuboznayka_Pulkovo_v1.0.docx :: Design §1.6,NO_RUNTIME_FLAG,NONE,Owning code/config is implemented; `REQT-VIS-ART-004` passes; acceptance statement is demonstrably true; lint/typecheck/affected contract tests pass. No requirement-scope expansion or unsupported assumption is introduced.,NOT_STARTED
IMP-212,WP14,5,VIS-MASCOT-001,FG-VIS-MASCOT,Canonical mascot is the exact approved user-supplied JPEG; derivatives must preserve that identity.,Implement the runtime/visual contract using only current approved handoff assets and fallback rules: Canonical mascot is the exact approved user-supplied JPEG; derivatives must preserve that identity.,web-3d/mascot,frontend,P0,MVP_IN,WP11;WP12,Canonical mascot is the exact approved user-supplied JPEG; derivatives must preserve that identity.,REQT-VIS-MASCOT-001,QA-S18,AI_TAMAGOTCHI_VISUAL_PACKAGE_v1.0/00_README/PROJECT_DECISION_OVERRIDE_v2.0.md :: Owner override §2,NO_RUNTIME_FLAG,NONE,Owning code/config is implemented; `REQT-VIS-MASCOT-001` passes; acceptance statement is demonstrably true; lint/typecheck/affected contract tests pass. No requirement-scope expansion or unsupported assumption is introduced.,NOT_STARTED
IMP-213,WP14,5,VIS-MASCOT-002,FG-VIS-MASCOT,"Mascot invariants: compact rounded body, huge glossy dark eyes, tiny beak, cream-white soft fur/feathers, warm beige/lig","Implement the runtime/visual contract using only current approved handoff assets and fallback rules: Mascot invariants: compact rounded body, huge glossy dark eyes, tiny beak, cream-white soft fur/feathers, warm beige/light-brown accents, short limbs, gentle curious expression.",web-3d/mascot,frontend,P0,MVP_IN,WP11;WP12,"Mascot invariants: compact rounded body, huge glossy dark eyes, tiny beak, cream-white soft fur/feathers, warm beige/light-brown accents, short limbs, gentle curious expression.",REQT-VIS-MASCOT-002,QA-S18,AI_TAMAGOTCHI_VISUAL_PACKAGE_v1.0/00_README/PROJECT_DECISION_OVERRIDE_v2.0.md :: Owner override §2,NO_RUNTIME_FLAG,NONE,Owning code/config is implemented; `REQT-VIS-MASCOT-002` passes; acceptance statement is demonstrably true; lint/typecheck/affected contract tests pass. No requirement-scope expansion or unsupported assumption is introduced.,NOT_STARTED
IMP-214,WP14,5,VIS-MASCOT-003,FG-VIS-MASCOT,Mascot rendering is semi/near-realistic stylized 3D; it must not become a realistic owl or flat cartoon.,Implement the runtime/visual contract using only current approved handoff assets and fallback rules: Mascot rendering is semi/near-realistic stylized 3D; it must not become a realistic owl or flat cartoon.,web-3d/mascot,frontend,P0,MVP_IN,WP11;WP12,Mascot rendering is semi/near-realistic stylized 3D; it must not become a realistic owl or flat cartoon.,REQT-VIS-MASCOT-003,QA-S18,TZ_Design_Lyuboznayka_Pulkovo_v1.0.docx :: Design §2,NO_RUNTIME_FLAG,NONE,Owning code/config is implemented; `REQT-VIS-MASCOT-003` passes; acceptance statement is demonstrably true; lint/typecheck/affected contract tests pass. No requirement-scope expansion or unsupported assumption is introduced.,NOT_STARTED
IMP-215,WP14,5,VIS-MASCOT-004,FG-VIS-MASCOT,Home is mascot-first; functional screens are function-first and must not decorate every control with mascot imagery.,Implement the runtime/visual contract using only current approved handoff assets and fallback rules: Home is mascot-first; functional screens are function-first and must not decorate every control with mascot imagery.,web-3d/mascot,frontend,P0,MVP_IN,WP11;WP12,Home is mascot-first; functional screens are function-first and must not decorate every control with mascot imagery.,REQT-VIS-MASCOT-004,QA-S18,TZ_Design_Lyuboznayka_Pulkovo_v1.0.docx :: Design §2.5–2.6,NO_RUNTIME_FLAG,NONE,Owning code/config is implemented; `REQT-VIS-MASCOT-004` passes; acceptance statement is demonstrably true; lint/typecheck/affected contract tests pass. No requirement-scope expansion or unsupported assumption is introduced.,NOT_STARTED
IMP-216,WP14,5,VIS-MASCOT-005,FG-VIS-MASCOT,Do not use a persistent first-person mascot speech bubble on Home; ambient copy remains deferrable.,Implement the runtime/visual contract using only current approved handoff assets and fallback rules: Do not use a persistent first-person mascot speech bubble on Home; ambient copy remains deferrable.,web-3d/mascot,frontend,P0_BASELINE_DEFERRED_FREEZE,MVP_IN_BASELINE_WITH_DEFERRED_FREEZE,WP11;WP12,Do not use a persistent first-person mascot speech bubble on Home; ambient copy remains deferrable.,REQT-VIS-MASCOT-005,QA-S18,AI_TAMAGOTCHI_VISUAL_PACKAGE_v1.0/00_README/OPEN_DECISIONS_FINAL.md :: Design §2.7 / Final audit,NO_RUNTIME_FLAG,FINAL_FREEZE_TUNING_OR_CURRENT_BASELINE,Owning code/config is implemented; `REQT-VIS-MASCOT-005` passes; acceptance statement is demonstrably true; lint/typecheck/affected contract tests pass. Current safe baseline/fallback is complete; any final numeric/art freeze remains separately visible rather than guessed.,NOT_STARTED
IMP-217,WP14,5,VIS-WORLD-001,FG-VIS-WORLD,Environment source of truth is the approved Pulkovo terminal-interior composition.,Implement the runtime/visual contract using only current approved handoff assets and fallback rules: Environment source of truth is the approved Pulkovo terminal-interior composition.,web-3d/world,frontend,P0,MVP_IN,WP11;WP12,Environment source of truth is the approved Pulkovo terminal-interior composition.,REQT-VIS-WORLD-001,QA-S18,AI_TAMAGOTCHI_VISUAL_PACKAGE_v1.0/00_README/PROJECT_DECISION_OVERRIDE_v2.0.md :: Owner override §3,NO_RUNTIME_FLAG,NONE,Owning code/config is implemented; `REQT-VIS-WORLD-001` passes; acceptance statement is demonstrably true; lint/typecheck/affected contract tests pass. No requirement-scope expansion or unsupported assumption is introduced.,NOT_STARTED
IMP-218,WP14,5,VIS-WORLD-002,FG-VIS-WORLD,"Pulkovo cues: tall bright terminal, warm faceted/golden ceiling, structural supports, glazing/daylight, reflective floor","Implement the runtime/visual contract using only current approved handoff assets and fallback rules: Pulkovo cues: tall bright terminal, warm faceted/golden ceiling, structural supports, glazing/daylight, reflective floor, airport counters/screens/passenger context and restrained people.",web-3d/world,frontend,P0,MVP_IN,WP11;WP12,"Pulkovo cues: tall bright terminal, warm faceted/golden ceiling, structural supports, glazing/daylight, reflective floor, airport counters/screens/passenger context and restrained people.",REQT-VIS-WORLD-002,QA-S18,AI_TAMAGOTCHI_VISUAL_PACKAGE_v1.0/00_README/PROJECT_DECISION_OVERRIDE_v2.0.md :: Owner override §3,NO_RUNTIME_FLAG,NONE,Owning code/config is implemented; `REQT-VIS-WORLD-002` passes; acceptance statement is demonstrably true; lint/typecheck/affected contract tests pass. No requirement-scope expansion or unsupported assumption is introduced.,NOT_STARTED
IMP-219,WP14,5,VIS-WORLD-003,FG-VIS-WORLD,Lyuboznayka remains foreground emotional focus; environment must not overpower it.,Implement the runtime/visual contract using only current approved handoff assets and fallback rules: Lyuboznayka remains foreground emotional focus; environment must not overpower it.,web-3d/world,frontend,P0,MVP_IN,WP11;WP12,Lyuboznayka remains foreground emotional focus; environment must not overpower it.,REQT-VIS-WORLD-003,QA-S18,AI_TAMAGOTCHI_VISUAL_PACKAGE_v1.0/00_README/PROJECT_DECISION_OVERRIDE_v2.0.md :: Owner override §3,NO_RUNTIME_FLAG,NONE,Owning code/config is implemented; `REQT-VIS-WORLD-003` passes; acceptance statement is demonstrably true; lint/typecheck/affected contract tests pass. No requirement-scope expansion or unsupported assumption is introduced.,NOT_STARTED
IMP-220,WP14,5,VIS-WORLD-004,FG-VIS-WORLD,Day lighting is implementation baseline; morning/evening/night remain derivative states.,Implement the runtime/visual contract using only current approved handoff assets and fallback rules: Day lighting is implementation baseline; morning/evening/night remain derivative states.,web-3d/world,frontend,P0_BASELINE_DEFERRED_FREEZE,MVP_IN_BASELINE_WITH_DEFERRED_FREEZE,WP11;WP12,Day lighting is implementation baseline; morning/evening/night remain derivative states.,REQT-VIS-WORLD-004,QA-S18,AI_TAMAGOTCHI_VISUAL_PACKAGE_v1.0/00_README/OPEN_DECISIONS_FINAL.md :: Final audit,ff.dynamicLightingVariants,FINAL_FREEZE_TUNING_OR_CURRENT_BASELINE,Owning code/config is implemented; `REQT-VIS-WORLD-004` passes; acceptance statement is demonstrably true; lint/typecheck/affected contract tests pass. Current safe baseline/fallback is complete; any final numeric/art freeze remains separately visible rather than guessed.,NOT_STARTED
IMP-221,WP12,5,VIS-HOME-001,FG-VIS-HOME,AI-задача UI semantics = completed AI-assisted work case; no future to-do lifecycle.,Implement the smallest owning-module slice that satisfies: AI-задача UI semantics = completed AI-assisted work case; no future to-do lifecycle.,web-home,frontend,P0,MVP_IN,WP04;WP06;WP07;WP08;WP09;WP10;WP11,AI-задача UI semantics = completed AI-assisted work case; no future to-do lifecycle.,REQT-VIS-HOME-001,QA-S16,AI_TAMAGOTCHI_VISUAL_PACKAGE_v1.0/00_README/PROJECT_DECISION_OVERRIDE_v2.0.md :: Owner override §4,NO_RUNTIME_FLAG,NONE,Owning code/config is implemented; `REQT-VIS-HOME-001` passes; acceptance statement is demonstrably true; lint/typecheck/affected contract tests pass. No requirement-scope expansion or unsupported assumption is introduced.,NOT_STARTED
IMP-222,WP12,5,VIS-HOME-002,FG-VIS-HOME,Mobile bottom navigation = Главная / История / Рейтинг / Профиль.,Implement the smallest owning-module slice that satisfies: Mobile bottom navigation = Главная / История / Рейтинг / Профиль.,web-home,frontend,P0,MVP_IN,WP04;WP06;WP07;WP08;WP09;WP10;WP11,Mobile bottom navigation = Главная / История / Рейтинг / Профиль.,REQT-VIS-HOME-002,QA-S16,AI_TAMAGOTCHI_VISUAL_PACKAGE_v1.0/00_README/PROJECT_DECISION_OVERRIDE_v2.0.md :: Owner override §4,NO_RUNTIME_FLAG,NONE,Owning code/config is implemented; `REQT-VIS-HOME-002` passes; acceptance statement is demonstrably true; lint/typecheck/affected contract tests pass. No requirement-scope expansion or unsupported assumption is introduced.,NOT_STARTED
IMP-223,WP12,5,VIS-HOME-003,FG-VIS-HOME,Home primary CTA = «Добавить AI-задачу».,Implement the smallest owning-module slice that satisfies: Home primary CTA = «Добавить AI-задачу».,web-home,frontend,P0,MVP_IN,WP04;WP06;WP07;WP08;WP09;WP10;WP11,Home primary CTA = «Добавить AI-задачу».,REQT-VIS-HOME-003,QA-S16,AI_TAMAGOTCHI_VISUAL_PACKAGE_v1.0/00_README/PROJECT_DECISION_OVERRIDE_v2.0.md :: Owner override §4,NO_RUNTIME_FLAG,NONE,Owning code/config is implemented; `REQT-VIS-HOME-003` passes; acceptance statement is demonstrably true; lint/typecheck/affected contract tests pass. No requirement-scope expansion or unsupported assumption is introduced.,NOT_STARTED
IMP-224,WP12,5,VIS-HOME-004,FG-VIS-HOME,Annual Score/rank is not persistently displayed on Home; use Rating/Profile contexts.,Implement the smallest owning-module slice that satisfies: Annual Score/rank is not persistently displayed on Home; use Rating/Profile contexts.,web-home,frontend,P0,MVP_IN,WP04;WP06;WP07;WP08;WP09;WP10;WP11,Annual Score/rank is not persistently displayed on Home; use Rating/Profile contexts.,REQT-VIS-HOME-004,QA-S16,AI_TAMAGOTCHI_VISUAL_PACKAGE_v1.0/00_README/PROJECT_DECISION_OVERRIDE_v2.0.md :: Owner override §4,NO_RUNTIME_FLAG,NONE,Owning code/config is implemented; `REQT-VIS-HOME-004` passes; acceptance statement is demonstrably true; lint/typecheck/affected contract tests pass. No requirement-scope expansion or unsupported assumption is introduced.,NOT_STARTED
IMP-225,WP12,5,VIS-HOME-005,FG-VIS-HOME,Evolution XP is not persistently displayed on Home; use Profile/Evolution/result contexts.,Implement the smallest owning-module slice that satisfies: Evolution XP is not persistently displayed on Home; use Profile/Evolution/result contexts.,web-home,frontend,P0,MVP_IN,WP04;WP06;WP07;WP08;WP09;WP10;WP11,Evolution XP is not persistently displayed on Home; use Profile/Evolution/result contexts.,REQT-VIS-HOME-005,QA-S16,AI_TAMAGOTCHI_VISUAL_PACKAGE_v1.0/00_README/PROJECT_DECISION_OVERRIDE_v2.0.md :: Owner override §4,NO_RUNTIME_FLAG,NONE,Owning code/config is implemented; `REQT-VIS-HOME-005` passes; acceptance statement is demonstrably true; lint/typecheck/affected contract tests pass. No requirement-scope expansion or unsupported assumption is introduced.,NOT_STARTED
IMP-226,WP12,5,VIS-HOME-006,FG-VIS-HOME,Home shows compact Monthly Goals progress only; full detail is elsewhere.,Implement the smallest owning-module slice that satisfies: Home shows compact Monthly Goals progress only; full detail is elsewhere.,web-home,frontend,P0,MVP_IN,WP04;WP06;WP07;WP08;WP09;WP10;WP11,Home shows compact Monthly Goals progress only; full detail is elsewhere.,REQT-VIS-HOME-006,QA-S16,AI_TAMAGOTCHI_VISUAL_PACKAGE_v1.0/00_README/PROJECT_DECISION_OVERRIDE_v2.0.md :: Owner override §4,NO_RUNTIME_FLAG,NONE,Owning code/config is implemented; `REQT-VIS-HOME-006` passes; acceptance statement is demonstrably true; lint/typecheck/affected contract tests pass. No requirement-scope expansion or unsupported assumption is introduced.,NOT_STARTED
IMP-227,WP12,5,VIS-HOME-007,FG-VIS-HOME,Home health presentation baseline = mascot state + detail-on-demand; no persistent numeric HP bar.,Implement the smallest owning-module slice that satisfies: Home health presentation baseline = mascot state + detail-on-demand; no persistent numeric HP bar.,web-home,frontend,P0_BASELINE_DEFERRED_FREEZE,MVP_IN_BASELINE_WITH_DEFERRED_FREEZE,WP04;WP06;WP07;WP08;WP09;WP10;WP11,Home health presentation baseline = mascot state + detail-on-demand; no persistent numeric HP bar.,REQT-VIS-HOME-007,QA-S16,AI_TAMAGOTCHI_VISUAL_PACKAGE_v1.0/00_README/OPEN_DECISIONS_FINAL.md :: Final audit,NO_RUNTIME_FLAG,FINAL_FREEZE_TUNING_OR_CURRENT_BASELINE,Owning code/config is implemented; `REQT-VIS-HOME-007` passes; acceptance statement is demonstrably true; lint/typecheck/affected contract tests pass. Current safe baseline/fallback is complete; any final numeric/art freeze remains separately visible rather than guessed.,NOT_STARTED
IMP-228,WP12,5,VIS-HOME-008,FG-VIS-HOME,Do not add permanent feed/play/learn/rest-style game-button row on Home.,Implement the smallest owning-module slice that satisfies: Do not add permanent feed/play/learn/rest-style game-button row on Home.,web-home,frontend,P0_BASELINE_DEFERRED_FREEZE,MVP_IN_BASELINE_WITH_DEFERRED_FREEZE,WP04;WP06;WP07;WP08;WP09;WP10;WP11,Do not add permanent feed/play/learn/rest-style game-button row on Home.,REQT-VIS-HOME-008,QA-S16,AI_TAMAGOTCHI_VISUAL_PACKAGE_v1.0/00_README/OPEN_DECISIONS_FINAL.md :: Final audit,NO_RUNTIME_FLAG,FINAL_FREEZE_TUNING_OR_CURRENT_BASELINE,Owning code/config is implemented; `REQT-VIS-HOME-008` passes; acceptance statement is demonstrably true; lint/typecheck/affected contract tests pass. Current safe baseline/fallback is complete; any final numeric/art freeze remains separately visible rather than guessed.,NOT_STARTED
IMP-229,WP11,2,VIS-DS-001,FG-VIS-DS,"Functional UI is light, strict, modern, airport-inspired with restrained amber/gold accent.","Implement the smallest owning-module slice that satisfies: Functional UI is light, strict, modern, airport-inspired with restrained amber/gold accent.",web-ui/design-system,frontend,P0,MVP_IN,WP00;WP01,"Functional UI is light, strict, modern, airport-inspired with restrained amber/gold accent.",REQT-VIS-DS-001,QA-S15,TZ_Design_Lyuboznayka_Pulkovo_v1.0.docx :: Design §6–7,NO_RUNTIME_FLAG,NONE,Owning code/config is implemented; `REQT-VIS-DS-001` passes; acceptance statement is demonstrably true; lint/typecheck/affected contract tests pass. No requirement-scope expansion or unsupported assumption is introduced.,NOT_STARTED
IMP-230,WP11,2,VIS-DS-002,FG-VIS-DS,Functional UX/readability takes priority over decorative 3D/gamification.,Implement the smallest owning-module slice that satisfies: Functional UX/readability takes priority over decorative 3D/gamification.,web-ui/design-system,frontend,P0,MVP_IN,WP00;WP01,Functional UX/readability takes priority over decorative 3D/gamification.,REQT-VIS-DS-002,QA-S15,TZ_Design_Lyuboznayka_Pulkovo_v1.0.docx :: Design §1.2,NO_RUNTIME_FLAG,NONE,Owning code/config is implemented; `REQT-VIS-DS-002` passes; acceptance statement is demonstrably true; lint/typecheck/affected contract tests pass. No requirement-scope expansion or unsupported assumption is introduced.,NOT_STARTED
IMP-231,WP11,2,VIS-DS-003,FG-VIS-DS,Use current Stage-20 token/component handoff rather than legacy component values.,Implement the smallest owning-module slice that satisfies: Use current Stage-20 token/component handoff rather than legacy component values.,web-ui/design-system,frontend,P0,MVP_IN,WP00;WP01,Use current Stage-20 token/component handoff rather than legacy component values.,REQT-VIS-DS-003,QA-S15,AI_TAMAGOTCHI_VISUAL_PACKAGE_v1.0/09_DEVELOPER_HANDOFF/HANDOFF_INDEX_v2.0.md :: Current handoff,NO_RUNTIME_FLAG,NONE,Owning code/config is implemented; `REQT-VIS-DS-003` passes; acceptance statement is demonstrably true; lint/typecheck/affected contract tests pass. No requirement-scope expansion or unsupported assumption is introduced.,NOT_STARTED
IMP-232,WP11,2,VIS-DS-004,FG-VIS-DS,Final runtime font is not frozen; Stage-20 baseline uses Inter + system fallbacks and must remain replaceable.,Implement the smallest owning-module slice that satisfies: Final runtime font is not frozen; Stage-20 baseline uses Inter + system fallbacks and must remain replaceable.,web-ui/design-system,frontend,P0_BASELINE_DEFERRED_FREEZE,MVP_IN_BASELINE_WITH_DEFERRED_FREEZE,WP00;WP01,Final runtime font is not frozen; Stage-20 baseline uses Inter + system fallbacks and must remain replaceable.,REQT-VIS-DS-004,QA-S15,AI_TAMAGOTCHI_VISUAL_PACKAGE_v1.0/00_README/OPEN_DECISIONS_FINAL.md :: Final audit,NO_RUNTIME_FLAG,FINAL_FREEZE_TUNING_OR_CURRENT_BASELINE,Owning code/config is implemented; `REQT-VIS-DS-004` passes; acceptance statement is demonstrably true; lint/typecheck/affected contract tests pass. Current safe baseline/fallback is complete; any final numeric/art freeze remains separately visible rather than guessed.,NOT_STARTED
IMP-233,WP11,2,VIS-DS-005,FG-VIS-DS,Current token palette is implementation baseline; final scene-level color calibration remains a freeze refinement.,Implement the smallest owning-module slice that satisfies: Current token palette is implementation baseline; final scene-level color calibration remains a freeze refinement.,web-ui/design-system,frontend,P0_BASELINE_DEFERRED_FREEZE,MVP_IN_BASELINE_WITH_DEFERRED_FREEZE,WP00;WP01,Current token palette is implementation baseline; final scene-level color calibration remains a freeze refinement.,REQT-VIS-DS-005,QA-S15,AI_TAMAGOTCHI_VISUAL_PACKAGE_v1.0/00_README/OPEN_DECISIONS_FINAL.md :: Final audit,NO_RUNTIME_FLAG,FINAL_FREEZE_TUNING_OR_CURRENT_BASELINE,Owning code/config is implemented; `REQT-VIS-DS-005` passes; acceptance statement is demonstrably true; lint/typecheck/affected contract tests pass. Current safe baseline/fallback is complete; any final numeric/art freeze remains separately visible rather than guessed.,NOT_STARTED
IMP-234,WP11,2,VIS-MOTION-001,FG-VIS-MOTION,Navigation motion is fast/restrained; mascot/feedback motion may be more elastic without impairing function.,Implement the smallest owning-module slice that satisfies: Navigation motion is fast/restrained; mascot/feedback motion may be more elastic without impairing function.,web-motion,frontend,P0,MVP_IN,WP00;WP01,Navigation motion is fast/restrained; mascot/feedback motion may be more elastic without impairing function.,REQT-VIS-MOTION-001,QA-S17,TZ_Design_Lyuboznayka_Pulkovo_v1.0.docx :: Design Motion,NO_RUNTIME_FLAG,NONE,Owning code/config is implemented; `REQT-VIS-MOTION-001` passes; acceptance statement is demonstrably true; lint/typecheck/affected contract tests pass. No requirement-scope expansion or unsupported assumption is introduced.,NOT_STARTED
IMP-235,WP11,2,VIS-MOTION-002,FG-VIS-MOTION,Reduced Motion behavior is mandatory; large bounce/squash/motion degrades to restrained fade/scale while preserving feed,Implement the smallest owning-module slice that satisfies: Reduced Motion behavior is mandatory; large bounce/squash/motion degrades to restrained fade/scale while preserving feedback.,web-motion,frontend,P0,MVP_IN,WP00;WP01,Reduced Motion behavior is mandatory; large bounce/squash/motion degrades to restrained fade/scale while preserving feedback.,REQT-VIS-MOTION-002,QA-S17,AI_TAMAGOTCHI_VISUAL_PACKAGE_v1.0/09_DEVELOPER_HANDOFF/HANDOFF_INDEX_v2.0.md :: Current motion handoff,NO_RUNTIME_FLAG,NONE,Owning code/config is implemented; `REQT-VIS-MOTION-002` passes; acceptance statement is demonstrably true; lint/typecheck/affected contract tests pass. No requirement-scope expansion or unsupported assumption is introduced.,NOT_STARTED
IMP-236,WP11,2,VIS-MOTION-003,FG-VIS-MOTION,Stage-20 motion values are the implementation baseline; final animation tuning remains open.,Implement the smallest owning-module slice that satisfies: Stage-20 motion values are the implementation baseline; final animation tuning remains open.,web-motion,frontend,P0_BASELINE_DEFERRED_FREEZE,MVP_IN_BASELINE_WITH_DEFERRED_FREEZE,WP00;WP01,Stage-20 motion values are the implementation baseline; final animation tuning remains open.,REQT-VIS-MOTION-003,QA-S17,AI_TAMAGOTCHI_VISUAL_PACKAGE_v1.0/00_README/OPEN_DECISIONS_FINAL.md :: Final audit,NO_RUNTIME_FLAG,FINAL_FREEZE_TUNING_OR_CURRENT_BASELINE,Owning code/config is implemented; `REQT-VIS-MOTION-003` passes; acceptance statement is demonstrably true; lint/typecheck/affected contract tests pass. Current safe baseline/fallback is complete; any final numeric/art freeze remains separately visible rather than guessed.,NOT_STARTED
IMP-237,WP11,2,VIS-RESP-001,FG-VIS-RESP,Mobile is primary; desktop/admin uses dedicated desktop information architecture rather than stretched mobile layouts.,Implement the smallest owning-module slice that satisfies: Mobile is primary; desktop/admin uses dedicated desktop information architecture rather than stretched mobile layouts.,web-responsive,frontend,P0,MVP_IN,WP00;WP01,Mobile is primary; desktop/admin uses dedicated desktop information architecture rather than stretched mobile layouts.,REQT-VIS-RESP-001,QA-S17,TZ_Design_Lyuboznayka_Pulkovo_v1.0.docx :: Design + handoff,NO_RUNTIME_FLAG,NONE,Owning code/config is implemented; `REQT-VIS-RESP-001` passes; acceptance statement is demonstrably true; lint/typecheck/affected contract tests pass. No requirement-scope expansion or unsupported assumption is introduced.,NOT_STARTED
IMP-238,WP11,2,VIS-RESP-002,FG-VIS-RESP,"Responsive 3D framing preserves mascot face/eyes, CTA and nav safe regions; mascot does not scale linearly with viewport","Implement the smallest owning-module slice that satisfies: Responsive 3D framing preserves mascot face/eyes, CTA and nav safe regions; mascot does not scale linearly with viewport width.",web-responsive,frontend,P0,MVP_IN,WP00;WP01,"Responsive 3D framing preserves mascot face/eyes, CTA and nav safe regions; mascot does not scale linearly with viewport width.",REQT-VIS-RESP-002,QA-S17,AI_TAMAGOTCHI_VISUAL_PACKAGE_v1.0/09_DEVELOPER_HANDOFF/HANDOFF_INDEX_v2.0.md :: Responsive handoff,NO_RUNTIME_FLAG,NONE,Owning code/config is implemented; `REQT-VIS-RESP-002` passes; acceptance statement is demonstrably true; lint/typecheck/affected contract tests pass. No requirement-scope expansion or unsupported assumption is introduced.,NOT_STARTED
IMP-239,WP14,5,VIS-3D-001,FG-3D,3D planning architecture = HYBRID and functional UI must remain usable when realtime 3D is unavailable.,Implement the smallest owning-module slice that satisfies: 3D planning architecture = HYBRID and functional UI must remain usable when realtime 3D is unavailable.,web-3d/runtime,frontend,P0,MVP_IN,WP11;WP12,3D planning architecture = HYBRID and functional UI must remain usable when realtime 3D is unavailable.,REQT-VIS-3D-001,QA-S20,AI_TAMAGOTCHI_VISUAL_PACKAGE_v1.0/00_README/PROJECT_DECISION_OVERRIDE_v2.0.md :: Owner override §4,ff.realtime3d,NONE,Owning code/config is implemented; `REQT-VIS-3D-001` passes; acceptance statement is demonstrably true; lint/typecheck/affected contract tests pass. No requirement-scope expansion or unsupported assumption is introduced.,NOT_STARTED
IMP-240,WP14,5,VIS-3D-002,FG-3D,Realtime baseline = Three.js + WebGL2-capable web/PWA + glTF 2.0/GLB.,Implement the smallest owning-module slice that satisfies: Realtime baseline = Three.js + WebGL2-capable web/PWA + glTF 2.0/GLB.,web-3d/runtime,frontend,P0,MVP_IN,WP11;WP12,Realtime baseline = Three.js + WebGL2-capable web/PWA + glTF 2.0/GLB.,REQT-VIS-3D-002,QA-S20,AI_TAMAGOTCHI_VISUAL_PACKAGE_v1.0/00_README/PROJECT_DECISION_OVERRIDE_v2.0.md :: Owner override §4,ff.realtime3d,NONE,Owning code/config is implemented; `REQT-VIS-3D-002` passes; acceptance statement is demonstrably true; lint/typecheck/affected contract tests pass. No requirement-scope expansion or unsupported assumption is introduced.,NOT_STARTED
IMP-241,WP14,5,VIS-3D-003,FG-3D,"3D coordinate convention = 1 unit = 1 meter, right-handed glTF, Y-up.","Implement the smallest owning-module slice that satisfies: 3D coordinate convention = 1 unit = 1 meter, right-handed glTF, Y-up.",web-3d/runtime,frontend,P0,MVP_IN,WP11;WP12,"3D coordinate convention = 1 unit = 1 meter, right-handed glTF, Y-up.",REQT-VIS-3D-003,QA-S20,AI_TAMAGOTCHI_VISUAL_PACKAGE_v1.0/00_README/PROJECT_DECISION_OVERRIDE_v2.0.md :: Owner override §4,ff.realtime3d,NONE,Owning code/config is implemented; `REQT-VIS-3D-003` passes; acceptance statement is demonstrably true; lint/typecheck/affected contract tests pass. No requirement-scope expansion or unsupported assumption is introduced.,NOT_STARTED
IMP-242,WP14,5,VIS-3D-004,FG-3D,Production visual runtime files may be consumed directly only from `08_PRODUCTION_EXPORTS/`.,Implement the smallest owning-module slice that satisfies: Production visual runtime files may be consumed directly only from `08_PRODUCTION_EXPORTS/`.,web-3d/runtime,frontend,P0,MVP_IN,WP11;WP12,Production visual runtime files may be consumed directly only from `08_PRODUCTION_EXPORTS/`.,REQT-VIS-3D-004,QA-S20,AI_TAMAGOTCHI_VISUAL_PACKAGE_v1.0/00_README/README_FINAL_PACKAGE_v2.0.md :: Final package README,ff.realtime3d,NONE,Owning code/config is implemented; `REQT-VIS-3D-004` passes; acceptance statement is demonstrably true; lint/typecheck/affected contract tests pass. No requirement-scope expansion or unsupported assumption is introduced.,NOT_STARTED
IMP-243,WP14,5,VIS-3D-005,FG-3D,Existing package GLBs are Stage-16 technical/proxy assets and must not be promoted as final production 3D.,Implement the smallest owning-module slice that satisfies: Existing package GLBs are Stage-16 technical/proxy assets and must not be promoted as final production 3D.,web-3d/runtime,frontend,P0,MVP_IN,WP11;WP12,Existing package GLBs are Stage-16 technical/proxy assets and must not be promoted as final production 3D.,REQT-VIS-3D-005,QA-S20,AI_TAMAGOTCHI_VISUAL_PACKAGE_v1.0/00_README/README_FINAL_PACKAGE_v2.0.md :: Final package audit,ff.realtime3d,NONE,Owning code/config is implemented; `REQT-VIS-3D-005` passes; acceptance statement is demonstrably true; lint/typecheck/affected contract tests pass. No requirement-scope expansion or unsupported assumption is introduced.,NOT_STARTED
IMP-244,WP14,5,VIS-3D-006,FG-3D,Final mascot/world production GLBs are external production dependencies; integrate through explicit interfaces and appro,Implement the smallest owning-module slice that satisfies: Final mascot/world production GLBs are external production dependencies; integrate through explicit interfaces and approved fallbacks.,web-3d/runtime,frontend,P0_EXTERNAL_ASSET_WITH_FALLBACK,MVP_IN_EXTERNAL_ASSET_WITH_FALLBACK,WP11;WP12,Final mascot/world production GLBs are external production dependencies; integrate through explicit interfaces and approved fallbacks.,REQT-VIS-3D-006,QA-S20,AI_TAMAGOTCHI_VISUAL_PACKAGE_v1.0/00_README/README_FINAL_PACKAGE_v2.0.md :: Final package audit,ff.realtime3d,FINAL_ASSET_OR_APPROVED_FALLBACK,Owning code/config is implemented; `REQT-VIS-3D-006` passes; acceptance statement is demonstrably true; lint/typecheck/affected contract tests pass. Approved fallback passes now; final external asset is never fabricated and remains an external gate until delivered.,NOT_STARTED
IMP-245,WP14,5,VIS-3D-007,FG-3D,KTX2 remains optional/unvalidated; compatible non-KTX2 path is current baseline.,Implement the smallest owning-module slice that satisfies: KTX2 remains optional/unvalidated; compatible non-KTX2 path is current baseline.,web-3d/runtime,frontend,DEFERRED_OPTIONAL,DEFERRED_OPTIONAL,WP11;WP12,KTX2 remains optional/unvalidated; compatible non-KTX2 path is current baseline.,REQT-VIS-3D-007,QA-S20,AI_TAMAGOTCHI_VISUAL_PACKAGE_v1.0/00_README/OPEN_DECISIONS_FINAL.md :: Final audit,ff.ktx2,OPTIONAL_DISABLED_BY_DEFAULT,Default-disabled behavior and safe fallback are implemented; `REQT-VIS-3D-007` passes; optional implementation is not required for MVP.,NOT_STARTED
IMP-246,WP14,5,VIS-3D-008,FG-3D,"LOD, memory and file-size numeric budgets are not benchmark-certified; no measured performance claim may be invented.","Implement the smallest owning-module slice that satisfies: LOD, memory and file-size numeric budgets are not benchmark-certified; no measured performance claim may be invented.",web-3d/runtime,frontend,P0_BASELINE_DEFERRED_FREEZE,MVP_IN_BASELINE_WITH_DEFERRED_FREEZE,WP11;WP12,"LOD, memory and file-size numeric budgets are not benchmark-certified; no measured performance claim may be invented.",REQT-VIS-3D-008,QA-S20,AI_TAMAGOTCHI_VISUAL_PACKAGE_v1.0/00_README/OPEN_DECISIONS_FINAL.md :: Final audit,ff.realtime3d,FINAL_FREEZE_TUNING_OR_CURRENT_BASELINE,Owning code/config is implemented; `REQT-VIS-3D-008` passes; acceptance statement is demonstrably true; lint/typecheck/affected contract tests pass. Current safe baseline/fallback is complete; any final numeric/art freeze remains separately visible rather than guessed.,NOT_STARTED
IMP-247,WP14,5,VIS-3D-009,FG-3D,Numeric camera/FOV/safe-zone and runtime-lighting values remain tuning items; use current framing/lighting specs as base,Implement the smallest owning-module slice that satisfies: Numeric camera/FOV/safe-zone and runtime-lighting values remain tuning items; use current framing/lighting specs as baseline.,web-3d/runtime,frontend,P0_BASELINE_DEFERRED_FREEZE,MVP_IN_BASELINE_WITH_DEFERRED_FREEZE,WP11;WP12,Numeric camera/FOV/safe-zone and runtime-lighting values remain tuning items; use current framing/lighting specs as baseline.,REQT-VIS-3D-009,QA-S20,AI_TAMAGOTCHI_VISUAL_PACKAGE_v1.0/00_README/OPEN_DECISIONS_FINAL.md :: Final audit,ff.realtime3d,FINAL_FREEZE_TUNING_OR_CURRENT_BASELINE,Owning code/config is implemented; `REQT-VIS-3D-009` passes; acceptance statement is demonstrably true; lint/typecheck/affected contract tests pass. Current safe baseline/fallback is complete; any final numeric/art freeze remains separately visible rather than guessed.,NOT_STARTED
IMP-248,WP14,5,VIS-ASSET-001,FG-VIS-ASSET,Old schematic Happy/Coma mascot fallbacks are deprecated; canonical-derived v2 fallbacks are current.,Implement the runtime/visual contract using only current approved handoff assets and fallback rules: Old schematic Happy/Coma mascot fallbacks are deprecated; canonical-derived v2 fallbacks are current.,web-asset-loader,frontend,P0,MVP_IN,WP11;WP12,Old schematic Happy/Coma mascot fallbacks are deprecated; canonical-derived v2 fallbacks are current.,REQT-VIS-ASSET-001,QA-S18,AI_TAMAGOTCHI_VISUAL_PACKAGE_v1.0/00_README/CURRENT_PROJECT_APPROVAL_STATUS_v2.0.md :: Current approval,NO_RUNTIME_FLAG,NONE,Owning code/config is implemented; `REQT-VIS-ASSET-001` passes; acceptance statement is demonstrably true; lint/typecheck/affected contract tests pass. No requirement-scope expansion or unsupported assumption is introduced.,NOT_STARTED
IMP-249,WP14,5,VIS-ASSET-002,FG-VIS-ASSET,Approved Pulkovo Home Day v2 fallback is current.,Implement the runtime/visual contract using only current approved handoff assets and fallback rules: Approved Pulkovo Home Day v2 fallback is current.,web-asset-loader,frontend,P0,MVP_IN,WP11;WP12,Approved Pulkovo Home Day v2 fallback is current.,REQT-VIS-ASSET-002,QA-S18,AI_TAMAGOTCHI_VISUAL_PACKAGE_v1.0/00_README/CURRENT_PROJECT_APPROVAL_STATUS_v2.0.md :: Current approval,NO_RUNTIME_FLAG,NONE,Owning code/config is implemented; `REQT-VIS-ASSET-002` passes; acceptance statement is demonstrably true; lint/typecheck/affected contract tests pass. No requirement-scope expansion or unsupported assumption is introduced.,NOT_STARTED
IMP-250,WP14,5,VIS-QA-001,FG-VIS-QA,Current Golden Screen set contains 17 v2 references: 15 mobile and 2 desktop.,Implement the runtime/visual contract using only current approved handoff assets and fallback rules: Current Golden Screen set contains 17 v2 references: 15 mobile and 2 desktop.,visual-regression,frontend,P0,MVP_IN,WP11;WP12,Current Golden Screen set contains 17 v2 references: 15 mobile and 2 desktop.,REQT-VIS-QA-001,QA-S18,AI_TAMAGOTCHI_VISUAL_PACKAGE_v1.0/00_README/CURRENT_PROJECT_APPROVAL_STATUS_v2.0.md :: Current remediation,NO_RUNTIME_FLAG,NONE,Owning code/config is implemented; `REQT-VIS-QA-001` passes; acceptance statement is demonstrably true; lint/typecheck/affected contract tests pass. No requirement-scope expansion or unsupported assumption is introduced.,NOT_STARTED
IMP-251,WP14,5,VIS-QA-002,FG-VIS-QA,Golden Screens are visual regression references and do not replace functional/performance runtime tests.,Implement the runtime/visual contract using only current approved handoff assets and fallback rules: Golden Screens are visual regression references and do not replace functional/performance runtime tests.,visual-regression,frontend,P0,MVP_IN,WP11;WP12,Golden Screens are visual regression references and do not replace functional/performance runtime tests.,REQT-VIS-QA-002,QA-S18,AI_TAMAGOTCHI_VISUAL_PACKAGE_v1.0/00_README/README_FINAL_PACKAGE_v2.0.md :: Visual QA / final audit,NO_RUNTIME_FLAG,NONE,Owning code/config is implemented; `REQT-VIS-QA-002` passes; acceptance statement is demonstrably true; lint/typecheck/affected contract tests pass. No requirement-scope expansion or unsupported assumption is introduced.,NOT_STARTED
IMP-252,WP01,1,VIS-RIGHTS-001,FG-GOV,Legal/brand/license/provenance workflow is WAIVED_NON_BLOCKING for project progression; this is not independent legal cl,Implement the release/evidence gate that represents this governance status without fabricating approval: Legal/brand/license/provenance workflow is WAIVED_NON_BLOCKING for project progression; this is not independent legal clearance.,release/governance-gate,cross-cutting/product-contract,P0,MVP_IN,WP00,Legal/brand/license/provenance workflow is WAIVED_NON_BLOCKING for project progression; this is not independent legal clearance.,REQT-VIS-RIGHTS-001,QA-S01,AI_TAMAGOTCHI_VISUAL_PACKAGE_v1.0/00_README/PROJECT_DECISION_OVERRIDE_v2.0.md :: Owner override §1,NO_RUNTIME_FLAG,NONE,Owning code/config is implemented; `REQT-VIS-RIGHTS-001` passes; acceptance statement is demonstrably true; lint/typecheck/affected contract tests pass. No requirement-scope expansion or unsupported assumption is introduced.,NOT_STARTED
IMP-253,WP14,5,VIS-PERF-001,FG-3D,Physical-device Stage-16 validation is WAIVED_NON_BLOCKING; no measured FPS/memory/load claim is authorized.,Implement the smallest owning-module slice that satisfies: Physical-device Stage-16 validation is WAIVED_NON_BLOCKING; no measured FPS/memory/load claim is authorized.,web-3d/runtime,frontend,P0,MVP_IN,WP11;WP12,Physical-device Stage-16 validation is WAIVED_NON_BLOCKING; no measured FPS/memory/load claim is authorized.,REQT-VIS-PERF-001,QA-S20,AI_TAMAGOTCHI_VISUAL_PACKAGE_v1.0/00_README/PROJECT_DECISION_OVERRIDE_v2.0.md :: Owner override §4,ff.realtime3d,NONE,Owning code/config is implemented; `REQT-VIS-PERF-001` passes; acceptance statement is demonstrably true; lint/typecheck/affected contract tests pass. No requirement-scope expansion or unsupported assumption is introduced.,NOT_STARTED
IMP-254,WP14,5,VIS-ART-005,FG-VIS-ART,Final app identity/logo must not be invented until supplied/approved.,Implement the runtime/visual contract using only current approved handoff assets and fallback rules: Final app identity/logo must not be invented until supplied/approved.,web-visual-assets,frontend,P0_BASELINE_DEFERRED_FREEZE,MVP_IN_BASELINE_WITH_DEFERRED_FREEZE,WP11;WP12,Final app identity/logo must not be invented until supplied/approved.,REQT-VIS-ART-005,QA-S18,AI_TAMAGOTCHI_VISUAL_PACKAGE_v1.0/00_README/OPEN_DECISIONS_FINAL.md :: Final audit,asset.finalBrandIdentityAvailable,FINAL_FREEZE_TUNING_OR_CURRENT_BASELINE,Owning code/config is implemented; `REQT-VIS-ART-005` passes; acceptance statement is demonstrably true; lint/typecheck/affected contract tests pass. Current safe baseline/fallback is complete; any final numeric/art freeze remains separately visible rather than guessed.,NOT_STARTED
IMP-255,WP14,5,VIS-ASSET-003,FG-VIS-ASSET,Release-specific achievement/cosmetic art may use generic badge/icon fallback; do not invent final release inventory.,Implement the runtime/visual contract using only current approved handoff assets and fallback rules: Release-specific achievement/cosmetic art may use generic badge/icon fallback; do not invent final release inventory.,web-asset-loader,frontend,P0_BASELINE_DEFERRED_FREEZE,MVP_IN_BASELINE_WITH_DEFERRED_FREEZE,WP11;WP12,Release-specific achievement/cosmetic art may use generic badge/icon fallback; do not invent final release inventory.,REQT-VIS-ASSET-003,QA-S18,AI_TAMAGOTCHI_VISUAL_PACKAGE_v1.0/00_README/OPEN_DECISIONS_FINAL.md :: Final audit,asset.releaseSpecificAchievementArtAvailable,FINAL_FREEZE_TUNING_OR_CURRENT_BASELINE,Owning code/config is implemented; `REQT-VIS-ASSET-003` passes; acceptance statement is demonstrably true; lint/typecheck/affected contract tests pass. Current safe baseline/fallback is complete; any final numeric/art freeze remains separately visible rather than guessed.,NOT_STARTED
IMP-256,WP14,5,VIS-ASSET-004,FG-VIS-ASSET,Final evolution-branch art must not be invented; canonical/base mascot treatment remains valid until branch assets exist,Implement the runtime/visual contract using only current approved handoff assets and fallback rules: Final evolution-branch art must not be invented; canonical/base mascot treatment remains valid until branch assets exist.,web-asset-loader,frontend,P0_BASELINE_DEFERRED_FREEZE,MVP_IN_BASELINE_WITH_DEFERRED_FREEZE,WP11;WP12,Final evolution-branch art must not be invented; canonical/base mascot treatment remains valid until branch assets exist.,REQT-VIS-ASSET-004,QA-S18,AI_TAMAGOTCHI_VISUAL_PACKAGE_v1.0/00_README/OPEN_DECISIONS_FINAL.md :: Final audit,asset.evolutionBranchArtAvailable,FINAL_FREEZE_TUNING_OR_CURRENT_BASELINE,Owning code/config is implemented; `REQT-VIS-ASSET-004` passes; acceptance statement is demonstrably true; lint/typecheck/affected contract tests pass. Current safe baseline/fallback is complete; any final numeric/art freeze remains separately visible rather than guessed.,NOT_STARTED
IMP-257,WP14,5,VIS-HANDOFF-001,FG-VIS-HANDOFF,Current developer consumption filenames are the Stage-20 canonical files named by the handoff index even where versioned,Implement the runtime/visual contract using only current approved handoff assets and fallback rules: Current developer consumption filenames are the Stage-20 canonical files named by the handoff index even where versioned lineage companions exist.,web-visual-contract,frontend,P0,MVP_IN,WP11;WP12,Current developer consumption filenames are the Stage-20 canonical files named by the handoff index even where versioned lineage companions exist.,REQT-VIS-HANDOFF-001,QA-S18,AI_TAMAGOTCHI_VISUAL_PACKAGE_v1.0/09_DEVELOPER_HANDOFF/HANDOFF_INDEX_v2.0.md :: Stage-20 handoff,NO_RUNTIME_FLAG,NONE,Owning code/config is implemented; `REQT-VIS-HANDOFF-001` passes; acceptance statement is demonstrably true; lint/typecheck/affected contract tests pass. No requirement-scope expansion or unsupported assumption is introduced.,NOT_STARTED
IMP-258,WP14,5,VIS-HANDOFF-002,FG-VIS-HANDOFF,No live Figma workspace/master link is available; file-based handoff is the current source.,Implement the runtime/visual contract using only current approved handoff assets and fallback rules: No live Figma workspace/master link is available; file-based handoff is the current source.,web-visual-contract,frontend,P0_BASELINE_DEFERRED_FREEZE,MVP_IN_BASELINE_WITH_DEFERRED_FREEZE,WP11;WP12,No live Figma workspace/master link is available; file-based handoff is the current source.,REQT-VIS-HANDOFF-002,QA-S18,AI_TAMAGOTCHI_VISUAL_PACKAGE_v1.0/00_README/OPEN_DECISIONS_FINAL.md :: Final audit,NO_RUNTIME_FLAG,FINAL_FREEZE_TUNING_OR_CURRENT_BASELINE,Owning code/config is implemented; `REQT-VIS-HANDOFF-002` passes; acceptance statement is demonstrably true; lint/typecheck/affected contract tests pass. Current safe baseline/fallback is complete; any final numeric/art freeze remains separately visible rather than guessed.,NOT_STARTED
IMP-259,WP14,5,PRD-AMBIENT-001,FG-AMBIENT,"Pet tone is cute, emotional and slightly naive but not overly childish; copy stays short and avoids corporate bureaucrac","Implement the smallest owning-module slice that satisfies: Pet tone is cute, emotional and slightly naive but not overly childish; copy stays short and avoids corporate bureaucracy, sarcasm and complex humor.",web-3d/ambient,frontend,P0,MVP_IN,WP11;WP12,"Pet tone is cute, emotional and slightly naive but not overly childish; copy stays short and avoids corporate bureaucracy, sarcasm and complex humor.",REQT-PRD-AMBIENT-001,QA-S20,TZ_AI_Tamagotchi_v1.0 (1).docx :: §19.2,ff.ambientContext,NONE,Owning code/config is implemented; `REQT-PRD-AMBIENT-001` passes; acceptance statement is demonstrably true; lint/typecheck/affected contract tests pass. No requirement-scope expansion or unsupported assumption is introduced.,NOT_STARTED
IMP-260,WP14,5,PRD-AMBIENT-002,FG-AMBIENT,Ambient mascot reactions/copy are limited to at most 1–2 occurrences per day.,Implement the smallest owning-module slice that satisfies: Ambient mascot reactions/copy are limited to at most 1–2 occurrences per day.,web-3d/ambient,frontend,P0,MVP_IN,WP11;WP12,Ambient mascot reactions/copy are limited to at most 1–2 occurrences per day.,REQT-PRD-AMBIENT-002,QA-S20,TZ_AI_Tamagotchi_v1.0 (1).docx :: §19.2 PET-010,ff.ambientContext,NONE,Owning code/config is implemented; `REQT-PRD-AMBIENT-002` passes; acceptance statement is demonstrably true; lint/typecheck/affected contract tests pass. No requirement-scope expansion or unsupported assumption is introduced.,NOT_STARTED
IMP-261,WP14,5,PRD-AMBIENT-003,FG-AMBIENT,"Ambient external context is limited to Saint Petersburg weather/temperature/precipitation, season, time of day, day of w","Implement the smallest owning-module slice that satisfies: Ambient external context is limited to Saint Petersburg weather/temperature/precipitation, season, time of day, day of week and official holidays.",web-3d/ambient,frontend,P0,MVP_IN,WP11;WP12,"Ambient external context is limited to Saint Petersburg weather/temperature/precipitation, season, time of day, day of week and official holidays.",REQT-PRD-AMBIENT-003,QA-S20,TZ_AI_Tamagotchi_v1.0 (1).docx :: §19.2 PET-011,ff.ambientContext,NONE,Owning code/config is implemented; `REQT-PRD-AMBIENT-003` passes; acceptance statement is demonstrably true; lint/typecheck/affected contract tests pass. No requirement-scope expansion or unsupported assumption is introduced.,NOT_STARTED
IMP-262,WP14,5,PRD-AMBIENT-004,FG-AMBIENT,"Ambient layer excludes news, politics and complex information search.","Implement the smallest owning-module slice that satisfies: Ambient layer excludes news, politics and complex information search.",web-3d/ambient,frontend,P0,MVP_IN,WP11;WP12,"Ambient layer excludes news, politics and complex information search.",REQT-PRD-AMBIENT-004,QA-S20,TZ_AI_Tamagotchi_v1.0 (1).docx :: §19.2 PET-012,ff.ambientContext,NONE,Owning code/config is implemented; `REQT-PRD-AMBIENT-004` passes; acceptance statement is demonstrably true; lint/typecheck/affected contract tests pass. No requirement-scope expansion or unsupported assumption is introduced.,NOT_STARTED
IMP-263,WP14,5,PRD-PETACT-001,FG-AMBIENT,"MVP includes lightweight pet actions such as petting, a short 2–3 second play interaction and call/visual reaction; they","Implement the smallest owning-module slice that satisfies: MVP includes lightweight pet actions such as petting, a short 2–3 second play interaction and call/visual reaction; they provide no gameplay advantage and use no sound.",web-3d/ambient,frontend,P0,MVP_IN,WP11;WP12,"MVP includes lightweight pet actions such as petting, a short 2–3 second play interaction and call/visual reaction; they provide no gameplay advantage and use no sound.",REQT-PRD-PETACT-001,QA-S20,TZ_AI_Tamagotchi_v1.0 (1).docx :: §19.3,ff.petLightInteractions,NONE,Owning code/config is implemented; `REQT-PRD-PETACT-001` passes; acceptance statement is demonstrably true; lint/typecheck/affected contract tests pass. No requirement-scope expansion or unsupported assumption is introduced.,NOT_STARTED
IMP-264,WP12,5,PRD-ACH-001,FG-ACH,Achievements / Collection user surface shows only earned achievements and cosmetics; it does not expose an invented lock,Implement the smallest owning-module slice that satisfies: Achievements / Collection user surface shows only earned achievements and cosmetics; it does not expose an invented locked catalog.,web-profile/achievements,frontend,P0,MVP_IN,WP04;WP06;WP07;WP08;WP09;WP10;WP11,Achievements / Collection user surface shows only earned achievements and cosmetics; it does not expose an invented locked catalog.,REQT-PRD-ACH-001,QA-S07,TZ_AI_Tamagotchi_v1.0 (1).docx :: §20.4 UX-003,NO_RUNTIME_FLAG,NONE,Owning code/config is implemented; `REQT-PRD-ACH-001` passes; acceptance statement is demonstrably true; lint/typecheck/affected contract tests pass. No requirement-scope expansion or unsupported assumption is introduced.,NOT_STARTED
IMP-265,WP15,6,PRD-NFR-004,FG-NFR,"Accessibility baseline includes readable contrast, scalable text, adequate touch targets, correct form labels and keyboa","Implement and instrument the technical control needed to satisfy: Accessibility baseline includes readable contrast, scalable text, adequate touch targets, correct form labels and keyboard support for web.",platform/nfr,cross-cutting,P0,MVP_IN,WP02;WP03;WP04;WP05;WP06;WP10;WP11,"Accessibility baseline includes readable contrast, scalable text, adequate touch targets, correct form labels and keyboard support for web.",REQT-PRD-NFR-004,QA-S21,TZ_AI_Tamagotchi_v1.0 (1).docx :: §27 Accessibility / NFR-010,NO_RUNTIME_FLAG,NONE,Owning code/config is implemented; `REQT-PRD-NFR-004` passes; acceptance statement is demonstrably true; lint/typecheck/affected contract tests pass. No requirement-scope expansion or unsupported assumption is introduced.,NOT_STARTED
IMP-266,WP15,6,PRD-NFR-005,FG-NFR,MVP UI language is Russian and user-facing strings must be externalized through a localization layer rather than hardcod,Implement and instrument the technical control needed to satisfy: MVP UI language is Russian and user-facing strings must be externalized through a localization layer rather than hardcoded.,platform/nfr,cross-cutting,P0,MVP_IN,WP02;WP03;WP04;WP05;WP06;WP10;WP11,MVP UI language is Russian and user-facing strings must be externalized through a localization layer rather than hardcoded.,REQT-PRD-NFR-005,QA-S21,TZ_AI_Tamagotchi_v1.0 (1).docx :: §27 Localization / NFR-011,NO_RUNTIME_FLAG,NONE,Owning code/config is implemented; `REQT-PRD-NFR-005` passes; acceptance statement is demonstrably true; lint/typecheck/affected contract tests pass. No requirement-scope expansion or unsupported assumption is introduced.,NOT_STARTED
IMP-267,WP15,6,PRD-NFR-006,FG-NFR,"Task-processing observability includes structured logs, metrics and tracing, with alerting for error rate, latency and q","Implement and instrument the technical control needed to satisfy: Task-processing observability includes structured logs, metrics and tracing, with alerting for error rate, latency and queue backlog.",platform/nfr,cross-cutting,P0,MVP_IN,WP02;WP03;WP04;WP05;WP06;WP10;WP11,"Task-processing observability includes structured logs, metrics and tracing, with alerting for error rate, latency and queue backlog.",REQT-PRD-NFR-006,QA-S21,TZ_AI_Tamagotchi_v1.0 (1).docx :: §27 Observability,NO_RUNTIME_FLAG,NONE,Owning code/config is implemented; `REQT-PRD-NFR-006` passes; acceptance statement is demonstrably true; lint/typecheck/affected contract tests pass. No requirement-scope expansion or unsupported assumption is introduced.,NOT_STARTED
IMP-268,WP15,6,PRD-NFR-007,FG-NFR,Directories and the event/history data model must support growth in employee count and indefinite history without changi,Implement and instrument the technical control needed to satisfy: Directories and the event/history data model must support growth in employee count and indefinite history without changing product semantics.,platform/nfr,cross-cutting,P0,MVP_IN,WP02;WP03;WP04;WP05;WP06;WP10;WP11,Directories and the event/history data model must support growth in employee count and indefinite history without changing product semantics.,REQT-PRD-NFR-007,QA-S21,TZ_AI_Tamagotchi_v1.0 (1).docx :: §27 Scalability,NO_RUNTIME_FLAG,NONE,Owning code/config is implemented; `REQT-PRD-NFR-007` passes; acceptance statement is demonstrably true; lint/typecheck/affected contract tests pass. No requirement-scope expansion or unsupported assumption is introduced.,NOT_STARTED
IMP-269,WP15,6,PRD-NFR-008,FG-NFR,Large-period exports must execute safely without blocking the interactive application interface.,Implement and instrument the technical control needed to satisfy: Large-period exports must execute safely without blocking the interactive application interface.,platform/nfr,cross-cutting,P0,MVP_IN,WP02;WP03;WP04;WP05;WP06;WP10;WP11,Large-period exports must execute safely without blocking the interactive application interface.,REQT-PRD-NFR-008,QA-S21,TZ_AI_Tamagotchi_v1.0 (1).docx :: §27 Data export,NO_RUNTIME_FLAG,NONE,Owning code/config is implemented; `REQT-PRD-NFR-008` passes; acceptance statement is demonstrably true; lint/typecheck/affected contract tests pass. No requirement-scope expansion or unsupported assumption is introduced.,NOT_STARTED
IMP-270,WP12,5,PRD-SCREEN-001,FG-SURFACE,"MVP screen surface covers onboarding, Monthly Goal setup, Home, Add AI case, Result, History Tasks/Events, employee/dire","Implement the smallest owning-module slice that satisfies: MVP screen surface covers onboarding, Monthly Goal setup, Home, Add AI case, Result, History Tasks/Events, employee/directorate ratings, anonymous analytics, public employee profile, Profile, Achievements/Collection, scoring explainer, Director Dashboard, Executive Dashboard and Admin Panel, interpreted through current v2 navigation/Home overrides.",web-routing,frontend,P0,MVP_IN,WP04;WP06;WP07;WP08;WP09;WP10;WP11,"MVP screen surface covers onboarding, Monthly Goal setup, Home, Add AI case, Result, History Tasks/Events, employee/directorate ratings, anonymous analytics, public employee profile, Profile, Achievements/Collection, scoring explainer, Director Dashboard, Executive Dashboard and Admin Panel, interpreted through current v2 navigation/Home overrides.",REQT-PRD-SCREEN-001,QA-S16,TZ_AI_Tamagotchi_v1.0 (1).docx :: Appendix A,NO_RUNTIME_FLAG,NONE,Owning code/config is implemented; `REQT-PRD-SCREEN-001` passes; acceptance statement is demonstrably true; lint/typecheck/affected contract tests pass. No requirement-scope expansion or unsupported assumption is introduced.,NOT_STARTED
IMP-271,WP15,6,PRD-QA-001,FG-NFR,"MVP acceptance criteria must be testable end-to-end and preserve product rules across task processing, game updates, goa","Implement and instrument the technical control needed to satisfy: MVP acceptance criteria must be testable end-to-end and preserve product rules across task processing, game updates, goals, authorization and history.",platform/nfr,cross-cutting,P0,MVP_IN,WP02;WP03;WP04;WP05;WP06;WP10;WP11,"MVP acceptance criteria must be testable end-to-end and preserve product rules across task processing, game updates, goals, authorization and history.",REQT-PRD-QA-001,QA-S21,TZ_AI_Tamagotchi_v1.0 (1).docx :: §28 Acceptance criteria,NO_RUNTIME_FLAG,NONE,Owning code/config is implemented; `REQT-PRD-QA-001` passes; acceptance statement is demonstrably true; lint/typecheck/affected contract tests pass. No requirement-scope expansion or unsupported assumption is introduced.,NOT_STARTED
IMP-272,WP01,1,PRD-FUTURE-001,FG-FUTURE,Automated retraining/evaluation loop for the scoring model is future scope and is not part of MVP.,Implement an explicit scope/config/API/UI guard so the MVP cannot expose this excluded capability: Automated retraining/evaluation loop for the scoring model is future scope and is not part of MVP.,config/scope-guards,cross-cutting/product-contract,FUTURE_UNSCHEDULED,FUTURE_UNSCHEDULED,WP00,Automated retraining/evaluation loop for the scoring model is future scope and is not part of MVP.,REQT-PRD-FUTURE-001,QA-S01,TZ_AI_Tamagotchi_v1.0 (1).docx :: §30 Future scope,ff.scoringRetrainingLoop,FUTURE_NOT_MVP,Scope guard is implemented; `REQT-PRD-FUTURE-001` proves the capability is absent/disabled in MVP; no hidden route/API/flag enables it.,NOT_STARTED
IMP-273,WP01,1,PRD-FUTURE-002,FG-FUTURE,A flexible retention policy replacing current indefinite retention is future scope; MVP keeps indefinite history as the ,Implement an explicit scope/config/API/UI guard so the MVP cannot expose this excluded capability: A flexible retention policy replacing current indefinite retention is future scope; MVP keeps indefinite history as the normative behavior.,config/scope-guards,cross-cutting/product-contract,FUTURE_UNSCHEDULED,FUTURE_UNSCHEDULED,WP00,A flexible retention policy replacing current indefinite retention is future scope; MVP keeps indefinite history as the normative behavior.,REQT-PRD-FUTURE-002,QA-S01,TZ_AI_Tamagotchi_v1.0 (1).docx :: §30 Future scope,ff.flexibleRetentionPolicy,FUTURE_NOT_MVP,Scope guard is implemented; `REQT-PRD-FUTURE-002` proves the capability is absent/disabled in MVP; no hidden route/API/flag enables it.,NOT_STARTED
IMP-274,WP01,1,PRD-FUTURE-003,FG-FUTURE,Public company analytics broken down by directorates is future scope and requires a separate product decision; current e,Implement an explicit scope/config/API/UI guard so the MVP cannot expose this excluded capability: Public company analytics broken down by directorates is future scope and requires a separate product decision; current employee-facing company analytics stays aggregate/anonymous.,config/scope-guards,cross-cutting/product-contract,FUTURE_UNSCHEDULED,FUTURE_UNSCHEDULED,WP00,Public company analytics broken down by directorates is future scope and requires a separate product decision; current employee-facing company analytics stays aggregate/anonymous.,REQT-PRD-FUTURE-003,QA-S01,TZ_AI_Tamagotchi_v1.0 (1).docx :: §30 Future scope,ff.publicDirectorateBreakdown,FUTURE_NOT_MVP,Scope guard is implemented; `REQT-PRD-FUTURE-003` proves the capability is absent/disabled in MVP; no hidden route/API/flag enables it.,NOT_STARTED
IMP-275,WP12,5,PRD-ACH-002,FG-ACH,"MVP content planning uses approximately 20–30 achievements as a working orientation; exact achievement inventory, reward","Implement the smallest owning-module slice that satisfies: MVP content planning uses approximately 20–30 achievements as a working orientation; exact achievement inventory, rewards and release-specific art remain content/balance items rather than a frozen mandatory list.",web-profile/achievements,frontend,P0_BASELINE_DEFERRED_FREEZE,MVP_IN_BASELINE_WITH_DEFERRED_FREEZE,WP04;WP06;WP07;WP08;WP09;WP10;WP11,"MVP content planning uses approximately 20–30 achievements as a working orientation; exact achievement inventory, rewards and release-specific art remain content/balance items rather than a frozen mandatory list.",REQT-PRD-ACH-002,QA-S07,TZ_AI_Tamagotchi_v1.0 (1).docx :: §29 Balance parameters,content.achievementInventoryFrozen,FINAL_FREEZE_TUNING_OR_CURRENT_BASELINE,Owning code/config is implemented; `REQT-PRD-ACH-002` passes; acceptance statement is demonstrably true; lint/typecheck/affected contract tests pass. Current safe baseline/fallback is complete; any final numeric/art freeze remains separately visible rather than guessed.,NOT_STARTED
IMP-276,WP03,1,PRD-EXT-003,FG-INTEGRATIONS,Weather API for Saint Petersburg ambient context is optional in MVP but anticipated by Product; its real provider contra,Implement the smallest owning-module slice that satisfies: Weather API for Saint Petersburg ambient context is optional in MVP but anticipated by Product; its real provider contract is not frozen.,platform/providers,backend,P0_OPTIONAL_EXTERNAL_INTEGRATION,MVP_IN_OPTIONAL_EXTERNAL_INTEGRATION,WP00;WP01,Weather API for Saint Petersburg ambient context is optional in MVP but anticipated by Product; its real provider contract is not frozen.,REQT-PRD-EXT-003,QA-S11,TZ_AI_Tamagotchi_v1.0 (1).docx :: §25 Integrations,dep.weatherProviderAvailable,OPTIONAL_PROVIDER_OR_DISABLED_PATH,Owning code/config is implemented; `REQT-PRD-EXT-003` passes; acceptance statement is demonstrably true; lint/typecheck/affected contract tests pass. Disabled/no-provider path passes; real-provider evidence is required only if the optional integration is enabled.,NOT_STARTED
IMP-277,WP06,3,PRD-AI-009,FG-AICASE,Plausibility checking uses versioned knowledge about AI-tool capabilities; permanent hardcoded capability claims are pro,"Implement the smallest owning-module slice that satisfies: Plausibility checking uses versioned knowledge about AI-tool capabilities; permanent hardcoded capability claims are prohibited, and uncertainty leads to clarification rather than accusation or automatic rejection.",case-workflow/task/ai-api,backend,P0,MVP_IN,WP04;WP05;WP02,"Plausibility checking uses versioned knowledge about AI-tool capabilities; permanent hardcoded capability claims are prohibited, and uncertainty leads to clarification rather than accusation or automatic rejection.",REQT-PRD-AI-009,QA-S03,TZ_AI_Tamagotchi_v1.0 (1).docx :: §25.1 Capability knowledge,NO_RUNTIME_FLAG,NONE,Owning code/config is implemented; `REQT-PRD-AI-009` passes; acceptance statement is demonstrably true; lint/typecheck/affected contract tests pass. No requirement-scope expansion or unsupported assumption is introduced.,NOT_STARTED
IMP-278,WP15,6,PRD-SEC-001,FG-SEC,All network connections use TLS.,Implement and instrument the technical control needed to satisfy: All network connections use TLS.,platform/security,cross-cutting,P0,MVP_IN,WP02;WP03;WP04;WP05;WP06;WP10;WP11,All network connections use TLS.,REQT-PRD-SEC-001,QA-S22,TZ_AI_Tamagotchi_v1.0 (1).docx :: §26.2 Security measures,NO_RUNTIME_FLAG,NONE,Owning code/config is implemented; `REQT-PRD-SEC-001` passes; acceptance statement is demonstrably true; lint/typecheck/affected contract tests pass. No requirement-scope expansion or unsupported assumption is introduced.,NOT_STARTED
IMP-279,WP15,6,PRD-SEC-002,FG-SEC,"Database and backups use encryption at rest, with particular control over raw task content and phone-number data.","Implement and instrument the technical control needed to satisfy: Database and backups use encryption at rest, with particular control over raw task content and phone-number data.",platform/security,cross-cutting,P0,MVP_IN,WP02;WP03;WP04;WP05;WP06;WP10;WP11,"Database and backups use encryption at rest, with particular control over raw task content and phone-number data.",REQT-PRD-SEC-002,QA-S22,TZ_AI_Tamagotchi_v1.0 (1).docx :: §26.2 Security measures,NO_RUNTIME_FLAG,NONE,Owning code/config is implemented; `REQT-PRD-SEC-002` passes; acceptance statement is demonstrably true; lint/typecheck/affected contract tests pass. No requirement-scope expansion or unsupported assumption is introduced.,NOT_STARTED
IMP-280,WP15,6,PRD-SEC-003,FG-SEC,AI endpoints have rate limiting / abuse protection.,Implement and instrument the technical control needed to satisfy: AI endpoints have rate limiting / abuse protection.,platform/security,cross-cutting,P0,MVP_IN,WP02;WP03;WP04;WP05;WP06;WP10;WP11,AI endpoints have rate limiting / abuse protection.,REQT-PRD-SEC-003,QA-S22,TZ_AI_Tamagotchi_v1.0 (1).docx :: §26.2 Security measures,NO_RUNTIME_FLAG,NONE,Owning code/config is implemented; `REQT-PRD-SEC-003` passes; acceptance statement is demonstrably true; lint/typecheck/affected contract tests pass. No requirement-scope expansion or unsupported assumption is introduced.,NOT_STARTED
IMP-281,WP15,6,PRD-SEC-004,FG-SEC,Secrets and provider keys are stored through a secrets-management mechanism and must not be placed in frontend code or r,Implement and instrument the technical control needed to satisfy: Secrets and provider keys are stored through a secrets-management mechanism and must not be placed in frontend code or repository configuration.,platform/security,cross-cutting,P0,MVP_IN,WP02;WP03;WP04;WP05;WP06;WP10;WP11,Secrets and provider keys are stored through a secrets-management mechanism and must not be placed in frontend code or repository configuration.,REQT-PRD-SEC-004,QA-S22,TZ_AI_Tamagotchi_v1.0 (1).docx :: §26.2 Security measures,NO_RUNTIME_FLAG,NONE,Owning code/config is implemented; `REQT-PRD-SEC-004` passes; acceptance statement is demonstrably true; lint/typecheck/affected contract tests pass. No requirement-scope expansion or unsupported assumption is introduced.,NOT_STARTED
IMP-282,WP15,6,PRD-SEC-005,FG-SEC,MVP delivery includes regular backup capability and a tested restore procedure.,Implement and instrument the technical control needed to satisfy: MVP delivery includes regular backup capability and a tested restore procedure.,platform/security,cross-cutting,P0,MVP_IN,WP02;WP03;WP04;WP05;WP06;WP10;WP11,MVP delivery includes regular backup capability and a tested restore procedure.,REQT-PRD-SEC-005,QA-S22,TZ_AI_Tamagotchi_v1.0 (1).docx :: §26.2 Security measures,NO_RUNTIME_FLAG,NONE,Owning code/config is implemented; `REQT-PRD-SEC-005` passes; acceptance statement is demonstrably true; lint/typecheck/affected contract tests pass. No requirement-scope expansion or unsupported assumption is introduced.,NOT_STARTED
IMP-283,WP15,6,PRD-SEC-006,FG-SEC,"Before industrial production launch, personal/work-data processing—especially through external LLM/STT APIs—requires a s","Implement and instrument the technical control needed to satisfy: Before industrial production launch, personal/work-data processing—especially through external LLM/STT APIs—requires a separate organizational legal/InfoSec review; this governance dependency does not authorize inventing production approval.",platform/security,cross-cutting,P0_EXTERNAL_GOVERNANCE,MVP_IN_WITH_EXTERNAL_GOVERNANCE_GATE,WP02;WP03;WP04;WP05;WP06;WP10;WP11,"Before industrial production launch, personal/work-data processing—especially through external LLM/STT APIs—requires a separate organizational legal/InfoSec review; this governance dependency does not authorize inventing production approval.",REQT-PRD-SEC-006,QA-S22,TZ_AI_Tamagotchi_v1.0 (1).docx :: §26.2 Security measures,NO_RUNTIME_FLAG,ORGANIZATIONAL_INFOSEC_LEGAL_APPROVAL,Owning code/config is implemented; `REQT-PRD-SEC-006` passes; acceptance statement is demonstrably true; lint/typecheck/affected contract tests pass. Automated production gate rejects missing external approval; actual organizational approval remains external evidence.,NOT_STARTED
IMP-284,WP15,6,PRD-NFR-009,FG-NFR,"Home, leaderboard and dashboard basic data have a Product target of p95 under 2 seconds at normal load; AI task processi","Implement and instrument the technical control needed to satisfy: Home, leaderboard and dashboard basic data have a Product target of p95 under 2 seconds at normal load; AI task processing may be asynchronous within the current session with a clear progress state.",platform/nfr,cross-cutting,P0,MVP_IN,WP02;WP03;WP04;WP05;WP06;WP10;WP11,"Home, leaderboard and dashboard basic data have a Product target of p95 under 2 seconds at normal load; AI task processing may be asynchronous within the current session with a clear progress state.",REQT-PRD-NFR-009,QA-S21,TZ_AI_Tamagotchi_v1.0 (1).docx :: §27 Performance,NO_RUNTIME_FLAG,NONE,Owning code/config is implemented; `REQT-PRD-NFR-009` passes; acceptance statement is demonstrably true; lint/typecheck/affected contract tests pass. No requirement-scope expansion or unsupported assumption is introduced.,NOT_STARTED
IMP-285,WP15,6,PRD-NFR-010,FG-NFR,The architecture must prevent loss of an accepted raw task input when downstream AI processing fails; the exact MVP avai,Implement and instrument the technical control needed to satisfy: The architecture must prevent loss of an accepted raw task input when downstream AI processing fails; the exact MVP availability SLA remains to be defined separately.,platform/nfr,cross-cutting,P0_BASELINE_DEFERRED_SLA,MVP_IN_BASELINE_WITH_DEFERRED_SLA,WP02;WP03;WP04;WP05;WP06;WP10;WP11,The architecture must prevent loss of an accepted raw task input when downstream AI processing fails; the exact MVP availability SLA remains to be defined separately.,REQT-PRD-NFR-010,QA-S21,TZ_AI_Tamagotchi_v1.0 (1).docx :: §27 Availability,NO_RUNTIME_FLAG,DOCUMENTED_NORMAL_LOAD_PROFILE,"Owning code/config is implemented; `REQT-PRD-NFR-010` passes; acceptance statement is demonstrably true; lint/typecheck/affected contract tests pass. Instrumentation/load test exists; final readiness uses a documented accepted normal-load profile, not an invented one.",NOT_STARTED
IMP-286,WP15,6,PRD-NFR-011,FG-NFR,"Task submission, scoring-ledger application, goal matching and daily close are idempotent.","Implement and instrument the technical control needed to satisfy: Task submission, scoring-ledger application, goal matching and daily close are idempotent.",platform/nfr,cross-cutting,P0,MVP_IN,WP02;WP03;WP04;WP05;WP06;WP10;WP11,"Task submission, scoring-ledger application, goal matching and daily close are idempotent.",REQT-PRD-NFR-011,QA-S21,TZ_AI_Tamagotchi_v1.0 (1).docx :: §27 Idempotency,NO_RUNTIME_FLAG,NONE,Owning code/config is implemented; `REQT-PRD-NFR-011` passes; acceptance statement is demonstrably true; lint/typecheck/affected contract tests pass. No requirement-scope expansion or unsupported assumption is introduced.,NOT_STARTED
IMP-287,WP12,5,PRD-PETTIMELINE-001,FG-EMPLOYEE,"Profile/history includes a compact Pet Timeline covering evolution stages, branch choice, major achievements, rare cosme","Implement the smallest owning-module slice that satisfies: Profile/history includes a compact Pet Timeline covering evolution stages, branch choice, major achievements, rare cosmetics and annual awards; routine daily HP changes are excluded.",web-employee,frontend,P0,MVP_IN,WP04;WP06;WP07;WP08;WP09;WP10;WP11,"Profile/history includes a compact Pet Timeline covering evolution stages, branch choice, major achievements, rare cosmetics and annual awards; routine daily HP changes are excluded.",REQT-PRD-PETTIMELINE-001,QA-S07,TZ_AI_Tamagotchi_v1.0 (1).docx :: §15.4 HIST-003,NO_RUNTIME_FLAG,NONE,Owning code/config is implemented; `REQT-PRD-PETTIMELINE-001` passes; acceptance statement is demonstrably true; lint/typecheck/affected contract tests pass. No requirement-scope expansion or unsupported assumption is introduced.,NOT_STARTED
IMP-288,WP12,5,PRD-ANL-002,FG-EMPLOYEE,"Employee-facing anonymous Company Analytics supports current month, previous month, current year and custom-period filte","Implement the smallest owning-module slice that satisfies: Employee-facing anonymous Company Analytics supports current month, previous month, current year and custom-period filters, with comparison to a comparable previous period for key KPIs.",web-employee,frontend,P0,MVP_IN,WP04;WP06;WP07;WP08;WP09;WP10;WP11,"Employee-facing anonymous Company Analytics supports current month, previous month, current year and custom-period filters, with comparison to a comparable previous period for key KPIs.",REQT-PRD-ANL-002,QA-S07,TZ_AI_Tamagotchi_v1.0 (1).docx :: §16 AN-002,NO_RUNTIME_FLAG,NONE,Owning code/config is implemented; `REQT-PRD-ANL-002` passes; acceptance statement is demonstrably true; lint/typecheck/affected contract tests pass. No requirement-scope expansion or unsupported assumption is introduced.,NOT_STARTED
IMP-289,WP12,5,PRD-ANL-003,FG-EMPLOYEE,Employee-facing anonymous Company Analytics does not include a separate AI Maturity Trends block and does not compare di,Implement the smallest owning-module slice that satisfies: Employee-facing anonymous Company Analytics does not include a separate AI Maturity Trends block and does not compare directorates.,web-employee,frontend,P0,MVP_IN,WP04;WP06;WP07;WP08;WP09;WP10;WP11,Employee-facing anonymous Company Analytics does not include a separate AI Maturity Trends block and does not compare directorates.,REQT-PRD-ANL-003,QA-S07,TZ_AI_Tamagotchi_v1.0 (1).docx :: §16 AN-003,NO_RUNTIME_FLAG,NONE,Owning code/config is implemented; `REQT-PRD-ANL-003` passes; acceptance statement is demonstrably true; lint/typecheck/affected contract tests pass. No requirement-scope expansion or unsupported assumption is introduced.,NOT_STARTED
IMP-290,WP01,1,PRD-FUTURE-004,FG-FUTURE,SSO / Entra ID / 2FA replacing the current static personnel verification is future scope and requires a later production,Implement an explicit scope/config/API/UI guard so the MVP cannot expose this excluded capability: SSO / Entra ID / 2FA replacing the current static personnel verification is future scope and requires a later production-auth decision.,config/scope-guards,cross-cutting/product-contract,FUTURE_UNSCHEDULED,FUTURE_UNSCHEDULED,WP00,SSO / Entra ID / 2FA replacing the current static personnel verification is future scope and requires a later production-auth decision.,REQT-PRD-FUTURE-004,QA-S01,TZ_AI_Tamagotchi_v1.0 (1).docx :: §30 Future scope,ff.productionSso,FUTURE_NOT_MVP,Scope guard is implemented; `REQT-PRD-FUTURE-004` proves the capability is absent/disabled in MVP; no hidden route/API/flag enables it.,NOT_STARTED
IMP-291,WP01,1,PRD-FUTURE-005,FG-FUTURE,HR-system integration for automatic vacation status is future scope.,Implement an explicit scope/config/API/UI guard so the MVP cannot expose this excluded capability: HR-system integration for automatic vacation status is future scope.,config/scope-guards,cross-cutting/product-contract,FUTURE_UNSCHEDULED,FUTURE_UNSCHEDULED,WP00,HR-system integration for automatic vacation status is future scope.,REQT-PRD-FUTURE-005,QA-S01,TZ_AI_Tamagotchi_v1.0 (1).docx :: §30 Future scope,ff.hrVacationSync,FUTURE_NOT_MVP,Scope guard is implemented; `REQT-PRD-FUTURE-005` proves the capability is absent/disabled in MVP; no hidden route/API/flag enables it.,NOT_STARTED
IMP-292,WP01,1,PRD-FUTURE-006,FG-FUTURE,Automatic analysis of attached/external resources under a separate security model is future scope.,Implement an explicit scope/config/API/UI guard so the MVP cannot expose this excluded capability: Automatic analysis of attached/external resources under a separate security model is future scope.,config/scope-guards,cross-cutting/product-contract,FUTURE_UNSCHEDULED,FUTURE_UNSCHEDULED,WP00,Automatic analysis of attached/external resources under a separate security model is future scope.,REQT-PRD-FUTURE-006,QA-S01,TZ_AI_Tamagotchi_v1.0 (1).docx :: §30 Future scope,ff.resourceAnalysis,FUTURE_NOT_MVP,Scope guard is implemented; `REQT-PRD-FUTURE-006` proves the capability is absent/disabled in MVP; no hidden route/API/flag enables it.,NOT_STARTED
IMP-293,WP01,1,PRD-FUTURE-007,FG-FUTURE,Advanced AI maturity analytics is future scope.,Implement an explicit scope/config/API/UI guard so the MVP cannot expose this excluded capability: Advanced AI maturity analytics is future scope.,config/scope-guards,cross-cutting/product-contract,FUTURE_UNSCHEDULED,FUTURE_UNSCHEDULED,WP00,Advanced AI maturity analytics is future scope.,REQT-PRD-FUTURE-007,QA-S01,TZ_AI_Tamagotchi_v1.0 (1).docx :: §30 Future scope,ff.advancedMaturityAnalytics,FUTURE_NOT_MVP,Scope guard is implemented; `REQT-PRD-FUTURE-007` proves the capability is absent/disabled in MVP; no hidden route/API/flag enables it.,NOT_STARTED
IMP-294,WP01,1,PRD-FUTURE-008,FG-FUTURE,Additional pets/mascots beyond the canonical Lyuboznayka are future scope.,Implement an explicit scope/config/API/UI guard so the MVP cannot expose this excluded capability: Additional pets/mascots beyond the canonical Lyuboznayka are future scope.,config/scope-guards,cross-cutting/product-contract,FUTURE_UNSCHEDULED,FUTURE_UNSCHEDULED,WP00,Additional pets/mascots beyond the canonical Lyuboznayka are future scope.,REQT-PRD-FUTURE-008,QA-S01,TZ_AI_Tamagotchi_v1.0 (1).docx :: §30 Future scope,ff.additionalMascots,FUTURE_NOT_MVP,Scope guard is implemented; `REQT-PRD-FUTURE-008` proves the capability is absent/disabled in MVP; no hidden route/API/flag enables it.,NOT_STARTED
